text,label
get scholarship without merit no test required click unknown link,fake
Punjab Board published merit list for academic session 2025,real
University of Punjab started registration process under government policy,real
free admission guaranteed 100% guaranteed register via telegram,fake
get job without exam no test required click unknown link,fake
earn 5000 rupees daily without verification register via telegram,fake
free admission guaranteed no merit needed contact agent on whatsapp,fake
receive cash reward without verification pay registration fee,fake
free admission guaranteed without verification click unknown link,fake
free admission guaranteed no test required send money on easypaisa,fake
get scholarship without merit no merit needed pay registration fee,fake
earn 5000 rupees daily no merit needed click unknown link,fake
KPK Education Department started registration process via official website,real
Ministry of Education Pakistan published merit list for university admissions,real
get job without exam without verification click unknown link,fake
FBISE issued official circular for intermediate students,real
University of Punjab opened admission portal via official website,real
get scholarship without merit no merit needed register via telegram,fake
Sindh Board issued official circular for university admissions,real
Sindh Board released result notification for academic session 2025,real
earn 5000 rupees daily without verification contact agent on whatsapp,fake
FBISE updated curriculum for intermediate students,real
free admission guaranteed no merit needed send money on easypaisa,fake
Punjab Board released result notification for intermediate students,real
Sindh Board started registration process for intermediate students,real
Punjab Board opened admission portal for university admissions,real
Ministry of Education Pakistan started registration process under government policy,real
receive cash reward no merit needed pay registration fee,fake
receive cash reward 100% guaranteed contact agent on whatsapp,fake
free admission guaranteed no merit needed join whatsapp group,fake
Punjab Board started registration process for academic session 2025,real
Punjab Board published merit list for academic session 2025,real
receive cash reward instant approval join whatsapp group,fake
free admission guaranteed no merit needed pay registration fee,fake
Ministry of Education Pakistan started registration process for academic session 2025,real
earn 5000 rupees daily no test required send money on easypaisa,fake
earn 5000 rupees daily no merit needed pay registration fee,fake
get scholarship without merit 100% guaranteed join whatsapp group,fake
get free laptop instantly 100% guaranteed click unknown link,fake
get scholarship without merit no merit needed register via telegram,fake
University of Punjab opened admission portal for academic session 2025,real
free admission guaranteed 100% guaranteed join whatsapp group,fake
FBISE approved scholarship program under government policy,real
earn 5000 rupees daily 100% guaranteed contact agent on whatsapp,fake
receive cash reward no test required join whatsapp group,fake
free admission guaranteed no merit needed send money on easypaisa,fake
get job without exam no test required pay registration fee,fake
free admission guaranteed no merit needed contact agent on whatsapp,fake
get free laptop instantly instant approval pay registration fee,fake
get job without exam 100% guaranteed click unknown link,fake
receive cash reward 100% guaranteed join whatsapp group,fake
Ministry of Education Pakistan published merit list for intermediate students,real
University of Punjab released result notification for all districts of Pakistan,real
HEC Pakistan updated curriculum for all districts of Pakistan,real
get job without exam without verification register via telegram,fake
receive cash reward no test required send money on easypaisa,fake
University of Punjab announced exam schedule for university admissions,real
free admission guaranteed 100% guaranteed pay registration fee,fake
Sindh Board opened admission portal for all districts of Pakistan,real
Punjab Board declared exam dates for all districts of Pakistan,real
HEC Pakistan released date sheet via official website,real
KPK Education Department declared exam dates via official website,real
Sindh Board opened admission portal for intermediate students,real
free admission guaranteed 100% guaranteed pay registration fee,fake
free admission guaranteed 100% guaranteed pay registration fee,fake
receive cash reward no merit needed send money on easypaisa,fake
Sindh Board announced exam schedule under government policy,real
get scholarship without merit without verification pay registration fee,fake
earn 5000 rupees daily without verification click unknown link,fake
free admission guaranteed no test required click unknown link,fake
FBISE declared exam dates for intermediate students,real
FBISE announced exam schedule under government policy,real
HEC Pakistan released result notification for academic session 2025,real
earn 5000 rupees daily 100% guaranteed pay registration fee,fake
receive cash reward without verification send money on easypaisa,fake
receive cash reward no merit needed click unknown link,fake
KPK Education Department approved scholarship program via official website,real
get job without exam 100% guaranteed register via telegram,fake
Sindh Board released result notification for university admissions,real
receive cash reward no merit needed register via telegram,fake
KPK Education Department announced exam schedule for academic session 2025,real
get job without exam without verification pay registration fee,fake
free admission guaranteed without verification pay registration fee,fake
Sindh Board started registration process under government policy,real
get job without exam without verification join whatsapp group,fake
get job without exam 100% guaranteed pay registration fee,fake
KPK Education Department published merit list for all districts of Pakistan,real
University of Punjab declared exam dates for intermediate students,real
earn 5000 rupees daily no test required contact agent on whatsapp,fake
Ministry of Education Pakistan declared exam dates for all districts of Pakistan,real
get job without exam no test required contact agent on whatsapp,fake
free admission guaranteed without verification register via telegram,fake
Ministry of Education Pakistan declared exam dates via official website,real
earn 5000 rupees daily no merit needed contact agent on whatsapp,fake
Punjab Board started registration process under government policy,real
free admission guaranteed without verification join whatsapp group,fake
FBISE opened admission portal under government policy,real
FBISE updated curriculum for university admissions,real
get scholarship without merit no merit needed send money on easypaisa,fake
earn 5000 rupees daily instant approval join whatsapp group,fake
Sindh Board updated curriculum for intermediate students,real
get job without exam instant approval click unknown link,fake
get job without exam instant approval join whatsapp group,fake
FBISE opened admission portal for all districts of Pakistan,real
free admission guaranteed no merit needed click unknown link,fake
get scholarship without merit instant approval join whatsapp group,fake
earn 5000 rupees daily 100% guaranteed join whatsapp group,fake
University of Punjab updated curriculum under government policy,real
get scholarship without merit 100% guaranteed send money on easypaisa,fake
earn 5000 rupees daily 100% guaranteed join whatsapp group,fake
free admission guaranteed no merit needed contact agent on whatsapp,fake
get free laptop instantly instant approval register via telegram,fake
Punjab Board announced exam schedule for all districts of Pakistan,real
get free laptop instantly without verification pay registration fee,fake
free admission guaranteed without verification join whatsapp group,fake
get job without exam no test required register via telegram,fake
earn 5000 rupees daily without verification contact agent on whatsapp,fake
HEC Pakistan released result notification for university admissions,real
University of Punjab declared exam dates for academic session 2025,real
get free laptop instantly no test required click unknown link,fake
free admission guaranteed 100% guaranteed pay registration fee,fake
Ministry of Education Pakistan released date sheet via official website,real
FBISE announced exam schedule for all districts of Pakistan,real
FBISE updated curriculum for all districts of Pakistan,real
get job without exam without verification register via telegram,fake
get job without exam no test required contact agent on whatsapp,fake
get scholarship without merit no test required send money on easypaisa,fake
Punjab Board released date sheet for all districts of Pakistan,real
Sindh Board released date sheet for university admissions,real
Punjab Board published merit list under government policy,real
University of Punjab declared exam dates via official website,real
KPK Education Department issued official circular for university admissions,real
earn 5000 rupees daily no merit needed contact agent on whatsapp,fake
Sindh Board published merit list under government policy,real
get job without exam no merit needed click unknown link,fake
Punjab Board issued official circular under government policy,real
get free laptop instantly no test required contact agent on whatsapp,fake
Ministry of Education Pakistan released date sheet via official website,real
Ministry of Education Pakistan updated curriculum under government policy,real
FBISE issued official circular for all districts of Pakistan,real
KPK Education Department released date sheet under government policy,real
Sindh Board announced exam schedule under government policy,real
free admission guaranteed instant approval click unknown link,fake
Punjab Board issued official circular for intermediate students,real
get scholarship without merit without verification join whatsapp group,fake
get free laptop instantly no test required pay registration fee,fake
free admission guaranteed 100% guaranteed register via telegram,fake
get free laptop instantly without verification contact agent on whatsapp,fake
Sindh Board started registration process under government policy,real
KPK Education Department issued official circular for intermediate students,real
get job without exam instant approval pay registration fee,fake
get job without exam without verification click unknown link,fake
free admission guaranteed no merit needed send money on easypaisa,fake
HEC Pakistan updated curriculum for all districts of Pakistan,real
HEC Pakistan declared exam dates under government policy,real
get free laptop instantly no merit needed pay registration fee,fake
KPK Education Department released result notification for intermediate students,real
get scholarship without merit no merit needed send money on easypaisa,fake
get job without exam 100% guaranteed register via telegram,fake
Ministry of Education Pakistan published merit list for intermediate students,real
earn 5000 rupees daily 100% guaranteed send money on easypaisa,fake
get job without exam no test required contact agent on whatsapp,fake
get free laptop instantly no merit needed join whatsapp group,fake
FBISE published merit list under government policy,real
KPK Education Department updated curriculum for intermediate students,real
get job without exam instant approval send money on easypaisa,fake
receive cash reward without verification register via telegram,fake
Sindh Board updated curriculum for university admissions,real
HEC Pakistan approved scholarship program for academic session 2025,real
Sindh Board declared exam dates via official website,real
free admission guaranteed no merit needed click unknown link,fake
Ministry of Education Pakistan approved scholarship program for university admissions,real
HEC Pakistan approved scholarship program for all districts of Pakistan,real
get scholarship without merit without verification join whatsapp group,fake
get job without exam no merit needed contact agent on whatsapp,fake
get scholarship without merit 100% guaranteed click unknown link,fake
University of Punjab started registration process under government policy,real
get job without exam no test required pay registration fee,fake
get free laptop instantly no test required click unknown link,fake
Sindh Board updated curriculum for academic session 2025,real
free admission guaranteed instant approval pay registration fee,fake
Punjab Board declared exam dates for academic session 2025,real
Sindh Board announced exam schedule via official website,real
Ministry of Education Pakistan declared exam dates for intermediate students,real
HEC Pakistan issued official circular for university admissions,real
get free laptop instantly no test required pay registration fee,fake
earn 5000 rupees daily no test required send money on easypaisa,fake
FBISE started registration process for all districts of Pakistan,real
Punjab Board released result notification for academic session 2025,real
get free laptop instantly no test required send money on easypaisa,fake
receive cash reward no merit needed pay registration fee,fake
FBISE opened admission portal for all districts of Pakistan,real
Sindh Board published merit list for academic session 2025,real
get scholarship without merit without verification click unknown link,fake
Ministry of Education Pakistan declared exam dates for university admissions,real
HEC Pakistan published merit list via official website,real
get free laptop instantly no merit needed join whatsapp group,fake
free admission guaranteed instant approval click unknown link,fake
FBISE released date sheet for intermediate students,real
earn 5000 rupees daily 100% guaranteed send money on easypaisa,fake
free admission guaranteed without verification send money on easypaisa,fake
Punjab Board approved scholarship program via official website,real
Sindh Board announced exam schedule under government policy,real
get free laptop instantly instant approval join whatsapp group,fake
earn 5000 rupees daily instant approval click unknown link,fake
Punjab Board started registration process for all districts of Pakistan,real
earn 5000 rupees daily without verification send money on easypaisa,fake
Ministry of Education Pakistan released result notification for university admissions,real
get job without exam no merit needed register via telegram,fake
University of Punjab updated curriculum for academic session 2025,real
KPK Education Department declared exam dates under government policy,real
earn 5000 rupees daily 100% guaranteed contact agent on whatsapp,fake
Sindh Board published merit list for intermediate students,real
receive cash reward 100% guaranteed join whatsapp group,fake
get job without exam no merit needed register via telegram,fake
get scholarship without merit no test required click unknown link,fake
get job without exam instant approval contact agent on whatsapp,fake
free admission guaranteed instant approval click unknown link,fake
Sindh Board published merit list via official website,real
earn 5000 rupees daily without verification register via telegram,fake
University of Punjab released result notification for university admissions,real
get free laptop instantly 100% guaranteed send money on easypaisa,fake
free admission guaranteed 100% guaranteed pay registration fee,fake
KPK Education Department published merit list for academic session 2025,real
receive cash reward instant approval send money on easypaisa,fake
receive cash reward without verification join whatsapp group,fake
get free laptop instantly no merit needed join whatsapp group,fake
HEC Pakistan issued official circular for intermediate students,real
HEC Pakistan opened admission portal under government policy,real
get job without exam no test required click unknown link,fake
get job without exam 100% guaranteed pay registration fee,fake
HEC Pakistan announced exam schedule for academic session 2025,real
FBISE announced exam schedule via official website,real
Sindh Board announced exam schedule for university admissions,real
free admission guaranteed instant approval click unknown link,fake
free admission guaranteed without verification register via telegram,fake
get scholarship without merit no test required send money on easypaisa,fake
Sindh Board opened admission portal for university admissions,real
HEC Pakistan started registration process for intermediate students,real
University of Punjab issued official circular for all districts of Pakistan,real
earn 5000 rupees daily no test required register via telegram,fake
FBISE released date sheet via official website,real
University of Punjab updated curriculum for intermediate students,real
Punjab Board opened admission portal via official website,real
get free laptop instantly no merit needed contact agent on whatsapp,fake
KPK Education Department published merit list for academic session 2025,real
get scholarship without merit 100% guaranteed register via telegram,fake
earn 5000 rupees daily no merit needed join whatsapp group,fake
get free laptop instantly 100% guaranteed pay registration fee,fake
free admission guaranteed no merit needed click unknown link,fake
HEC Pakistan updated curriculum for university admissions,real
get job without exam without verification send money on easypaisa,fake
free admission guaranteed 100% guaranteed click unknown link,fake
Punjab Board released date sheet for all districts of Pakistan,real
FBISE released date sheet for university admissions,real
get scholarship without merit without verification contact agent on whatsapp,fake
free admission guaranteed without verification register via telegram,fake
KPK Education Department issued official circular under government policy,real
FBISE released date sheet for all districts of Pakistan,real
FBISE released date sheet for intermediate students,real
earn 5000 rupees daily without verification contact agent on whatsapp,fake
receive cash reward no test required join whatsapp group,fake
get scholarship without merit no test required contact agent on whatsapp,fake
Ministry of Education Pakistan released result notification via official website,real
earn 5000 rupees daily no test required click unknown link,fake
FBISE released result notification for all districts of Pakistan,real
Ministry of Education Pakistan started registration process for intermediate students,real
free admission guaranteed without verification pay registration fee,fake
FBISE approved scholarship program for university admissions,real
University of Punjab released result notification for university admissions,real
Punjab Board declared exam dates for intermediate students,real
free admission guaranteed instant approval contact agent on whatsapp,fake
Ministry of Education Pakistan published merit list for all districts of Pakistan,real
get free laptop instantly no merit needed join whatsapp group,fake
FBISE released result notification under government policy,real
HEC Pakistan announced exam schedule under government policy,real
receive cash reward without verification send money on easypaisa,fake
University of Punjab released result notification for all districts of Pakistan,real
KPK Education Department published merit list under government policy,real
Ministry of Education Pakistan announced exam schedule for all districts of Pakistan,real
FBISE started registration process under government policy,real
FBISE approved scholarship program under government policy,real
Ministry of Education Pakistan released result notification for university admissions,real
receive cash reward 100% guaranteed pay registration fee,fake
get job without exam 100% guaranteed pay registration fee,fake
get free laptop instantly no test required pay registration fee,fake
KPK Education Department approved scholarship program for academic session 2025,real
earn 5000 rupees daily 100% guaranteed send money on easypaisa,fake
get free laptop instantly 100% guaranteed send money on easypaisa,fake
Punjab Board approved scholarship program under government policy,real
receive cash reward without verification click unknown link,fake
Punjab Board approved scholarship program via official website,real
Ministry of Education Pakistan opened admission portal via official website,real
get job without exam instant approval click unknown link,fake
get free laptop instantly no merit needed send money on easypaisa,fake
earn 5000 rupees daily no merit needed click unknown link,fake
HEC Pakistan announced exam schedule for academic session 2025,real
earn 5000 rupees daily instant approval join whatsapp group,fake
KPK Education Department released result notification for all districts of Pakistan,real
University of Punjab updated curriculum via official website,real
Punjab Board released date sheet for academic session 2025,real
HEC Pakistan started registration process for all districts of Pakistan,real
University of Punjab approved scholarship program for intermediate students,real
HEC Pakistan updated curriculum for university admissions,real
free admission guaranteed instant approval send money on easypaisa,fake
HEC Pakistan issued official circular via official website,real
Punjab Board issued official circular for academic session 2025,real
Sindh Board started registration process under government policy,real
University of Punjab announced exam schedule for intermediate students,real
Sindh Board declared exam dates for university admissions,real
free admission guaranteed instant approval contact agent on whatsapp,fake
receive cash reward 100% guaranteed pay registration fee,fake
free admission guaranteed instant approval contact agent on whatsapp,fake
HEC Pakistan declared exam dates for all districts of Pakistan,real
earn 5000 rupees daily no test required click unknown link,fake
FBISE started registration process for all districts of Pakistan,real
get scholarship without merit instant approval send money on easypaisa,fake
HEC Pakistan started registration process via official website,real
KPK Education Department published merit list for intermediate students,real
earn 5000 rupees daily no test required join whatsapp group,fake
earn 5000 rupees daily without verification contact agent on whatsapp,fake
get scholarship without merit without verification pay registration fee,fake
earn 5000 rupees daily no test required register via telegram,fake
get job without exam 100% guaranteed join whatsapp group,fake
free admission guaranteed no merit needed pay registration fee,fake
get free laptop instantly no test required register via telegram,fake
get free laptop instantly no test required click unknown link,fake
free admission guaranteed 100% guaranteed pay registration fee,fake
receive cash reward no merit needed contact agent on whatsapp,fake
Sindh Board opened admission portal for academic session 2025,real
get free laptop instantly no merit needed contact agent on whatsapp,fake
earn 5000 rupees daily no test required join whatsapp group,fake
earn 5000 rupees daily no test required join whatsapp group,fake
University of Punjab started registration process via official website,real
earn 5000 rupees daily no test required send money on easypaisa,fake
FBISE opened admission portal for intermediate students,real
FBISE announced exam schedule for academic session 2025,real
earn 5000 rupees daily without verification register via telegram,fake
Ministry of Education Pakistan released result notification under government policy,real
free admission guaranteed without verification contact agent on whatsapp,fake
get scholarship without merit without verification register via telegram,fake
earn 5000 rupees daily no merit needed click unknown link,fake
University of Punjab released date sheet for academic session 2025,real
get free laptop instantly no merit needed contact agent on whatsapp,fake
Ministry of Education Pakistan updated curriculum for intermediate students,real
FBISE released result notification via official website,real
earn 5000 rupees daily no test required pay registration fee,fake
FBISE issued official circular via official website,real
get scholarship without merit no merit needed contact agent on whatsapp,fake
get job without exam without verification join whatsapp group,fake
earn 5000 rupees daily instant approval contact agent on whatsapp,fake
receive cash reward 100% guaranteed pay registration fee,fake
get job without exam no merit needed click unknown link,fake
get free laptop instantly no merit needed contact agent on whatsapp,fake
KPK Education Department issued official circular for all districts of Pakistan,real
get job without exam no merit needed pay registration fee,fake
get scholarship without merit instant approval join whatsapp group,fake
KPK Education Department announced exam schedule via official website,real
FBISE released date sheet for university admissions,real
Sindh Board released result notification via official website,real
Punjab Board issued official circular for academic session 2025,real
Punjab Board declared exam dates for all districts of Pakistan,real
get job without exam 100% guaranteed send money on easypaisa,fake
free admission guaranteed instant approval click unknown link,fake
Ministry of Education Pakistan opened admission portal for university admissions,real
University of Punjab opened admission portal via official website,real
Ministry of Education Pakistan updated curriculum for university admissions,real
get scholarship without merit without verification click unknown link,fake
get free laptop instantly no test required register via telegram,fake
get job without exam no merit needed join whatsapp group,fake
get scholarship without merit no merit needed join whatsapp group,fake
free admission guaranteed instant approval join whatsapp group,fake
get scholarship without merit no test required join whatsapp group,fake
University of Punjab updated curriculum for academic session 2025,real
free admission guaranteed no merit needed send money on easypaisa,fake
University of Punjab published merit list via official website,real
Ministry of Education Pakistan declared exam dates via official website,real
FBISE published merit list via official website,real
earn 5000 rupees daily no merit needed send money on easypaisa,fake
get free laptop instantly instant approval register via telegram,fake
receive cash reward 100% guaranteed join whatsapp group,fake
Sindh Board declared exam dates via official website,real
earn 5000 rupees daily without verification join whatsapp group,fake
get scholarship without merit instant approval send money on easypaisa,fake
Sindh Board opened admission portal for academic session 2025,real
Punjab Board released date sheet for university admissions,real
HEC Pakistan released result notification for intermediate students,real
Punjab Board published merit list for all districts of Pakistan,real
HEC Pakistan published merit list for intermediate students,real
Sindh Board started registration process for all districts of Pakistan,real
University of Punjab released result notification for all districts of Pakistan,real
KPK Education Department started registration process for university admissions,real
get job without exam no merit needed contact agent on whatsapp,fake
University of Punjab updated curriculum for intermediate students,real
University of Punjab opened admission portal for academic session 2025,real
KPK Education Department updated curriculum under government policy,real
University of Punjab declared exam dates for university admissions,real
HEC Pakistan approved scholarship program for academic session 2025,real
Sindh Board announced exam schedule under government policy,real
receive cash reward no test required contact agent on whatsapp,fake
get free laptop instantly 100% guaranteed join whatsapp group,fake
get scholarship without merit no merit needed join whatsapp group,fake
HEC Pakistan released result notification for all districts of Pakistan,real
Ministry of Education Pakistan approved scholarship program for all districts of Pakistan,real
University of Punjab opened admission portal for university admissions,real
FBISE released date sheet under government policy,real
get scholarship without merit no test required send money on easypaisa,fake
University of Punjab opened admission portal for all districts of Pakistan,real
get job without exam no test required join whatsapp group,fake
Sindh Board started registration process for all districts of Pakistan,real
HEC Pakistan released result notification for intermediate students,real
HEC Pakistan released result notification for university admissions,real
University of Punjab issued official circular for university admissions,real
Punjab Board released date sheet for all districts of Pakistan,real
get scholarship without merit no test required register via telegram,fake
University of Punjab declared exam dates for university admissions,real
Ministry of Education Pakistan opened admission portal under government policy,real
earn 5000 rupees daily no merit needed join whatsapp group,fake
FBISE declared exam dates under government policy,real
University of Punjab released result notification for academic session 2025,real
earn 5000 rupees daily no test required click unknown link,fake
get scholarship without merit instant approval click unknown link,fake
get scholarship without merit no test required contact agent on whatsapp,fake
free admission guaranteed instant approval join whatsapp group,fake
HEC Pakistan updated curriculum via official website,real
HEC Pakistan updated curriculum for all districts of Pakistan,real
University of Punjab approved scholarship program for all districts of Pakistan,real
earn 5000 rupees daily 100% guaranteed send money on easypaisa,fake
get free laptop instantly no merit needed contact agent on whatsapp,fake
get job without exam instant approval send money on easypaisa,fake
free admission guaranteed 100% guaranteed register via telegram,fake
Ministry of Education Pakistan started registration process for all districts of Pakistan,real
University of Punjab published merit list for academic session 2025,real
get free laptop instantly 100% guaranteed send money on easypaisa,fake
get scholarship without merit no test required join whatsapp group,fake
Sindh Board approved scholarship program for intermediate students,real
FBISE published merit list via official website,real
free admission guaranteed 100% guaranteed join whatsapp group,fake
get scholarship without merit no test required send money on easypaisa,fake
University of Punjab declared exam dates for academic session 2025,real
get job without exam no test required join whatsapp group,fake
Sindh Board released date sheet for university admissions,real
receive cash reward without verification send money on easypaisa,fake
KPK Education Department approved scholarship program for university admissions,real
get free laptop instantly no merit needed click unknown link,fake
get job without exam without verification register via telegram,fake
get scholarship without merit no merit needed contact agent on whatsapp,fake
get scholarship without merit instant approval contact agent on whatsapp,fake
get job without exam 100% guaranteed join whatsapp group,fake
HEC Pakistan declared exam dates for intermediate students,real
Ministry of Education Pakistan released result notification for academic session 2025,real
free admission guaranteed without verification send money on easypaisa,fake
get free laptop instantly no merit needed pay registration fee,fake
HEC Pakistan announced exam schedule for all districts of Pakistan,real
get free laptop instantly no test required click unknown link,fake
KPK Education Department approved scholarship program for academic session 2025,real
HEC Pakistan updated curriculum under government policy,real
get free laptop instantly instant approval send money on easypaisa,fake
Ministry of Education Pakistan updated curriculum via official website,real
Ministry of Education Pakistan released date sheet for intermediate students,real
get scholarship without merit instant approval pay registration fee,fake
Punjab Board approved scholarship program under government policy,real
get free laptop instantly 100% guaranteed pay registration fee,fake
HEC Pakistan issued official circular via official website,real
University of Punjab announced exam schedule for intermediate students,real
Punjab Board approved scholarship program for intermediate students,real
FBISE published merit list for all districts of Pakistan,real
FBISE released result notification for all districts of Pakistan,real
Punjab Board released result notification via official website,real
get job without exam without verification click unknown link,fake
get scholarship without merit no merit needed join whatsapp group,fake
get job without exam 100% guaranteed pay registration fee,fake
FBISE announced exam schedule for university admissions,real
get job without exam without verification contact agent on whatsapp,fake
get job without exam instant approval register via telegram,fake
free admission guaranteed no merit needed pay registration fee,fake
earn 5000 rupees daily without verification join whatsapp group,fake
free admission guaranteed instant approval contact agent on whatsapp,fake
get job without exam no merit needed send money on easypaisa,fake
get free laptop instantly no test required register via telegram,fake
free admission guaranteed instant approval register via telegram,fake
free admission guaranteed no test required click unknown link,fake
get free laptop instantly 100% guaranteed register via telegram,fake
receive cash reward 100% guaranteed join whatsapp group,fake
KPK Education Department declared exam dates via official website,real
Ministry of Education Pakistan approved scholarship program under government policy,real
University of Punjab issued official circular for all districts of Pakistan,real
get free laptop instantly without verification contact agent on whatsapp,fake
FBISE started registration process for intermediate students,real
get free laptop instantly no merit needed contact agent on whatsapp,fake
get free laptop instantly without verification click unknown link,fake
FBISE updated curriculum for all districts of Pakistan,real
Ministry of Education Pakistan updated curriculum for university admissions,real
KPK Education Department declared exam dates for academic session 2025,real
earn 5000 rupees daily no test required send money on easypaisa,fake
Sindh Board issued official circular for academic session 2025,real
free admission guaranteed 100% guaranteed contact agent on whatsapp,fake
HEC Pakistan started registration process for university admissions,real
University of Punjab released date sheet for all districts of Pakistan,real
get free laptop instantly 100% guaranteed register via telegram,fake
Punjab Board started registration process for academic session 2025,real
Ministry of Education Pakistan released date sheet under government policy,real
Sindh Board released result notification for all districts of Pakistan,real
FBISE announced exam schedule for academic session 2025,real
get job without exam 100% guaranteed click unknown link,fake
Punjab Board published merit list for all districts of Pakistan,real
Sindh Board released result notification under government policy,real
get free laptop instantly no test required pay registration fee,fake
University of Punjab updated curriculum under government policy,real
get scholarship without merit 100% guaranteed register via telegram,fake
FBISE published merit list under government policy,real
University of Punjab released result notification under government policy,real
Punjab Board updated curriculum via official website,real
get job without exam no test required contact agent on whatsapp,fake
earn 5000 rupees daily 100% guaranteed pay registration fee,fake
free admission guaranteed no test required click unknown link,fake
get job without exam instant approval click unknown link,fake
free admission guaranteed 100% guaranteed join whatsapp group,fake
get job without exam without verification register via telegram,fake
HEC Pakistan opened admission portal via official website,real
FBISE announced exam schedule for intermediate students,real
get free laptop instantly no merit needed send money on easypaisa,fake
Sindh Board declared exam dates for all districts of Pakistan,real
earn 5000 rupees daily no merit needed pay registration fee,fake
Ministry of Education Pakistan updated curriculum for intermediate students,real
free admission guaranteed 100% guaranteed join whatsapp group,fake
Sindh Board opened admission portal via official website,real
get free laptop instantly without verification send money on easypaisa,fake
KPK Education Department released date sheet via official website,real
free admission guaranteed instant approval send money on easypaisa,fake
free admission guaranteed instant approval register via telegram,fake
HEC Pakistan opened admission portal for intermediate students,real
Sindh Board published merit list for university admissions,real
receive cash reward without verification join whatsapp group,fake
earn 5000 rupees daily no merit needed send money on easypaisa,fake
University of Punjab published merit list for all districts of Pakistan,real
FBISE published merit list for intermediate students,real
University of Punjab released result notification via official website,real
get job without exam without verification join whatsapp group,fake
get job without exam no merit needed register via telegram,fake
FBISE issued official circular for academic session 2025,real
HEC Pakistan updated curriculum for all districts of Pakistan,real
FBISE issued official circular for all districts of Pakistan,real
get scholarship without merit without verification join whatsapp group,fake
get job without exam instant approval register via telegram,fake
get job without exam instant approval send money on easypaisa,fake
free admission guaranteed without verification register via telegram,fake
HEC Pakistan released date sheet for academic session 2025,real
get scholarship without merit instant approval contact agent on whatsapp,fake
University of Punjab opened admission portal for academic session 2025,real
HEC Pakistan published merit list for all districts of Pakistan,real
get job without exam no merit needed contact agent on whatsapp,fake
earn 5000 rupees daily no test required click unknown link,fake
FBISE published merit list for intermediate students,real
free admission guaranteed no test required click unknown link,fake
get scholarship without merit no test required join whatsapp group,fake
Ministry of Education Pakistan released result notification for intermediate students,real
get free laptop instantly 100% guaranteed contact agent on whatsapp,fake
get scholarship without merit without verification send money on easypaisa,fake
receive cash reward instant approval click unknown link,fake
receive cash reward no test required pay registration fee,fake
FBISE announced exam schedule for all districts of Pakistan,real
KPK Education Department published merit list under government policy,real
University of Punjab issued official circular via official website,real
earn 5000 rupees daily no merit needed register via telegram,fake
HEC Pakistan approved scholarship program for university admissions,real
earn 5000 rupees daily no merit needed click unknown link,fake
Punjab Board released date sheet for intermediate students,real
KPK Education Department declared exam dates via official website,real
Punjab Board opened admission portal via official website,real
get scholarship without merit instant approval register via telegram,fake
University of Punjab published merit list for intermediate students,real
get job without exam without verification pay registration fee,fake
University of Punjab issued official circular via official website,real
receive cash reward no test required send money on easypaisa,fake
KPK Education Department opened admission portal under government policy,real
get scholarship without merit instant approval join whatsapp group,fake
Ministry of Education Pakistan updated curriculum for all districts of Pakistan,real
University of Punjab issued official circular via official website,real
earn 5000 rupees daily no merit needed join whatsapp group,fake
receive cash reward 100% guaranteed join whatsapp group,fake
get free laptop instantly without verification click unknown link,fake
get scholarship without merit without verification send money on easypaisa,fake
Sindh Board published merit list for all districts of Pakistan,real
Sindh Board released date sheet for university admissions,real
FBISE declared exam dates under government policy,real
get free laptop instantly no merit needed send money on easypaisa,fake
Sindh Board updated curriculum for university admissions,real
Punjab Board started registration process for academic session 2025,real
Punjab Board started registration process via official website,real
University of Punjab issued official circular via official website,real
HEC Pakistan started registration process under government policy,real
University of Punjab published merit list for all districts of Pakistan,real
free admission guaranteed 100% guaranteed pay registration fee,fake
HEC Pakistan opened admission portal via official website,real
earn 5000 rupees daily no merit needed pay registration fee,fake
Punjab Board started registration process via official website,real
receive cash reward without verification register via telegram,fake
FBISE released date sheet for university admissions,real
Ministry of Education Pakistan released result notification for all districts of Pakistan,real
earn 5000 rupees daily without verification click unknown link,fake
get job without exam no merit needed send money on easypaisa,fake
Sindh Board issued official circular for intermediate students,real
HEC Pakistan issued official circular for all districts of Pakistan,real
get job without exam instant approval contact agent on whatsapp,fake
FBISE released result notification for university admissions,real
KPK Education Department started registration process for all districts of Pakistan,real
KPK Education Department released date sheet for all districts of Pakistan,real
KPK Education Department declared exam dates for university admissions,real
get free laptop instantly no test required join whatsapp group,fake
earn 5000 rupees daily no test required pay registration fee,fake
Punjab Board released result notification via official website,real
University of Punjab released result notification for academic session 2025,real
earn 5000 rupees daily no merit needed join whatsapp group,fake
KPK Education Department published merit list under government policy,real
get free laptop instantly without verification send money on easypaisa,fake
FBISE released date sheet for all districts of Pakistan,real
Ministry of Education Pakistan released date sheet for all districts of Pakistan,real
KPK Education Department announced exam schedule for intermediate students,real
get job without exam without verification pay registration fee,fake
get free laptop instantly 100% guaranteed register via telegram,fake
earn 5000 rupees daily instant approval click unknown link,fake
get job without exam no test required send money on easypaisa,fake
get scholarship without merit instant approval pay registration fee,fake
University of Punjab approved scholarship program under government policy,real
KPK Education Department started registration process under government policy,real
get job without exam without verification pay registration fee,fake
Punjab Board issued official circular for intermediate students,real
get job without exam without verification send money on easypaisa,fake
get job without exam instant approval click unknown link,fake
earn 5000 rupees daily instant approval contact agent on whatsapp,fake
get job without exam 100% guaranteed send money on easypaisa,fake
Sindh Board released date sheet for intermediate students,real
FBISE released result notification under government policy,real
Sindh Board updated curriculum for university admissions,real
get scholarship without merit no test required send money on easypaisa,fake
get free laptop instantly no test required send money on easypaisa,fake
get free laptop instantly instant approval register via telegram,fake
get job without exam instant approval pay registration fee,fake
Sindh Board declared exam dates via official website,real
receive cash reward instant approval contact agent on whatsapp,fake
get scholarship without merit no merit needed register via telegram,fake
KPK Education Department released result notification for university admissions,real
free admission guaranteed instant approval register via telegram,fake
Ministry of Education Pakistan started registration process for academic session 2025,real
Ministry of Education Pakistan declared exam dates under government policy,real
earn 5000 rupees daily no merit needed contact agent on whatsapp,fake
KPK Education Department released result notification for all districts of Pakistan,real
Ministry of Education Pakistan opened admission portal under government policy,real
get job without exam instant approval register via telegram,fake
Ministry of Education Pakistan started registration process for all districts of Pakistan,real
Punjab Board approved scholarship program for university admissions,real
Punjab Board released result notification for university admissions,real
Ministry of Education Pakistan released date sheet for academic session 2025,real
Punjab Board issued official circular for university admissions,real
Sindh Board released result notification for intermediate students,real
free admission guaranteed 100% guaranteed register via telegram,fake
receive cash reward no test required click unknown link,fake
free admission guaranteed without verification click unknown link,fake
get free laptop instantly without verification contact agent on whatsapp,fake
Sindh Board issued official circular via official website,real
HEC Pakistan released result notification for intermediate students,real
earn 5000 rupees daily 100% guaranteed register via telegram,fake
get free laptop instantly 100% guaranteed pay registration fee,fake
Ministry of Education Pakistan released result notification for academic session 2025,real
receive cash reward instant approval join whatsapp group,fake
FBISE announced exam schedule via official website,real
KPK Education Department released date sheet for university admissions,real
Sindh Board updated curriculum for intermediate students,real
KPK Education Department updated curriculum for academic session 2025,real
get scholarship without merit without verification send money on easypaisa,fake
receive cash reward instant approval pay registration fee,fake
get job without exam 100% guaranteed register via telegram,fake
get scholarship without merit without verification pay registration fee,fake
HEC Pakistan released result notification via official website,real
HEC Pakistan published merit list for university admissions,real
receive cash reward no merit needed pay registration fee,fake
Sindh Board issued official circular for all districts of Pakistan,real
get scholarship without merit 100% guaranteed send money on easypaisa,fake
Sindh Board released result notification under government policy,real
Sindh Board approved scholarship program for all districts of Pakistan,real
KPK Education Department issued official circular for all districts of Pakistan,real
free admission guaranteed no test required pay registration fee,fake
get free laptop instantly no merit needed click unknown link,fake
Sindh Board issued official circular for academic session 2025,real
FBISE updated curriculum for university admissions,real
get free laptop instantly without verification send money on easypaisa,fake
HEC Pakistan announced exam schedule under government policy,real
receive cash reward without verification pay registration fee,fake
get job without exam without verification pay registration fee,fake
Punjab Board announced exam schedule for all districts of Pakistan,real
get job without exam no merit needed join whatsapp group,fake
receive cash reward no merit needed click unknown link,fake
get free laptop instantly 100% guaranteed pay registration fee,fake
Punjab Board started registration process for academic session 2025,real
get scholarship without merit 100% guaranteed register via telegram,fake
University of Punjab opened admission portal for university admissions,real
receive cash reward 100% guaranteed contact agent on whatsapp,fake
Ministry of Education Pakistan released result notification for all districts of Pakistan,real
free admission guaranteed without verification contact agent on whatsapp,fake
Sindh Board issued official circular via official website,real
Ministry of Education Pakistan released result notification for intermediate students,real
free admission guaranteed no merit needed contact agent on whatsapp,fake
Ministry of Education Pakistan declared exam dates for academic session 2025,real
earn 5000 rupees daily no merit needed join whatsapp group,fake
earn 5000 rupees daily 100% guaranteed join whatsapp group,fake
free admission guaranteed no test required click unknown link,fake
receive cash reward without verification contact agent on whatsapp,fake
KPK Education Department issued official circular under government policy,real
earn 5000 rupees daily no test required click unknown link,fake
FBISE announced exam schedule for university admissions,real
earn 5000 rupees daily no test required register via telegram,fake
receive cash reward 100% guaranteed contact agent on whatsapp,fake
get scholarship without merit no test required join whatsapp group,fake
FBISE started registration process for university admissions,real
Punjab Board announced exam schedule via official website,real
get scholarship without merit instant approval contact agent on whatsapp,fake
University of Punjab released result notification via official website,real
Sindh Board published merit list via official website,real
free admission guaranteed no merit needed send money on easypaisa,fake
earn 5000 rupees daily no test required send money on easypaisa,fake
receive cash reward without verification join whatsapp group,fake
get scholarship without merit without verification pay registration fee,fake
get scholarship without merit 100% guaranteed send money on easypaisa,fake
free admission guaranteed instant approval join whatsapp group,fake
earn 5000 rupees daily no merit needed contact agent on whatsapp,fake
Ministry of Education Pakistan updated curriculum for intermediate students,real
get job without exam no merit needed pay registration fee,fake
Sindh Board opened admission portal under government policy,real
receive cash reward without verification join whatsapp group,fake
Ministry of Education Pakistan published merit list via official website,real
earn 5000 rupees daily without verification send money on easypaisa,fake
University of Punjab started registration process via official website,real
KPK Education Department published merit list for intermediate students,real
free admission guaranteed 100% guaranteed click unknown link,fake
Ministry of Education Pakistan updated curriculum for intermediate students,real
Ministry of Education Pakistan updated curriculum for academic session 2025,real
HEC Pakistan approved scholarship program via official website,real
get free laptop instantly instant approval join whatsapp group,fake
get job without exam no merit needed click unknown link,fake
get free laptop instantly no merit needed pay registration fee,fake
University of Punjab approved scholarship program for all districts of Pakistan,real
Punjab Board declared exam dates for academic session 2025,real
Ministry of Education Pakistan approved scholarship program via official website,real
get scholarship without merit no merit needed contact agent on whatsapp,fake
receive cash reward no merit needed register via telegram,fake
earn 5000 rupees daily 100% guaranteed click unknown link,fake
University of Punjab opened admission portal for academic session 2025,real
free admission guaranteed without verification contact agent on whatsapp,fake
get job without exam without verification contact agent on whatsapp,fake
get scholarship without merit 100% guaranteed send money on easypaisa,fake
KPK Education Department started registration process for academic session 2025,real
University of Punjab opened admission portal via official website,real
Ministry of Education Pakistan released result notification for intermediate students,real
Ministry of Education Pakistan declared exam dates for university admissions,real
get scholarship without merit instant approval join whatsapp group,fake
earn 5000 rupees daily instant approval register via telegram,fake
earn 5000 rupees daily no merit needed contact agent on whatsapp,fake
free admission guaranteed 100% guaranteed join whatsapp group,fake
get scholarship without merit no merit needed pay registration fee,fake
Punjab Board issued official circular for academic session 2025,real
free admission guaranteed no test required register via telegram,fake
free admission guaranteed no test required join whatsapp group,fake
get free laptop instantly no test required send money on easypaisa,fake
receive cash reward no test required click unknown link,fake
free admission guaranteed 100% guaranteed send money on easypaisa,fake
KPK Education Department updated curriculum under government policy,real
get scholarship without merit no merit needed join whatsapp group,fake
Ministry of Education Pakistan approved scholarship program via official website,real
earn 5000 rupees daily no merit needed click unknown link,fake
get job without exam instant approval send money on easypaisa,fake
KPK Education Department updated curriculum via official website,real
University of Punjab declared exam dates for university admissions,real
free admission guaranteed no merit needed send money on easypaisa,fake
Ministry of Education Pakistan declared exam dates for university admissions,real
earn 5000 rupees daily instant approval join whatsapp group,fake
get scholarship without merit no merit needed pay registration fee,fake
get job without exam 100% guaranteed register via telegram,fake
get scholarship without merit no merit needed send money on easypaisa,fake
get job without exam no test required pay registration fee,fake
Ministry of Education Pakistan issued official circular for academic session 2025,real
FBISE announced exam schedule for all districts of Pakistan,real
KPK Education Department started registration process for academic session 2025,real
get job without exam without verification register via telegram,fake
Sindh Board issued official circular for all districts of Pakistan,real
University of Punjab opened admission portal for all districts of Pakistan,real
FBISE published merit list via official website,real
KPK Education Department released date sheet for all districts of Pakistan,real
KPK Education Department published merit list for academic session 2025,real
Ministry of Education Pakistan updated curriculum under government policy,real
University of Punjab opened admission portal under government policy,real
Ministry of Education Pakistan published merit list under government policy,real
receive cash reward no test required pay registration fee,fake
get scholarship without merit without verification contact agent on whatsapp,fake
free admission guaranteed no merit needed send money on easypaisa,fake
Ministry of Education Pakistan published merit list for academic session 2025,real
free admission guaranteed no test required join whatsapp group,fake
receive cash reward without verification send money on easypaisa,fake
free admission guaranteed no test required join whatsapp group,fake
earn 5000 rupees daily no merit needed contact agent on whatsapp,fake
get job without exam without verification send money on easypaisa,fake
earn 5000 rupees daily 100% guaranteed click unknown link,fake
free admission guaranteed no merit needed register via telegram,fake
receive cash reward 100% guaranteed click unknown link,fake
Sindh Board started registration process under government policy,real
Sindh Board issued official circular for academic session 2025,real
get scholarship without merit no test required join whatsapp group,fake
Sindh Board issued official circular for university admissions,real
free admission guaranteed instant approval pay registration fee,fake
Punjab Board declared exam dates for intermediate students,real
get free laptop instantly no test required click unknown link,fake
receive cash reward no test required contact agent on whatsapp,fake
get job without exam instant approval send money on easypaisa,fake
FBISE issued official circular for intermediate students,real
free admission guaranteed instant approval pay registration fee,fake
KPK Education Department released date sheet under government policy,real
get job without exam without verification register via telegram,fake
get scholarship without merit without verification click unknown link,fake
Sindh Board declared exam dates for academic session 2025,real
receive cash reward without verification pay registration fee,fake
free admission guaranteed no test required send money on easypaisa,fake
get free laptop instantly no test required join whatsapp group,fake
free admission guaranteed 100% guaranteed contact agent on whatsapp,fake
KPK Education Department opened admission portal for all districts of Pakistan,real
Ministry of Education Pakistan announced exam schedule under government policy,real
FBISE released date sheet for intermediate students,real
KPK Education Department issued official circular via official website,real
HEC Pakistan issued official circular for all districts of Pakistan,real
Punjab Board approved scholarship program via official website,real
free admission guaranteed instant approval send money on easypaisa,fake
Punjab Board published merit list for intermediate students,real
University of Punjab updated curriculum for intermediate students,real
earn 5000 rupees daily without verification register via telegram,fake
get free laptop instantly 100% guaranteed join whatsapp group,fake
KPK Education Department announced exam schedule for academic session 2025,real
Punjab Board started registration process for all districts of Pakistan,real
Sindh Board published merit list for all districts of Pakistan,real
get free laptop instantly 100% guaranteed join whatsapp group,fake
Punjab Board approved scholarship program under government policy,real
receive cash reward 100% guaranteed send money on easypaisa,fake
Sindh Board published merit list for university admissions,real
get scholarship without merit 100% guaranteed join whatsapp group,fake
get scholarship without merit without verification click unknown link,fake
get job without exam no test required pay registration fee,fake
Sindh Board released result notification under government policy,real
get job without exam without verification join whatsapp group,fake
University of Punjab approved scholarship program for academic session 2025,real
Ministry of Education Pakistan declared exam dates for academic session 2025,real
get free laptop instantly 100% guaranteed register via telegram,fake
Sindh Board updated curriculum for academic session 2025,real
FBISE announced exam schedule for academic session 2025,real
earn 5000 rupees daily without verification join whatsapp group,fake
FBISE opened admission portal for academic session 2025,real
Punjab Board opened admission portal for all districts of Pakistan,real
Ministry of Education Pakistan published merit list for academic session 2025,real
University of Punjab approved scholarship program for all districts of Pakistan,real
get scholarship without merit 100% guaranteed click unknown link,fake
receive cash reward instant approval pay registration fee,fake
KPK Education Department updated curriculum via official website,real
receive cash reward instant approval register via telegram,fake
get free laptop instantly no merit needed send money on easypaisa,fake
get free laptop instantly no merit needed send money on easypaisa,fake
free admission guaranteed without verification click unknown link,fake
earn 5000 rupees daily without verification send money on easypaisa,fake
earn 5000 rupees daily instant approval register via telegram,fake
University of Punjab issued official circular for academic session 2025,real
FBISE released date sheet for academic session 2025,real
free admission guaranteed 100% guaranteed contact agent on whatsapp,fake
get free laptop instantly 100% guaranteed click unknown link,fake
earn 5000 rupees daily no merit needed contact agent on whatsapp,fake
KPK Education Department announced exam schedule for intermediate students,real
HEC Pakistan released date sheet via official website,real
receive cash reward no merit needed join whatsapp group,fake
Sindh Board started registration process for university admissions,real
earn 5000 rupees daily no merit needed pay registration fee,fake
get job without exam no merit needed pay registration fee,fake
Ministry of Education Pakistan released result notification for academic session 2025,real
Punjab Board approved scholarship program via official website,real
FBISE updated curriculum via official website,real
get free laptop instantly without verification click unknown link,fake
get scholarship without merit without verification click unknown link,fake
HEC Pakistan released result notification for university admissions,real
get free laptop instantly no merit needed register via telegram,fake
University of Punjab issued official circular via official website,real
get scholarship without merit without verification register via telegram,fake
receive cash reward without verification register via telegram,fake
get job without exam no merit needed pay registration fee,fake
earn 5000 rupees daily without verification pay registration fee,fake
Ministry of Education Pakistan released result notification for intermediate students,real
free admission guaranteed instant approval join whatsapp group,fake
Punjab Board released result notification for intermediate students,real
KPK Education Department released date sheet for academic session 2025,real
earn 5000 rupees daily without verification register via telegram,fake
get job without exam no test required contact agent on whatsapp,fake
get free laptop instantly 100% guaranteed register via telegram,fake
receive cash reward instant approval send money on easypaisa,fake
University of Punjab declared exam dates for university admissions,real
get job without exam instant approval contact agent on whatsapp,fake
Sindh Board announced exam schedule for university admissions,real
Punjab Board announced exam schedule for all districts of Pakistan,real
get scholarship without merit instant approval contact agent on whatsapp,fake
get scholarship without merit 100% guaranteed register via telegram,fake
KPK Education Department approved scholarship program via official website,real
Sindh Board issued official circular for academic session 2025,real
KPK Education Department announced exam schedule for all districts of Pakistan,real
earn 5000 rupees daily no test required contact agent on whatsapp,fake
earn 5000 rupees daily 100% guaranteed click unknown link,fake
get free laptop instantly 100% guaranteed contact agent on whatsapp,fake
University of Punjab published merit list via official website,real
FBISE issued official circular for university admissions,real
Sindh Board issued official circular for university admissions,real
Ministry of Education Pakistan released result notification for university admissions,real
get job without exam without verification join whatsapp group,fake
HEC Pakistan issued official circular for university admissions,real
get job without exam without verification contact agent on whatsapp,fake
receive cash reward without verification pay registration fee,fake
free admission guaranteed no test required send money on easypaisa,fake
free admission guaranteed instant approval register via telegram,fake
FBISE opened admission portal under government policy,real
University of Punjab updated curriculum under government policy,real
get job without exam no merit needed send money on easypaisa,fake
get job without exam no test required join whatsapp group,fake
receive cash reward 100% guaranteed join whatsapp group,fake
Sindh Board released date sheet for intermediate students,real
free admission guaranteed without verification register via telegram,fake
Ministry of Education Pakistan updated curriculum for academic session 2025,real
get free laptop instantly no test required pay registration fee,fake
get scholarship without merit no merit needed register via telegram,fake
Ministry of Education Pakistan published merit list for university admissions,real
Ministry of Education Pakistan approved scholarship program for academic session 2025,real
Sindh Board approved scholarship program under government policy,real
Punjab Board opened admission portal for intermediate students,real
earn 5000 rupees daily 100% guaranteed register via telegram,fake
FBISE opened admission portal for university admissions,real
receive cash reward no test required contact agent on whatsapp,fake
get scholarship without merit instant approval join whatsapp group,fake
get scholarship without merit 100% guaranteed join whatsapp group,fake
Sindh Board updated curriculum for academic session 2025,real
get free laptop instantly no merit needed contact agent on whatsapp,fake
earn 5000 rupees daily no test required pay registration fee,fake
get free laptop instantly without verification contact agent on whatsapp,fake
free admission guaranteed instant approval contact agent on whatsapp,fake
Ministry of Education Pakistan issued official circular for academic session 2025,real
receive cash reward no test required send money on easypaisa,fake
earn 5000 rupees daily instant approval send money on easypaisa,fake
Ministry of Education Pakistan released date sheet for university admissions,real
FBISE started registration process for university admissions,real
receive cash reward without verification register via telegram,fake
FBISE updated curriculum for all districts of Pakistan,real
get job without exam no merit needed send money on easypaisa,fake
earn 5000 rupees daily no merit needed contact agent on whatsapp,fake
get scholarship without merit instant approval click unknown link,fake
Ministry of Education Pakistan released result notification under government policy,real
get free laptop instantly 100% guaranteed register via telegram,fake
Punjab Board started registration process for all districts of Pakistan,real
University of Punjab announced exam schedule for academic session 2025,real
free admission guaranteed instant approval register via telegram,fake
receive cash reward 100% guaranteed click unknown link,fake
get job without exam no merit needed click unknown link,fake
receive cash reward no test required click unknown link,fake
KPK Education Department started registration process under government policy,real
get scholarship without merit no test required click unknown link,fake
receive cash reward 100% guaranteed contact agent on whatsapp,fake
free admission guaranteed no test required pay registration fee,fake
get free laptop instantly no test required contact agent on whatsapp,fake
earn 5000 rupees daily instant approval register via telegram,fake
receive cash reward no merit needed click unknown link,fake
University of Punjab issued official circular under government policy,real
KPK Education Department released date sheet for university admissions,real
FBISE released date sheet for academic session 2025,real
Punjab Board started registration process for intermediate students,real
Ministry of Education Pakistan declared exam dates for all districts of Pakistan,real
Ministry of Education Pakistan released result notification for all districts of Pakistan,real
get free laptop instantly no test required pay registration fee,fake
HEC Pakistan declared exam dates via official website,real
University of Punjab started registration process for intermediate students,real
Punjab Board announced exam schedule for all districts of Pakistan,real
get free laptop instantly no merit needed click unknown link,fake
Ministry of Education Pakistan released date sheet for intermediate students,real
get job without exam no merit needed pay registration fee,fake
receive cash reward no test required contact agent on whatsapp,fake
earn 5000 rupees daily no test required contact agent on whatsapp,fake
get job without exam instant approval send money on easypaisa,fake
Ministry of Education Pakistan published merit list for academic session 2025,real
Sindh Board released date sheet for all districts of Pakistan,real
Ministry of Education Pakistan opened admission portal via official website,real
earn 5000 rupees daily without verification contact agent on whatsapp,fake
receive cash reward no merit needed join whatsapp group,fake
Ministry of Education Pakistan started registration process under government policy,real
free admission guaranteed no merit needed pay registration fee,fake
KPK Education Department announced exam schedule for intermediate students,real
get job without exam without verification click unknown link,fake
get scholarship without merit no merit needed click unknown link,fake
University of Punjab released result notification for university admissions,real
get free laptop instantly without verification join whatsapp group,fake
HEC Pakistan started registration process for all districts of Pakistan,real
Punjab Board started registration process under government policy,real
get free laptop instantly no test required join whatsapp group,fake
receive cash reward no test required pay registration fee,fake
free admission guaranteed no merit needed pay registration fee,fake
receive cash reward no merit needed send money on easypaisa,fake
Sindh Board updated curriculum for intermediate students,real
free admission guaranteed no test required contact agent on whatsapp,fake
receive cash reward instant approval register via telegram,fake
earn 5000 rupees daily 100% guaranteed send money on easypaisa,fake
receive cash reward no merit needed click unknown link,fake
KPK Education Department released result notification for academic session 2025,real
University of Punjab released date sheet for all districts of Pakistan,real
KPK Education Department released result notification for all districts of Pakistan,real
get job without exam 100% guaranteed send money on easypaisa,fake
earn 5000 rupees daily no merit needed send money on easypaisa,fake
earn 5000 rupees daily without verification register via telegram,fake
KPK Education Department announced exam schedule under government policy,real
free admission guaranteed no merit needed contact agent on whatsapp,fake
get scholarship without merit without verification join whatsapp group,fake
get job without exam instant approval send money on easypaisa,fake
receive cash reward no merit needed send money on easypaisa,fake
get scholarship without merit instant approval register via telegram,fake
get job without exam no test required pay registration fee,fake
get free laptop instantly no test required contact agent on whatsapp,fake
KPK Education Department announced exam schedule for all districts of Pakistan,real
get job without exam without verification pay registration fee,fake
get scholarship without merit instant approval join whatsapp group,fake
receive cash reward instant approval register via telegram,fake
Sindh Board started registration process under government policy,real
Ministry of Education Pakistan approved scholarship program via official website,real
Punjab Board declared exam dates under government policy,real
Sindh Board released result notification for university admissions,real
HEC Pakistan opened admission portal for academic session 2025,real
Sindh Board started registration process for all districts of Pakistan,real
get job without exam no test required join whatsapp group,fake
get scholarship without merit 100% guaranteed pay registration fee,fake
Punjab Board issued official circular for university admissions,real
get scholarship without merit 100% guaranteed click unknown link,fake
HEC Pakistan announced exam schedule for all districts of Pakistan,real
HEC Pakistan published merit list for intermediate students,real
free admission guaranteed no test required click unknown link,fake
get scholarship without merit instant approval click unknown link,fake
KPK Education Department approved scholarship program for academic session 2025,real
HEC Pakistan released date sheet for academic session 2025,real
earn 5000 rupees daily 100% guaranteed contact agent on whatsapp,fake
Sindh Board started registration process for all districts of Pakistan,real
get scholarship without merit instant approval join whatsapp group,fake
HEC Pakistan issued official circular for academic session 2025,real
get scholarship without merit instant approval join whatsapp group,fake
University of Punjab released date sheet for university admissions,real
KPK Education Department issued official circular via official website,real
earn 5000 rupees daily without verification send money on easypaisa,fake
Ministry of Education Pakistan announced exam schedule under government policy,real
KPK Education Department released result notification for intermediate students,real
get scholarship without merit instant approval click unknown link,fake
free admission guaranteed instant approval contact agent on whatsapp,fake
Punjab Board announced exam schedule under government policy,real
free admission guaranteed 100% guaranteed contact agent on whatsapp,fake
Punjab Board announced exam schedule for all districts of Pakistan,real
Ministry of Education Pakistan declared exam dates for university admissions,real
HEC Pakistan approved scholarship program for academic session 2025,real
earn 5000 rupees daily instant approval join whatsapp group,fake
get free laptop instantly without verification send money on easypaisa,fake
free admission guaranteed no merit needed send money on easypaisa,fake
HEC Pakistan published merit list for intermediate students,real
free admission guaranteed no merit needed click unknown link,fake
get free laptop instantly instant approval contact agent on whatsapp,fake
earn 5000 rupees daily 100% guaranteed register via telegram,fake
get job without exam no merit needed click unknown link,fake
Ministry of Education Pakistan announced exam schedule for university admissions,real
KPK Education Department published merit list for intermediate students,real
get scholarship without merit 100% guaranteed join whatsapp group,fake
get scholarship without merit 100% guaranteed register via telegram,fake
HEC Pakistan published merit list under government policy,real
Sindh Board issued official circular under government policy,real
receive cash reward instant approval contact agent on whatsapp,fake
get free laptop instantly no merit needed join whatsapp group,fake
Ministry of Education Pakistan started registration process via official website,real
Punjab Board opened admission portal via official website,real
Punjab Board updated curriculum for intermediate students,real
FBISE released result notification for intermediate students,real
Punjab Board declared exam dates via official website,real
get scholarship without merit no test required contact agent on whatsapp,fake
Punjab Board started registration process for academic session 2025,real
get job without exam without verification register via telegram,fake
HEC Pakistan published merit list for all districts of Pakistan,real
get free laptop instantly instant approval register via telegram,fake
get scholarship without merit no test required register via telegram,fake
Sindh Board approved scholarship program under government policy,real
get scholarship without merit instant approval click unknown link,fake
earn 5000 rupees daily instant approval click unknown link,fake
receive cash reward instant approval register via telegram,fake
Punjab Board released result notification for academic session 2025,real
HEC Pakistan started registration process under government policy,real
Ministry of Education Pakistan declared exam dates for intermediate students,real
FBISE issued official circular for university admissions,real
receive cash reward no test required contact agent on whatsapp,fake
receive cash reward no merit needed pay registration fee,fake
earn 5000 rupees daily no test required click unknown link,fake
free admission guaranteed instant approval register via telegram,fake
get job without exam 100% guaranteed register via telegram,fake
KPK Education Department started registration process for university admissions,real
Ministry of Education Pakistan announced exam schedule for academic session 2025,real
Sindh Board started registration process for university admissions,real
earn 5000 rupees daily instant approval pay registration fee,fake
get free laptop instantly without verification click unknown link,fake
get job without exam instant approval join whatsapp group,fake
KPK Education Department released date sheet via official website,real
FBISE declared exam dates for intermediate students,real
Punjab Board released result notification for intermediate students,real
KPK Education Department announced exam schedule under government policy,real
Ministry of Education Pakistan issued official circular for all districts of Pakistan,real
get scholarship without merit no test required register via telegram,fake
get scholarship without merit without verification register via telegram,fake
get free laptop instantly no merit needed click unknown link,fake
University of Punjab started registration process for all districts of Pakistan,real
Sindh Board approved scholarship program for intermediate students,real
earn 5000 rupees daily 100% guaranteed send money on easypaisa,fake
Punjab Board announced exam schedule for university admissions,real
Punjab Board issued official circular for university admissions,real
HEC Pakistan updated curriculum for intermediate students,real
get free laptop instantly instant approval contact agent on whatsapp,fake
FBISE issued official circular for academic session 2025,real
receive cash reward 100% guaranteed contact agent on whatsapp,fake
free admission guaranteed without verification register via telegram,fake
get free laptop instantly no merit needed contact agent on whatsapp,fake
get free laptop instantly without verification pay registration fee,fake
Punjab Board updated curriculum for intermediate students,real
receive cash reward instant approval send money on easypaisa,fake
free admission guaranteed instant approval register via telegram,fake
HEC Pakistan updated curriculum for intermediate students,real
University of Punjab updated curriculum under government policy,real
Punjab Board announced exam schedule for intermediate students,real
get free laptop instantly no test required click unknown link,fake
KPK Education Department opened admission portal for all districts of Pakistan,real
KPK Education Department released result notification under government policy,real
get free laptop instantly no merit needed join whatsapp group,fake
free admission guaranteed instant approval register via telegram,fake
get job without exam instant approval contact agent on whatsapp,fake
get scholarship without merit instant approval send money on easypaisa,fake
FBISE declared exam dates under government policy,real
free admission guaranteed no merit needed register via telegram,fake
KPK Education Department announced exam schedule for all districts of Pakistan,real
KPK Education Department declared exam dates under government policy,real
get scholarship without merit without verification send money on easypaisa,fake
receive cash reward no merit needed click unknown link,fake
get scholarship without merit no merit needed register via telegram,fake
University of Punjab published merit list for academic session 2025,real
Punjab Board announced exam schedule for university admissions,real
get scholarship without merit without verification join whatsapp group,fake
get job without exam no test required join whatsapp group,fake
Ministry of Education Pakistan released date sheet under government policy,real
earn 5000 rupees daily instant approval register via telegram,fake
University of Punjab approved scholarship program for all districts of Pakistan,real
Ministry of Education Pakistan updated curriculum for university admissions,real
HEC Pakistan announced exam schedule under government policy,real
receive cash reward 100% guaranteed click unknown link,fake
Punjab Board announced exam schedule for university admissions,real
get free laptop instantly without verification join whatsapp group,fake
receive cash reward instant approval send money on easypaisa,fake
HEC Pakistan released date sheet for university admissions,real
get scholarship without merit without verification send money on easypaisa,fake
free admission guaranteed 100% guaranteed contact agent on whatsapp,fake
free admission guaranteed no test required contact agent on whatsapp,fake
HEC Pakistan published merit list for academic session 2025,real
free admission guaranteed no test required contact agent on whatsapp,fake
earn 5000 rupees daily no test required join whatsapp group,fake
receive cash reward 100% guaranteed join whatsapp group,fake
receive cash reward no test required click unknown link,fake
earn 5000 rupees daily without verification send money on easypaisa,fake
FBISE announced exam schedule under government policy,real
HEC Pakistan approved scholarship program for university admissions,real
University of Punjab announced exam schedule via official website,real
receive cash reward no test required pay registration fee,fake
KPK Education Department opened admission portal under government policy,real
free admission guaranteed no merit needed click unknown link,fake
get scholarship without merit 100% guaranteed click unknown link,fake
Punjab Board updated curriculum for intermediate students,real
HEC Pakistan announced exam schedule for all districts of Pakistan,real
FBISE declared exam dates for intermediate students,real
KPK Education Department opened admission portal via official website,real
earn 5000 rupees daily instant approval send money on easypaisa,fake
University of Punjab started registration process for university admissions,real
Sindh Board issued official circular for academic session 2025,real
free admission guaranteed no test required register via telegram,fake
receive cash reward instant approval register via telegram,fake
free admission guaranteed without verification click unknown link,fake
FBISE started registration process under government policy,real
HEC Pakistan opened admission portal for academic session 2025,real
Punjab Board started registration process for university admissions,real
Punjab Board issued official circular for all districts of Pakistan,real
free admission guaranteed without verification register via telegram,fake
get job without exam no test required send money on easypaisa,fake
receive cash reward no merit needed pay registration fee,fake
Ministry of Education Pakistan released result notification for academic session 2025,real
FBISE opened admission portal under government policy,real
get job without exam without verification send money on easypaisa,fake
get job without exam no test required join whatsapp group,fake
get free laptop instantly no test required click unknown link,fake
free admission guaranteed no merit needed send money on easypaisa,fake
earn 5000 rupees daily no test required join whatsapp group,fake
get scholarship without merit 100% guaranteed send money on easypaisa,fake
get scholarship without merit no test required click unknown link,fake
HEC Pakistan issued official circular for academic session 2025,real
Ministry of Education Pakistan started registration process for university admissions,real
free admission guaranteed no test required send money on easypaisa,fake
get job without exam without verification join whatsapp group,fake
FBISE approved scholarship program under government policy,real
Sindh Board released date sheet for academic session 2025,real
get scholarship without merit instant approval join whatsapp group,fake
KPK Education Department updated curriculum for all districts of Pakistan,real
get scholarship without merit without verification register via telegram,fake
Sindh Board opened admission portal for intermediate students,real
receive cash reward 100% guaranteed join whatsapp group,fake
get free laptop instantly instant approval send money on easypaisa,fake
Sindh Board declared exam dates for university admissions,real
FBISE published merit list via official website,real
HEC Pakistan opened admission portal for university admissions,real
free admission guaranteed without verification send money on easypaisa,fake
University of Punjab published merit list via official website,real
KPK Education Department started registration process via official website,real
receive cash reward without verification register via telegram,fake
free admission guaranteed instant approval click unknown link,fake
HEC Pakistan published merit list for all districts of Pakistan,real
get free laptop instantly no merit needed join whatsapp group,fake
Punjab Board opened admission portal via official website,real
Punjab Board approved scholarship program for all districts of Pakistan,real
earn 5000 rupees daily instant approval register via telegram,fake
get scholarship without merit no merit needed send money on easypaisa,fake
get free laptop instantly 100% guaranteed register via telegram,fake
earn 5000 rupees daily no test required click unknown link,fake
free admission guaranteed 100% guaranteed join whatsapp group,fake
Punjab Board updated curriculum under government policy,real
Sindh Board released date sheet for intermediate students,real
get free laptop instantly without verification register via telegram,fake
University of Punjab approved scholarship program for all districts of Pakistan,real
KPK Education Department released date sheet via official website,real
get free laptop instantly no merit needed join whatsapp group,fake
free admission guaranteed without verification pay registration fee,fake
get job without exam without verification contact agent on whatsapp,fake
Punjab Board released result notification for all districts of Pakistan,real
free admission guaranteed 100% guaranteed contact agent on whatsapp,fake
KPK Education Department announced exam schedule for all districts of Pakistan,real
Punjab Board declared exam dates for all districts of Pakistan,real
HEC Pakistan published merit list for all districts of Pakistan,real
HEC Pakistan released date sheet via official website,real
Punjab Board released result notification via official website,real
HEC Pakistan published merit list via official website,real
free admission guaranteed without verification click unknown link,fake
FBISE updated curriculum for university admissions,real
get free laptop instantly 100% guaranteed pay registration fee,fake
receive cash reward no merit needed join whatsapp group,fake
free admission guaranteed no test required register via telegram,fake
get scholarship without merit instant approval join whatsapp group,fake
free admission guaranteed without verification send money on easypaisa,fake
University of Punjab announced exam schedule via official website,real
get scholarship without merit without verification register via telegram,fake
FBISE opened admission portal for university admissions,real
HEC Pakistan released result notification under government policy,real
Punjab Board approved scholarship program via official website,real
get job without exam no test required contact agent on whatsapp,fake
receive cash reward no test required send money on easypaisa,fake
KPK Education Department opened admission portal via official website,real
FBISE released result notification for university admissions,real
Sindh Board approved scholarship program for academic session 2025,real
Ministry of Education Pakistan declared exam dates for academic session 2025,real
receive cash reward instant approval send money on easypaisa,fake
get scholarship without merit without verification send money on easypaisa,fake
get free laptop instantly no merit needed join whatsapp group,fake
get job without exam instant approval click unknown link,fake
free admission guaranteed no merit needed send money on easypaisa,fake
FBISE approved scholarship program for academic session 2025,real
Punjab Board started registration process for academic session 2025,real
get job without exam 100% guaranteed register via telegram,fake
FBISE approved scholarship program for all districts of Pakistan,real
get job without exam no merit needed click unknown link,fake
HEC Pakistan approved scholarship program for university admissions,real
Sindh Board approved scholarship program under government policy,real
get free laptop instantly no merit needed click unknown link,fake
KPK Education Department approved scholarship program via official website,real
free admission guaranteed no merit needed register via telegram,fake
get scholarship without merit no test required send money on easypaisa,fake
Sindh Board started registration process for all districts of Pakistan,real
get job without exam 100% guaranteed click unknown link,fake
free admission guaranteed instant approval click unknown link,fake
get job without exam no merit needed contact agent on whatsapp,fake
FBISE started registration process under government policy,real
get job without exam instant approval contact agent on whatsapp,fake
HEC Pakistan issued official circular for university admissions,real
earn 5000 rupees daily no merit needed contact agent on whatsapp,fake
get free laptop instantly instant approval send money on easypaisa,fake
Punjab Board updated curriculum via official website,real
get free laptop instantly no test required click unknown link,fake
Punjab Board started registration process via official website,real
free admission guaranteed 100% guaranteed join whatsapp group,fake
FBISE started registration process for university admissions,real
free admission guaranteed instant approval register via telegram,fake
Sindh Board updated curriculum via official website,real
University of Punjab opened admission portal for all districts of Pakistan,real
Ministry of Education Pakistan opened admission portal for intermediate students,real
FBISE released result notification under government policy,real
University of Punjab approved scholarship program for academic session 2025,real
get free laptop instantly no test required click unknown link,fake
receive cash reward no test required register via telegram,fake
Ministry of Education Pakistan issued official circular for university admissions,real
free admission guaranteed instant approval click unknown link,fake
FBISE approved scholarship program for all districts of Pakistan,real
Sindh Board approved scholarship program for university admissions,real
Ministry of Education Pakistan published merit list for all districts of Pakistan,real
Sindh Board issued official circular under government policy,real
FBISE issued official circular for all districts of Pakistan,real
earn 5000 rupees daily no test required join whatsapp group,fake
free admission guaranteed no test required click unknown link,fake
Sindh Board declared exam dates for academic session 2025,real
FBISE announced exam schedule via official website,real
get free laptop instantly instant approval pay registration fee,fake
KPK Education Department published merit list under government policy,real
Sindh Board updated curriculum for all districts of Pakistan,real
get job without exam without verification join whatsapp group,fake
Ministry of Education Pakistan updated curriculum for university admissions,real
get job without exam instant approval contact agent on whatsapp,fake
free admission guaranteed instant approval register via telegram,fake
receive cash reward without verification join whatsapp group,fake
free admission guaranteed no test required pay registration fee,fake
earn 5000 rupees daily instant approval click unknown link,fake
get free laptop instantly without verification click unknown link,fake
Ministry of Education Pakistan published merit list for intermediate students,real
Punjab Board declared exam dates for academic session 2025,real
HEC Pakistan announced exam schedule for university admissions,real
get job without exam no merit needed register via telegram,fake
get scholarship without merit without verification send money on easypaisa,fake
free admission guaranteed instant approval send money on easypaisa,fake
get scholarship without merit 100% guaranteed pay registration fee,fake
get scholarship without merit without verification join whatsapp group,fake
free admission guaranteed no merit needed join whatsapp group,fake
receive cash reward instant approval register via telegram,fake
earn 5000 rupees daily no merit needed send money on easypaisa,fake
FBISE released result notification for university admissions,real
receive cash reward instant approval register via telegram,fake
free admission guaranteed no test required pay registration fee,fake
Punjab Board released result notification for intermediate students,real
HEC Pakistan updated curriculum for all districts of Pakistan,real
University of Punjab issued official circular for academic session 2025,real
Ministry of Education Pakistan updated curriculum for academic session 2025,real
HEC Pakistan released result notification via official website,real
University of Punjab started registration process for academic session 2025,real
free admission guaranteed without verification click unknown link,fake
receive cash reward no merit needed pay registration fee,fake
earn 5000 rupees daily without verification register via telegram,fake
Ministry of Education Pakistan declared exam dates for university admissions,real
get free laptop instantly 100% guaranteed click unknown link,fake
receive cash reward no test required send money on easypaisa,fake
FBISE released date sheet for intermediate students,real
get scholarship without merit no test required register via telegram,fake
earn 5000 rupees daily 100% guaranteed pay registration fee,fake
get scholarship without merit 100% guaranteed click unknown link,fake
get free laptop instantly 100% guaranteed contact agent on whatsapp,fake
Punjab Board published merit list under government policy,real
KPK Education Department issued official circular via official website,real
Ministry of Education Pakistan announced exam schedule via official website,real
get scholarship without merit without verification click unknown link,fake
Punjab Board announced exam schedule via official website,real
receive cash reward no merit needed join whatsapp group,fake
HEC Pakistan started registration process under government policy,real
earn 5000 rupees daily no test required pay registration fee,fake
get job without exam instant approval register via telegram,fake
HEC Pakistan released date sheet for university admissions,real
earn 5000 rupees daily instant approval join whatsapp group,fake
University of Punjab approved scholarship program for intermediate students,real
free admission guaranteed 100% guaranteed pay registration fee,fake
receive cash reward no merit needed contact agent on whatsapp,fake
get free laptop instantly no test required pay registration fee,fake
receive cash reward no merit needed contact agent on whatsapp,fake
receive cash reward no merit needed join whatsapp group,fake
KPK Education Department released result notification for intermediate students,real
KPK Education Department updated curriculum for all districts of Pakistan,real
earn 5000 rupees daily no merit needed send money on easypaisa,fake
Punjab Board published merit list for academic session 2025,real
HEC Pakistan started registration process for university admissions,real
earn 5000 rupees daily no test required pay registration fee,fake
Sindh Board declared exam dates under government policy,real
KPK Education Department started registration process for academic session 2025,real
earn 5000 rupees daily no test required click unknown link,fake
Sindh Board announced exam schedule for university admissions,real
Ministry of Education Pakistan approved scholarship program for intermediate students,real
HEC Pakistan declared exam dates under government policy,real
Sindh Board issued official circular for university admissions,real
University of Punjab started registration process via official website,real
HEC Pakistan released result notification via official website,real
earn 5000 rupees daily no merit needed register via telegram,fake
Ministry of Education Pakistan approved scholarship program for academic session 2025,real
Ministry of Education Pakistan updated curriculum for all districts of Pakistan,real
get scholarship without merit no merit needed send money on easypaisa,fake
Ministry of Education Pakistan opened admission portal for all districts of Pakistan,real
get free laptop instantly no test required pay registration fee,fake
Ministry of Education Pakistan released result notification under government policy,real
get job without exam no merit needed click unknown link,fake
get job without exam no test required register via telegram,fake
University of Punjab issued official circular for intermediate students,real
get job without exam no test required contact agent on whatsapp,fake
KPK Education Department updated curriculum for university admissions,real
Ministry of Education Pakistan started registration process for university admissions,real
Sindh Board released result notification under government policy,real
get free laptop instantly 100% guaranteed click unknown link,fake
get free laptop instantly no merit needed register via telegram,fake
Ministry of Education Pakistan updated curriculum for intermediate students,real
get job without exam no merit needed pay registration fee,fake
earn 5000 rupees daily without verification contact agent on whatsapp,fake
get free laptop instantly without verification join whatsapp group,fake
FBISE declared exam dates for university admissions,real
Punjab Board approved scholarship program for university admissions,real
KPK Education Department announced exam schedule for academic session 2025,real
earn 5000 rupees daily instant approval join whatsapp group,fake
HEC Pakistan issued official circular for university admissions,real
get job without exam instant approval send money on easypaisa,fake
free admission guaranteed no merit needed join whatsapp group,fake
receive cash reward without verification register via telegram,fake
earn 5000 rupees daily no test required pay registration fee,fake
earn 5000 rupees daily no merit needed send money on easypaisa,fake
Sindh Board declared exam dates for academic session 2025,real
get scholarship without merit no test required register via telegram,fake
FBISE published merit list for academic session 2025,real
Ministry of Education Pakistan issued official circular for academic session 2025,real
KPK Education Department issued official circular for university admissions,real
get job without exam without verification join whatsapp group,fake
University of Punjab published merit list for intermediate students,real
get job without exam 100% guaranteed click unknown link,fake
Ministry of Education Pakistan issued official circular for intermediate students,real
earn 5000 rupees daily without verification register via telegram,fake
HEC Pakistan approved scholarship program for all districts of Pakistan,real
receive cash reward instant approval contact agent on whatsapp,fake
Punjab Board approved scholarship program for all districts of Pakistan,real
receive cash reward no merit needed join whatsapp group,fake
Sindh Board issued official circular for all districts of Pakistan,real
get job without exam no test required register via telegram,fake
earn 5000 rupees daily without verification send money on easypaisa,fake
receive cash reward 100% guaranteed register via telegram,fake
Punjab Board issued official circular for university admissions,real
receive cash reward 100% guaranteed click unknown link,fake
earn 5000 rupees daily without verification send money on easypaisa,fake
get free laptop instantly without verification send money on easypaisa,fake
get job without exam 100% guaranteed send money on easypaisa,fake
Ministry of Education Pakistan started registration process for intermediate students,real
free admission guaranteed without verification join whatsapp group,fake
University of Punjab approved scholarship program under government policy,real
Punjab Board released date sheet for intermediate students,real
FBISE announced exam schedule for academic session 2025,real
Ministry of Education Pakistan opened admission portal via official website,real
HEC Pakistan started registration process via official website,real
receive cash reward no test required register via telegram,fake
earn 5000 rupees daily no merit needed join whatsapp group,fake
KPK Education Department updated curriculum for all districts of Pakistan,real
Sindh Board announced exam schedule for intermediate students,real
FBISE approved scholarship program for intermediate students,real
Ministry of Education Pakistan released date sheet for all districts of Pakistan,real
receive cash reward without verification register via telegram,fake
FBISE issued official circular for all districts of Pakistan,real
receive cash reward without verification register via telegram,fake
free admission guaranteed 100% guaranteed send money on easypaisa,fake
free admission guaranteed instant approval register via telegram,fake
University of Punjab declared exam dates for academic session 2025,real
get job without exam without verification join whatsapp group,fake
Ministry of Education Pakistan published merit list for all districts of Pakistan,real
Sindh Board released date sheet for university admissions,real
Punjab Board issued official circular under government policy,real
free admission guaranteed no merit needed pay registration fee,fake
KPK Education Department approved scholarship program for university admissions,real
Sindh Board started registration process for all districts of Pakistan,real
FBISE started registration process for university admissions,real
Punjab Board issued official circular under government policy,real
KPK Education Department started registration process for all districts of Pakistan,real
University of Punjab approved scholarship program for university admissions,real
University of Punjab approved scholarship program via official website,real
get job without exam 100% guaranteed contact agent on whatsapp,fake
HEC Pakistan released date sheet for intermediate students,real
Sindh Board announced exam schedule for intermediate students,real
FBISE opened admission portal for all districts of Pakistan,real
KPK Education Department approved scholarship program for academic session 2025,real
University of Punjab released date sheet for academic session 2025,real
HEC Pakistan released result notification for university admissions,real
Sindh Board declared exam dates under government policy,real
get job without exam no merit needed join whatsapp group,fake
earn 5000 rupees daily no merit needed register via telegram,fake
Punjab Board announced exam schedule for all districts of Pakistan,real
HEC Pakistan released date sheet for all districts of Pakistan,real
get job without exam without verification click unknown link,fake
free admission guaranteed without verification register via telegram,fake
receive cash reward no merit needed click unknown link,fake
get scholarship without merit no test required register via telegram,fake
get scholarship without merit no test required pay registration fee,fake
get scholarship without merit no test required join whatsapp group,fake
HEC Pakistan issued official circular for university admissions,real
get job without exam instant approval contact agent on whatsapp,fake
earn 5000 rupees daily without verification join whatsapp group,fake
KPK Education Department updated curriculum for academic session 2025,real
get free laptop instantly 100% guaranteed send money on easypaisa,fake
free admission guaranteed without verification join whatsapp group,fake
get free laptop instantly 100% guaranteed click unknown link,fake
FBISE opened admission portal for all districts of Pakistan,real
get scholarship without merit no test required pay registration fee,fake
get job without exam 100% guaranteed contact agent on whatsapp,fake
FBISE declared exam dates for academic session 2025,real
Punjab Board approved scholarship program for all districts of Pakistan,real
Sindh Board started registration process under government policy,real
KPK Education Department announced exam schedule for academic session 2025,real
Ministry of Education Pakistan released result notification for all districts of Pakistan,real
free admission guaranteed instant approval contact agent on whatsapp,fake
KPK Education Department published merit list for all districts of Pakistan,real
free admission guaranteed no test required contact agent on whatsapp,fake
get job without exam 100% guaranteed pay registration fee,fake
get free laptop instantly no merit needed register via telegram,fake
FBISE published merit list for intermediate students,real
HEC Pakistan issued official circular for all districts of Pakistan,real
free admission guaranteed without verification send money on easypaisa,fake
Punjab Board updated curriculum for intermediate students,real
get job without exam no merit needed join whatsapp group,fake
free admission guaranteed without verification click unknown link,fake
earn 5000 rupees daily instant approval register via telegram,fake
get scholarship without merit instant approval pay registration fee,fake
Ministry of Education Pakistan opened admission portal under government policy,real
Sindh Board released date sheet for academic session 2025,real
KPK Education Department started registration process for academic session 2025,real
get free laptop instantly without verification click unknown link,fake
Punjab Board published merit list under government policy,real
earn 5000 rupees daily instant approval pay registration fee,fake
get job without exam no merit needed pay registration fee,fake
Ministry of Education Pakistan declared exam dates for intermediate students,real
get job without exam instant approval join whatsapp group,fake
KPK Education Department approved scholarship program via official website,real
get scholarship without merit no test required contact agent on whatsapp,fake
receive cash reward no test required click unknown link,fake
get job without exam instant approval contact agent on whatsapp,fake
FBISE announced exam schedule under government policy,real
Punjab Board declared exam dates under government policy,real
receive cash reward instant approval send money on easypaisa,fake
get scholarship without merit no merit needed join whatsapp group,fake
free admission guaranteed no test required contact agent on whatsapp,fake
get scholarship without merit no merit needed join whatsapp group,fake
HEC Pakistan released date sheet for all districts of Pakistan,real
FBISE updated curriculum for academic session 2025,real
get scholarship without merit without verification click unknown link,fake
earn 5000 rupees daily without verification register via telegram,fake
HEC Pakistan released date sheet for intermediate students,real
Punjab Board declared exam dates for academic session 2025,real
FBISE opened admission portal under government policy,real
free admission guaranteed no test required send money on easypaisa,fake
University of Punjab opened admission portal for academic session 2025,real
receive cash reward 100% guaranteed pay registration fee,fake
Ministry of Education Pakistan published merit list for all districts of Pakistan,real
Punjab Board started registration process via official website,real
Ministry of Education Pakistan opened admission portal for academic session 2025,real
free admission guaranteed instant approval send money on easypaisa,fake
receive cash reward instant approval register via telegram,fake
HEC Pakistan updated curriculum for academic session 2025,real
get job without exam instant approval contact agent on whatsapp,fake
get scholarship without merit without verification send money on easypaisa,fake
get scholarship without merit no test required send money on easypaisa,fake
receive cash reward instant approval pay registration fee,fake
earn 5000 rupees daily no test required click unknown link,fake
Ministry of Education Pakistan opened admission portal under government policy,real
University of Punjab announced exam schedule for university admissions,real
KPK Education Department released result notification via official website,real
receive cash reward 100% guaranteed click unknown link,fake
free admission guaranteed no test required register via telegram,fake
Sindh Board announced exam schedule for academic session 2025,real
get job without exam no merit needed send money on easypaisa,fake
receive cash reward no test required join whatsapp group,fake
earn 5000 rupees daily no test required contact agent on whatsapp,fake
get scholarship without merit 100% guaranteed contact agent on whatsapp,fake
get scholarship without merit without verification click unknown link,fake
Sindh Board issued official circular for university admissions,real
earn 5000 rupees daily without verification join whatsapp group,fake
Punjab Board released result notification for university admissions,real
earn 5000 rupees daily without verification contact agent on whatsapp,fake
Ministry of Education Pakistan released date sheet for all districts of Pakistan,real
get job without exam no test required join whatsapp group,fake
free admission guaranteed no test required send money on easypaisa,fake
Ministry of Education Pakistan issued official circular for academic session 2025,real
free admission guaranteed without verification pay registration fee,fake
free admission guaranteed no test required click unknown link,fake
receive cash reward instant approval register via telegram,fake
get job without exam instant approval click unknown link,fake
get job without exam 100% guaranteed register via telegram,fake
KPK Education Department released date sheet under government policy,real
University of Punjab announced exam schedule under government policy,real
earn 5000 rupees daily instant approval register via telegram,fake
receive cash reward no merit needed join whatsapp group,fake
KPK Education Department released result notification for intermediate students,real
earn 5000 rupees daily no test required contact agent on whatsapp,fake
free admission guaranteed no merit needed click unknown link,fake
KPK Education Department issued official circular for university admissions,real
receive cash reward no test required register via telegram,fake
KPK Education Department declared exam dates for academic session 2025,real
Ministry of Education Pakistan issued official circular for academic session 2025,real
get free laptop instantly instant approval join whatsapp group,fake
Ministry of Education Pakistan opened admission portal for intermediate students,real
Sindh Board released result notification for intermediate students,real
University of Punjab announced exam schedule for intermediate students,real
get free laptop instantly instant approval contact agent on whatsapp,fake
get scholarship without merit no test required contact agent on whatsapp,fake
get scholarship without merit without verification contact agent on whatsapp,fake
Ministry of Education Pakistan issued official circular via official website,real
get free laptop instantly without verification contact agent on whatsapp,fake
HEC Pakistan opened admission portal via official website,real
Sindh Board released result notification for all districts of Pakistan,real
HEC Pakistan released result notification for academic session 2025,real
HEC Pakistan published merit list under government policy,real
get job without exam 100% guaranteed click unknown link,fake
free admission guaranteed without verification join whatsapp group,fake
get scholarship without merit 100% guaranteed click unknown link,fake
earn 5000 rupees daily instant approval click unknown link,fake
Ministry of Education Pakistan published merit list via official website,real
get scholarship without merit no merit needed click unknown link,fake
receive cash reward no merit needed send money on easypaisa,fake
FBISE updated curriculum under government policy,real
get scholarship without merit no test required pay registration fee,fake
earn 5000 rupees daily no test required send money on easypaisa,fake
get scholarship without merit no merit needed register via telegram,fake
get free laptop instantly without verification pay registration fee,fake
KPK Education Department updated curriculum for academic session 2025,real
get free laptop instantly instant approval contact agent on whatsapp,fake
get free laptop instantly 100% guaranteed pay registration fee,fake
University of Punjab updated curriculum for all districts of Pakistan,real
Sindh Board announced exam schedule via official website,real
University of Punjab announced exam schedule for intermediate students,real
free admission guaranteed without verification join whatsapp group,fake
HEC Pakistan opened admission portal for all districts of Pakistan,real
Ministry of Education Pakistan published merit list for intermediate students,real
get job without exam no test required contact agent on whatsapp,fake
KPK Education Department published merit list for university admissions,real
FBISE approved scholarship program for university admissions,real
free admission guaranteed no merit needed click unknown link,fake
FBISE released result notification via official website,real
Ministry of Education Pakistan declared exam dates for all districts of Pakistan,real
receive cash reward 100% guaranteed join whatsapp group,fake
earn 5000 rupees daily no merit needed register via telegram,fake
Ministry of Education Pakistan released date sheet via official website,real
University of Punjab published merit list under government policy,real
FBISE released date sheet via official website,real
receive cash reward instant approval send money on easypaisa,fake
Punjab Board published merit list via official website,real
free admission guaranteed no merit needed click unknown link,fake
free admission guaranteed 100% guaranteed register via telegram,fake
free admission guaranteed instant approval register via telegram,fake
earn 5000 rupees daily 100% guaranteed send money on easypaisa,fake
earn 5000 rupees daily no test required contact agent on whatsapp,fake
Punjab Board updated curriculum for academic session 2025,real
get job without exam no merit needed pay registration fee,fake
receive cash reward no merit needed pay registration fee,fake
Ministry of Education Pakistan issued official circular for intermediate students,real
earn 5000 rupees daily 100% guaranteed send money on easypaisa,fake
Ministry of Education Pakistan issued official circular under government policy,real
Punjab Board announced exam schedule via official website,real
Sindh Board published merit list under government policy,real
University of Punjab approved scholarship program for all districts of Pakistan,real
receive cash reward 100% guaranteed register via telegram,fake
get scholarship without merit no merit needed click unknown link,fake
KPK Education Department declared exam dates via official website,real
earn 5000 rupees daily instant approval send money on easypaisa,fake
receive cash reward without verification click unknown link,fake
get job without exam instant approval join whatsapp group,fake
free admission guaranteed without verification contact agent on whatsapp,fake
receive cash reward without verification send money on easypaisa,fake
free admission guaranteed instant approval register via telegram,fake
Ministry of Education Pakistan updated curriculum for academic session 2025,real
get job without exam 100% guaranteed pay registration fee,fake
University of Punjab announced exam schedule under government policy,real
get job without exam instant approval click unknown link,fake
free admission guaranteed instant approval click unknown link,fake
Sindh Board issued official circular for academic session 2025,real
get job without exam no merit needed pay registration fee,fake
FBISE updated curriculum for university admissions,real
KPK Education Department updated curriculum via official website,real
receive cash reward no test required join whatsapp group,fake
Ministry of Education Pakistan approved scholarship program for university admissions,real
earn 5000 rupees daily no merit needed pay registration fee,fake
earn 5000 rupees daily no merit needed contact agent on whatsapp,fake
Ministry of Education Pakistan published merit list for academic session 2025,real
KPK Education Department approved scholarship program for all districts of Pakistan,real
Ministry of Education Pakistan approved scholarship program for all districts of Pakistan,real
get free laptop instantly no merit needed pay registration fee,fake
get scholarship without merit 100% guaranteed click unknown link,fake
HEC Pakistan approved scholarship program for intermediate students,real
receive cash reward without verification send money on easypaisa,fake
FBISE approved scholarship program under government policy,real
HEC Pakistan approved scholarship program for academic session 2025,real
free admission guaranteed 100% guaranteed pay registration fee,fake
University of Punjab released result notification under government policy,real
earn 5000 rupees daily no merit needed contact agent on whatsapp,fake
get free laptop instantly 100% guaranteed register via telegram,fake
free admission guaranteed no merit needed click unknown link,fake
Sindh Board announced exam schedule for intermediate students,real
KPK Education Department published merit list for university admissions,real
University of Punjab issued official circular for all districts of Pakistan,real
get free laptop instantly no merit needed join whatsapp group,fake
earn 5000 rupees daily instant approval join whatsapp group,fake
free admission guaranteed 100% guaranteed pay registration fee,fake
FBISE updated curriculum for academic session 2025,real
receive cash reward instant approval send money on easypaisa,fake
get job without exam no merit needed register via telegram,fake
Punjab Board announced exam schedule for academic session 2025,real
University of Punjab started registration process for academic session 2025,real
get scholarship without merit no merit needed contact agent on whatsapp,fake
get free laptop instantly 100% guaranteed contact agent on whatsapp,fake
KPK Education Department opened admission portal for academic session 2025,real
Ministry of Education Pakistan published merit list for all districts of Pakistan,real
HEC Pakistan updated curriculum via official website,real
FBISE opened admission portal under government policy,real
get scholarship without merit instant approval join whatsapp group,fake
get scholarship without merit 100% guaranteed click unknown link,fake
receive cash reward no test required join whatsapp group,fake
get free laptop instantly 100% guaranteed send money on easypaisa,fake
FBISE released result notification for all districts of Pakistan,real
Sindh Board started registration process for all districts of Pakistan,real
receive cash reward instant approval contact agent on whatsapp,fake
get scholarship without merit no merit needed contact agent on whatsapp,fake
receive cash reward without verification register via telegram,fake
receive cash reward without verification contact agent on whatsapp,fake
earn 5000 rupees daily no test required contact agent on whatsapp,fake
University of Punjab opened admission portal for intermediate students,real
get scholarship without merit 100% guaranteed send money on easypaisa,fake
HEC Pakistan opened admission portal under government policy,real
KPK Education Department released result notification under government policy,real
Sindh Board declared exam dates for all districts of Pakistan,real
earn 5000 rupees daily 100% guaranteed register via telegram,fake
get scholarship without merit no test required click unknown link,fake
Sindh Board announced exam schedule for academic session 2025,real
Sindh Board approved scholarship program for intermediate students,real
get scholarship without merit without verification contact agent on whatsapp,fake
FBISE started registration process via official website,real
get scholarship without merit no test required register via telegram,fake
HEC Pakistan published merit list under government policy,real
get free laptop instantly no test required join whatsapp group,fake
FBISE released date sheet for university admissions,real
get free laptop instantly instant approval join whatsapp group,fake
receive cash reward 100% guaranteed send money on easypaisa,fake
get free laptop instantly no merit needed register via telegram,fake
free admission guaranteed instant approval pay registration fee,fake
KPK Education Department updated curriculum for intermediate students,real
KPK Education Department released result notification via official website,real
Punjab Board updated curriculum for all districts of Pakistan,real
KPK Education Department released date sheet for all districts of Pakistan,real
University of Punjab opened admission portal for academic session 2025,real
University of Punjab published merit list for intermediate students,real
Punjab Board released date sheet for university admissions,real
FBISE released result notification via official website,real
get job without exam no merit needed contact agent on whatsapp,fake
KPK Education Department released date sheet for intermediate students,real
receive cash reward 100% guaranteed send money on easypaisa,fake
Ministry of Education Pakistan released date sheet for all districts of Pakistan,real
FBISE issued official circular for all districts of Pakistan,real
earn 5000 rupees daily instant approval click unknown link,fake
KPK Education Department announced exam schedule for academic session 2025,real
Ministry of Education Pakistan announced exam schedule for all districts of Pakistan,real
get job without exam no test required pay registration fee,fake
HEC Pakistan approved scholarship program for university admissions,real
free admission guaranteed no test required send money on easypaisa,fake
FBISE declared exam dates for academic session 2025,real
earn 5000 rupees daily no merit needed contact agent on whatsapp,fake
free admission guaranteed no test required contact agent on whatsapp,fake
get job without exam 100% guaranteed contact agent on whatsapp,fake
Punjab Board released result notification for intermediate students,real
Punjab Board declared exam dates via official website,real
FBISE released date sheet for academic session 2025,real
Ministry of Education Pakistan opened admission portal for university admissions,real
receive cash reward no merit needed register via telegram,fake
Sindh Board approved scholarship program for all districts of Pakistan,real
Punjab Board approved scholarship program via official website,real
get scholarship without merit without verification join whatsapp group,fake
get scholarship without merit no merit needed register via telegram,fake
free admission guaranteed no test required contact agent on whatsapp,fake
University of Punjab released date sheet for all districts of Pakistan,real
FBISE approved scholarship program for university admissions,real
FBISE released result notification via official website,real
get free laptop instantly instant approval click unknown link,fake
FBISE published merit list for all districts of Pakistan,real
free admission guaranteed instant approval contact agent on whatsapp,fake
Sindh Board opened admission portal under government policy,real
receive cash reward without verification register via telegram,fake
HEC Pakistan approved scholarship program for intermediate students,real
free admission guaranteed instant approval click unknown link,fake
get scholarship without merit 100% guaranteed join whatsapp group,fake
FBISE opened admission portal under government policy,real
Punjab Board announced exam schedule for all districts of Pakistan,real
University of Punjab announced exam schedule for intermediate students,real
get scholarship without merit instant approval join whatsapp group,fake
earn 5000 rupees daily no test required join whatsapp group,fake
receive cash reward no merit needed contact agent on whatsapp,fake
KPK Education Department opened admission portal for university admissions,real
get scholarship without merit without verification join whatsapp group,fake
receive cash reward without verification register via telegram,fake
FBISE declared exam dates via official website,real
get job without exam 100% guaranteed register via telegram,fake
Ministry of Education Pakistan updated curriculum for intermediate students,real
FBISE updated curriculum for all districts of Pakistan,real
get free laptop instantly without verification register via telegram,fake
receive cash reward without verification pay registration fee,fake
get free laptop instantly no merit needed contact agent on whatsapp,fake
earn 5000 rupees daily instant approval join whatsapp group,fake
HEC Pakistan updated curriculum for all districts of Pakistan,real
receive cash reward no test required send money on easypaisa,fake
Sindh Board started registration process for university admissions,real
KPK Education Department started registration process for academic session 2025,real
HEC Pakistan released result notification for academic session 2025,real
FBISE announced exam schedule for all districts of Pakistan,real
free admission guaranteed no test required pay registration fee,fake
get job without exam no test required register via telegram,fake
University of Punjab released result notification via official website,real
KPK Education Department declared exam dates under government policy,real
get job without exam no merit needed pay registration fee,fake
University of Punjab released date sheet via official website,real
get job without exam without verification join whatsapp group,fake
get free laptop instantly instant approval register via telegram,fake
earn 5000 rupees daily without verification register via telegram,fake
Sindh Board announced exam schedule under government policy,real
Punjab Board started registration process via official website,real
FBISE approved scholarship program via official website,real
Ministry of Education Pakistan updated curriculum for university admissions,real
Ministry of Education Pakistan released result notification for academic session 2025,real
KPK Education Department released result notification for all districts of Pakistan,real
get scholarship without merit without verification join whatsapp group,fake
earn 5000 rupees daily no test required pay registration fee,fake
receive cash reward no merit needed register via telegram,fake
FBISE declared exam dates for all districts of Pakistan,real
Ministry of Education Pakistan updated curriculum for university admissions,real
get scholarship without merit no test required send money on easypaisa,fake
free admission guaranteed without verification contact agent on whatsapp,fake
receive cash reward no merit needed click unknown link,fake
receive cash reward no merit needed send money on easypaisa,fake
receive cash reward 100% guaranteed send money on easypaisa,fake
get job without exam instant approval join whatsapp group,fake
get scholarship without merit no merit needed contact agent on whatsapp,fake
get scholarship without merit 100% guaranteed join whatsapp group,fake
HEC Pakistan released result notification for all districts of Pakistan,real
receive cash reward instant approval join whatsapp group,fake
Sindh Board announced exam schedule via official website,real
get scholarship without merit 100% guaranteed contact agent on whatsapp,fake
get free laptop instantly instant approval contact agent on whatsapp,fake
HEC Pakistan updated curriculum for all districts of Pakistan,real
Punjab Board started registration process under government policy,real
earn 5000 rupees daily instant approval pay registration fee,fake
receive cash reward 100% guaranteed click unknown link,fake
FBISE updated curriculum for all districts of Pakistan,real
get job without exam 100% guaranteed click unknown link,fake
get job without exam no test required send money on easypaisa,fake
get scholarship without merit 100% guaranteed register via telegram,fake
get job without exam 100% guaranteed click unknown link,fake
receive cash reward no merit needed pay registration fee,fake
Sindh Board published merit list under government policy,real
FBISE published merit list via official website,real
Sindh Board issued official circular via official website,real
receive cash reward no merit needed click unknown link,fake
get scholarship without merit 100% guaranteed register via telegram,fake
get job without exam no merit needed send money on easypaisa,fake
HEC Pakistan announced exam schedule via official website,real
Punjab Board published merit list for academic session 2025,real
earn 5000 rupees daily 100% guaranteed pay registration fee,fake
KPK Education Department started registration process for academic session 2025,real
KPK Education Department declared exam dates via official website,real
get job without exam without verification send money on easypaisa,fake
KPK Education Department declared exam dates for university admissions,real
Ministry of Education Pakistan approved scholarship program under government policy,real
get scholarship without merit 100% guaranteed send money on easypaisa,fake
HEC Pakistan released result notification under government policy,real
FBISE released date sheet via official website,real
earn 5000 rupees daily instant approval click unknown link,fake
get free laptop instantly no merit needed send money on easypaisa,fake
KPK Education Department announced exam schedule under government policy,real
HEC Pakistan released result notification for intermediate students,real
KPK Education Department opened admission portal for all districts of Pakistan,real
FBISE approved scholarship program for all districts of Pakistan,real
earn 5000 rupees daily without verification contact agent on whatsapp,fake
get free laptop instantly instant approval join whatsapp group,fake
free admission guaranteed 100% guaranteed send money on easypaisa,fake
HEC Pakistan released result notification for intermediate students,real
receive cash reward 100% guaranteed register via telegram,fake
receive cash reward no test required click unknown link,fake
get scholarship without merit 100% guaranteed pay registration fee,fake
get free laptop instantly without verification click unknown link,fake
Sindh Board released date sheet for intermediate students,real
Ministry of Education Pakistan published merit list for intermediate students,real
earn 5000 rupees daily no merit needed send money on easypaisa,fake
earn 5000 rupees daily no merit needed contact agent on whatsapp,fake
get scholarship without merit 100% guaranteed register via telegram,fake
KPK Education Department issued official circular for university admissions,real
FBISE declared exam dates for intermediate students,real
earn 5000 rupees daily instant approval send money on easypaisa,fake
KPK Education Department approved scholarship program under government policy,real
get scholarship without merit no merit needed click unknown link,fake
get free laptop instantly no test required contact agent on whatsapp,fake
Punjab Board declared exam dates via official website,real
get job without exam no merit needed register via telegram,fake
receive cash reward without verification contact agent on whatsapp,fake
HEC Pakistan opened admission portal for all districts of Pakistan,real
Sindh Board published merit list for intermediate students,real
Sindh Board released date sheet for all districts of Pakistan,real
receive cash reward without verification contact agent on whatsapp,fake
University of Punjab released date sheet via official website,real
FBISE released date sheet for intermediate students,real
free admission guaranteed without verification contact agent on whatsapp,fake
FBISE released result notification for all districts of Pakistan,real
free admission guaranteed instant approval click unknown link,fake
get job without exam instant approval register via telegram,fake
University of Punjab released result notification via official website,real
HEC Pakistan released date sheet for all districts of Pakistan,real
get job without exam no merit needed join whatsapp group,fake
free admission guaranteed without verification pay registration fee,fake
Ministry of Education Pakistan published merit list for intermediate students,real
get scholarship without merit no merit needed register via telegram,fake
get scholarship without merit no test required send money on easypaisa,fake
HEC Pakistan opened admission portal for intermediate students,real
KPK Education Department released date sheet for academic session 2025,real
FBISE released result notification for academic session 2025,real
receive cash reward no test required pay registration fee,fake
get scholarship without merit no test required click unknown link,fake
get free laptop instantly no merit needed register via telegram,fake
get scholarship without merit instant approval join whatsapp group,fake
earn 5000 rupees daily 100% guaranteed join whatsapp group,fake
Ministry of Education Pakistan declared exam dates for all districts of Pakistan,real
Punjab Board announced exam schedule for academic session 2025,real
free admission guaranteed no test required pay registration fee,fake
receive cash reward 100% guaranteed join whatsapp group,fake
University of Punjab updated curriculum for all districts of Pakistan,real
FBISE declared exam dates for all districts of Pakistan,real
HEC Pakistan declared exam dates for academic session 2025,real
Ministry of Education Pakistan announced exam schedule for academic session 2025,real
get scholarship without merit no test required click unknown link,fake
earn 5000 rupees daily instant approval click unknown link,fake
receive cash reward 100% guaranteed send money on easypaisa,fake
get free laptop instantly no merit needed send money on easypaisa,fake
FBISE started registration process for intermediate students,real
FBISE approved scholarship program for intermediate students,real
get free laptop instantly 100% guaranteed register via telegram,fake
get scholarship without merit without verification register via telegram,fake
Ministry of Education Pakistan issued official circular under government policy,real
get job without exam no merit needed pay registration fee,fake
University of Punjab updated curriculum for all districts of Pakistan,real
KPK Education Department approved scholarship program for university admissions,real
KPK Education Department announced exam schedule for intermediate students,real
FBISE announced exam schedule for university admissions,real
HEC Pakistan announced exam schedule under government policy,real
FBISE declared exam dates for intermediate students,real
KPK Education Department published merit list for all districts of Pakistan,real
Sindh Board issued official circular via official website,real
free admission guaranteed no merit needed register via telegram,fake
Punjab Board updated curriculum for academic session 2025,real
FBISE released result notification via official website,real
University of Punjab opened admission portal via official website,real
get job without exam no merit needed register via telegram,fake
earn 5000 rupees daily without verification pay registration fee,fake
get scholarship without merit no test required click unknown link,fake
KPK Education Department updated curriculum under government policy,real
get job without exam no test required contact agent on whatsapp,fake
earn 5000 rupees daily no test required pay registration fee,fake
Ministry of Education Pakistan announced exam schedule under government policy,real
University of Punjab approved scholarship program for university admissions,real
receive cash reward no merit needed click unknown link,fake
FBISE opened admission portal for intermediate students,real
University of Punjab opened admission portal via official website,real
HEC Pakistan opened admission portal under government policy,real
get scholarship without merit 100% guaranteed pay registration fee,fake
earn 5000 rupees daily instant approval contact agent on whatsapp,fake
Punjab Board started registration process for university admissions,real
KPK Education Department issued official circular for all districts of Pakistan,real
get free laptop instantly without verification join whatsapp group,fake
Ministry of Education Pakistan declared exam dates via official website,real
Ministry of Education Pakistan released result notification for all districts of Pakistan,real
get job without exam 100% guaranteed pay registration fee,fake
University of Punjab declared exam dates via official website,real
get job without exam 100% guaranteed join whatsapp group,fake
University of Punjab updated curriculum under government policy,real
KPK Education Department started registration process via official website,real
KPK Education Department opened admission portal for intermediate students,real
Sindh Board released date sheet for all districts of Pakistan,real
Punjab Board announced exam schedule for university admissions,real
Ministry of Education Pakistan announced exam schedule for academic session 2025,real
receive cash reward without verification send money on easypaisa,fake
earn 5000 rupees daily instant approval join whatsapp group,fake
receive cash reward no test required send money on easypaisa,fake
get scholarship without merit no test required contact agent on whatsapp,fake
earn 5000 rupees daily instant approval contact agent on whatsapp,fake
Ministry of Education Pakistan started registration process for academic session 2025,real
HEC Pakistan issued official circular for all districts of Pakistan,real
HEC Pakistan approved scholarship program via official website,real
get free laptop instantly no merit needed register via telegram,fake
University of Punjab published merit list via official website,real
Sindh Board published merit list for academic session 2025,real
University of Punjab updated curriculum for intermediate students,real
FBISE opened admission portal for university admissions,real
earn 5000 rupees daily instant approval contact agent on whatsapp,fake
free admission guaranteed no test required send money on easypaisa,fake
Sindh Board opened admission portal for university admissions,real
FBISE issued official circular via official website,real
Ministry of Education Pakistan opened admission portal for intermediate students,real
KPK Education Department opened admission portal for all districts of Pakistan,real
HEC Pakistan opened admission portal for intermediate students,real
get free laptop instantly without verification pay registration fee,fake
get job without exam no test required click unknown link,fake
receive cash reward no test required register via telegram,fake
Punjab Board issued official circular for all districts of Pakistan,real
FBISE started registration process for university admissions,real
Punjab Board issued official circular for university admissions,real
receive cash reward 100% guaranteed register via telegram,fake
Ministry of Education Pakistan published merit list under government policy,real
earn 5000 rupees daily without verification send money on easypaisa,fake
get job without exam instant approval click unknown link,fake
free admission guaranteed without verification register via telegram,fake
receive cash reward no test required join whatsapp group,fake
earn 5000 rupees daily no merit needed contact agent on whatsapp,fake
Punjab Board declared exam dates for intermediate students,real
Sindh Board published merit list for academic session 2025,real
free admission guaranteed 100% guaranteed contact agent on whatsapp,fake
HEC Pakistan started registration process for university admissions,real
Punjab Board opened admission portal under government policy,real
get scholarship without merit instant approval pay registration fee,fake
University of Punjab announced exam schedule for intermediate students,real
FBISE announced exam schedule for all districts of Pakistan,real
get job without exam instant approval send money on easypaisa,fake
Punjab Board started registration process for university admissions,real
Punjab Board announced exam schedule for university admissions,real
get scholarship without merit no test required register via telegram,fake
Sindh Board announced exam schedule via official website,real
free admission guaranteed 100% guaranteed contact agent on whatsapp,fake
receive cash reward no test required register via telegram,fake
receive cash reward no merit needed contact agent on whatsapp,fake
get job without exam instant approval join whatsapp group,fake
free admission guaranteed without verification click unknown link,fake
earn 5000 rupees daily no test required contact agent on whatsapp,fake
get scholarship without merit without verification pay registration fee,fake
HEC Pakistan started registration process under government policy,real
Punjab Board declared exam dates for all districts of Pakistan,real
earn 5000 rupees daily 100% guaranteed send money on easypaisa,fake
earn 5000 rupees daily 100% guaranteed register via telegram,fake
KPK Education Department released result notification via official website,real
University of Punjab published merit list under government policy,real
free admission guaranteed no test required click unknown link,fake
get free laptop instantly instant approval register via telegram,fake
earn 5000 rupees daily 100% guaranteed click unknown link,fake
get job without exam 100% guaranteed click unknown link,fake
HEC Pakistan issued official circular under government policy,real
University of Punjab updated curriculum under government policy,real
KPK Education Department started registration process via official website,real
Sindh Board declared exam dates for intermediate students,real
get free laptop instantly without verification contact agent on whatsapp,fake
Sindh Board declared exam dates via official website,real
FBISE started registration process under government policy,real
Sindh Board approved scholarship program for all districts of Pakistan,real
HEC Pakistan announced exam schedule for university admissions,real
Ministry of Education Pakistan published merit list for intermediate students,real
Sindh Board approved scholarship program via official website,real
FBISE opened admission portal for academic session 2025,real
get free laptop instantly 100% guaranteed register via telegram,fake
KPK Education Department released date sheet for university admissions,real
KPK Education Department updated curriculum under government policy,real
get free laptop instantly without verification join whatsapp group,fake
get scholarship without merit 100% guaranteed pay registration fee,fake
get free laptop instantly no merit needed click unknown link,fake
earn 5000 rupees daily without verification click unknown link,fake
FBISE declared exam dates for intermediate students,real
get scholarship without merit no test required join whatsapp group,fake
HEC Pakistan declared exam dates for all districts of Pakistan,real
get scholarship without merit without verification register via telegram,fake
University of Punjab announced exam schedule for all districts of Pakistan,real
Ministry of Education Pakistan announced exam schedule for intermediate students,real
Ministry of Education Pakistan approved scholarship program for intermediate students,real
HEC Pakistan issued official circular for all districts of Pakistan,real
get job without exam 100% guaranteed pay registration fee,fake
Punjab Board released date sheet via official website,real
FBISE opened admission portal for academic session 2025,real
get job without exam instant approval register via telegram,fake
get job without exam 100% guaranteed send money on easypaisa,fake
University of Punjab approved scholarship program for intermediate students,real
get free laptop instantly without verification pay registration fee,fake
Ministry of Education Pakistan opened admission portal for academic session 2025,real
FBISE published merit list for university admissions,real
HEC Pakistan opened admission portal for intermediate students,real
KPK Education Department approved scholarship program for intermediate students,real
get job without exam no test required join whatsapp group,fake
University of Punjab declared exam dates for academic session 2025,real
receive cash reward no test required register via telegram,fake
free admission guaranteed no merit needed pay registration fee,fake
get scholarship without merit without verification click unknown link,fake
University of Punjab released result notification for academic session 2025,real
Ministry of Education Pakistan released result notification via official website,real
get job without exam no merit needed contact agent on whatsapp,fake
receive cash reward without verification click unknown link,fake
free admission guaranteed 100% guaranteed send money on easypaisa,fake
FBISE announced exam schedule for intermediate students,real
Sindh Board issued official circular under government policy,real
University of Punjab announced exam schedule for academic session 2025,real
get job without exam no merit needed register via telegram,fake
get scholarship without merit 100% guaranteed click unknown link,fake
HEC Pakistan approved scholarship program for intermediate students,real
Sindh Board approved scholarship program for academic session 2025,real
Sindh Board released date sheet via official website,real
free admission guaranteed no test required join whatsapp group,fake
FBISE opened admission portal for university admissions,real
earn 5000 rupees daily 100% guaranteed click unknown link,fake
HEC Pakistan issued official circular for university admissions,real
Sindh Board started registration process under government policy,real
free admission guaranteed no merit needed click unknown link,fake
get free laptop instantly without verification join whatsapp group,fake
Sindh Board opened admission portal for intermediate students,real
Ministry of Education Pakistan opened admission portal for all districts of Pakistan,real
Sindh Board issued official circular for all districts of Pakistan,real
KPK Education Department opened admission portal for all districts of Pakistan,real
FBISE opened admission portal via official website,real
Sindh Board issued official circular via official website,real
earn 5000 rupees daily instant approval contact agent on whatsapp,fake
receive cash reward instant approval send money on easypaisa,fake
get scholarship without merit 100% guaranteed contact agent on whatsapp,fake
get free laptop instantly without verification join whatsapp group,fake
FBISE released date sheet for academic session 2025,real
Ministry of Education Pakistan issued official circular via official website,real
free admission guaranteed no test required join whatsapp group,fake
receive cash reward instant approval register via telegram,fake
earn 5000 rupees daily no test required register via telegram,fake
get free laptop instantly no test required contact agent on whatsapp,fake
Punjab Board started registration process for academic session 2025,real
get free laptop instantly 100% guaranteed pay registration fee,fake
KPK Education Department issued official circular for all districts of Pakistan,real
FBISE declared exam dates for university admissions,real
KPK Education Department published merit list for all districts of Pakistan,real
free admission guaranteed without verification contact agent on whatsapp,fake
Punjab Board released date sheet under government policy,real
Punjab Board started registration process for academic session 2025,real
get free laptop instantly without verification click unknown link,fake
Punjab Board updated curriculum for all districts of Pakistan,real
free admission guaranteed without verification click unknown link,fake
HEC Pakistan started registration process for all districts of Pakistan,real
HEC Pakistan declared exam dates for university admissions,real
get free laptop instantly no test required contact agent on whatsapp,fake
get job without exam no merit needed register via telegram,fake
get job without exam instant approval send money on easypaisa,fake
FBISE updated curriculum for all districts of Pakistan,real
get job without exam without verification send money on easypaisa,fake
KPK Education Department issued official circular for university admissions,real
free admission guaranteed instant approval send money on easypaisa,fake
Sindh Board approved scholarship program for academic session 2025,real
free admission guaranteed no merit needed contact agent on whatsapp,fake
Punjab Board updated curriculum for all districts of Pakistan,real
earn 5000 rupees daily without verification join whatsapp group,fake
get free laptop instantly no test required contact agent on whatsapp,fake
receive cash reward no test required contact agent on whatsapp,fake
Punjab Board declared exam dates under government policy,real
HEC Pakistan announced exam schedule for university admissions,real
Punjab Board released date sheet for university admissions,real
receive cash reward without verification pay registration fee,fake
HEC Pakistan issued official circular for intermediate students,real
get scholarship without merit 100% guaranteed join whatsapp group,fake
earn 5000 rupees daily instant approval send money on easypaisa,fake
get scholarship without merit no test required send money on easypaisa,fake
Punjab Board published merit list for all districts of Pakistan,real
FBISE released result notification for all districts of Pakistan,real
Sindh Board announced exam schedule via official website,real
KPK Education Department released result notification for intermediate students,real
HEC Pakistan started registration process for university admissions,real
get job without exam 100% guaranteed click unknown link,fake
HEC Pakistan released result notification for university admissions,real
receive cash reward instant approval join whatsapp group,fake
Sindh Board released result notification via official website,real
KPK Education Department issued official circular for intermediate students,real
get scholarship without merit no test required contact agent on whatsapp,fake
Sindh Board declared exam dates for academic session 2025,real
HEC Pakistan declared exam dates for university admissions,real
free admission guaranteed no test required pay registration fee,fake
get job without exam no test required contact agent on whatsapp,fake
get free laptop instantly instant approval join whatsapp group,fake
receive cash reward no test required contact agent on whatsapp,fake
KPK Education Department announced exam schedule for academic session 2025,real
get scholarship without merit without verification join whatsapp group,fake
get job without exam instant approval join whatsapp group,fake
FBISE issued official circular under government policy,real
get free laptop instantly without verification contact agent on whatsapp,fake
Sindh Board declared exam dates for academic session 2025,real
Ministry of Education Pakistan opened admission portal under government policy,real
earn 5000 rupees daily without verification join whatsapp group,fake
University of Punjab released date sheet for academic session 2025,real
earn 5000 rupees daily without verification register via telegram,fake
KPK Education Department published merit list under government policy,real
receive cash reward no merit needed join whatsapp group,fake
FBISE published merit list for academic session 2025,real
Sindh Board updated curriculum for academic session 2025,real
KPK Education Department declared exam dates via official website,real
KPK Education Department opened admission portal under government policy,real
free admission guaranteed no test required click unknown link,fake
free admission guaranteed 100% guaranteed click unknown link,fake
Ministry of Education Pakistan announced exam schedule for university admissions,real
free admission guaranteed no test required send money on easypaisa,fake
free admission guaranteed no test required send money on easypaisa,fake
get job without exam no test required pay registration fee,fake
Punjab Board declared exam dates via official website,real
get free laptop instantly without verification join whatsapp group,fake
receive cash reward without verification contact agent on whatsapp,fake
get scholarship without merit 100% guaranteed pay registration fee,fake
Sindh Board updated curriculum for intermediate students,real
get scholarship without merit without verification join whatsapp group,fake
get job without exam without verification join whatsapp group,fake
get job without exam without verification join whatsapp group,fake
earn 5000 rupees daily without verification register via telegram,fake
KPK Education Department released result notification for intermediate students,real
receive cash reward 100% guaranteed register via telegram,fake
get job without exam instant approval register via telegram,fake
earn 5000 rupees daily no test required contact agent on whatsapp,fake
HEC Pakistan announced exam schedule for all districts of Pakistan,real
free admission guaranteed no merit needed contact agent on whatsapp,fake
KPK Education Department issued official circular for university admissions,real
free admission guaranteed 100% guaranteed register via telegram,fake
HEC Pakistan released date sheet for university admissions,real
earn 5000 rupees daily without verification register via telegram,fake
FBISE announced exam schedule via official website,real
University of Punjab declared exam dates for university admissions,real
receive cash reward instant approval contact agent on whatsapp,fake
get job without exam without verification join whatsapp group,fake
earn 5000 rupees daily instant approval contact agent on whatsapp,fake
Punjab Board opened admission portal for university admissions,real
free admission guaranteed without verification contact agent on whatsapp,fake
FBISE issued official circular for intermediate students,real
Sindh Board published merit list for university admissions,real
KPK Education Department opened admission portal for university admissions,real
get scholarship without merit no merit needed register via telegram,fake
get job without exam 100% guaranteed send money on easypaisa,fake
Sindh Board released date sheet under government policy,real
free admission guaranteed instant approval contact agent on whatsapp,fake
KPK Education Department approved scholarship program for intermediate students,real
Ministry of Education Pakistan declared exam dates for all districts of Pakistan,real
HEC Pakistan declared exam dates for intermediate students,real
get scholarship without merit no merit needed send money on easypaisa,fake
get scholarship without merit no merit needed register via telegram,fake
University of Punjab updated curriculum for university admissions,real
Punjab Board released date sheet for academic session 2025,real
Ministry of Education Pakistan opened admission portal for all districts of Pakistan,real
Ministry of Education Pakistan declared exam dates under government policy,real
receive cash reward without verification contact agent on whatsapp,fake
earn 5000 rupees daily no test required pay registration fee,fake
receive cash reward no test required join whatsapp group,fake
get free laptop instantly no merit needed click unknown link,fake
free admission guaranteed 100% guaranteed pay registration fee,fake
get job without exam no test required contact agent on whatsapp,fake
Punjab Board opened admission portal via official website,real
get job without exam no merit needed join whatsapp group,fake
Punjab Board updated curriculum for intermediate students,real
get free laptop instantly instant approval contact agent on whatsapp,fake
Ministry of Education Pakistan released result notification for intermediate students,real
HEC Pakistan started registration process for academic session 2025,real
earn 5000 rupees daily without verification pay registration fee,fake
get scholarship without merit 100% guaranteed pay registration fee,fake
receive cash reward without verification send money on easypaisa,fake
HEC Pakistan approved scholarship program for academic session 2025,real
Punjab Board published merit list for intermediate students,real
KPK Education Department issued official circular for intermediate students,real
free admission guaranteed without verification join whatsapp group,fake
get job without exam no test required register via telegram,fake
Punjab Board released date sheet under government policy,real
Sindh Board released date sheet for intermediate students,real
University of Punjab published merit list under government policy,real
HEC Pakistan updated curriculum under government policy,real
HEC Pakistan released result notification for all districts of Pakistan,real
get job without exam no merit needed join whatsapp group,fake
Sindh Board released result notification for academic session 2025,real
Punjab Board approved scholarship program via official website,real
FBISE released result notification for academic session 2025,real
free admission guaranteed no test required contact agent on whatsapp,fake
free admission guaranteed instant approval register via telegram,fake
HEC Pakistan opened admission portal for intermediate students,real
FBISE released result notification for academic session 2025,real
HEC Pakistan released result notification for university admissions,real
Punjab Board declared exam dates for academic session 2025,real
free admission guaranteed no merit needed click unknown link,fake
get job without exam instant approval pay registration fee,fake
free admission guaranteed without verification pay registration fee,fake
receive cash reward 100% guaranteed pay registration fee,fake
HEC Pakistan opened admission portal for academic session 2025,real
HEC Pakistan approved scholarship program under government policy,real
University of Punjab announced exam schedule via official website,real
receive cash reward 100% guaranteed click unknown link,fake
University of Punjab declared exam dates for university admissions,real
Ministry of Education Pakistan issued official circular via official website,real
get scholarship without merit instant approval join whatsapp group,fake
Ministry of Education Pakistan released result notification under government policy,real
get job without exam without verification register via telegram,fake
get job without exam 100% guaranteed pay registration fee,fake
receive cash reward without verification send money on easypaisa,fake
free admission guaranteed no merit needed click unknown link,fake
earn 5000 rupees daily without verification register via telegram,fake
free admission guaranteed instant approval click unknown link,fake
Sindh Board updated curriculum for academic session 2025,real
FBISE issued official circular via official website,real
Punjab Board published merit list for intermediate students,real
get job without exam 100% guaranteed contact agent on whatsapp,fake
get job without exam instant approval contact agent on whatsapp,fake
receive cash reward instant approval contact agent on whatsapp,fake
Ministry of Education Pakistan released date sheet via official website,real
get free laptop instantly instant approval contact agent on whatsapp,fake
receive cash reward without verification send money on easypaisa,fake
FBISE issued official circular for academic session 2025,real
FBISE announced exam schedule for university admissions,real
Punjab Board issued official circular via official website,real
get job without exam no test required join whatsapp group,fake
get job without exam no test required click unknown link,fake
get job without exam instant approval pay registration fee,fake
University of Punjab issued official circular for intermediate students,real
get free laptop instantly without verification pay registration fee,fake
free admission guaranteed no test required send money on easypaisa,fake
Punjab Board started registration process via official website,real
earn 5000 rupees daily no merit needed join whatsapp group,fake
FBISE opened admission portal for academic session 2025,real
KPK Education Department updated curriculum via official website,real
get scholarship without merit without verification join whatsapp group,fake
KPK Education Department updated curriculum for all districts of Pakistan,real
University of Punjab released result notification for all districts of Pakistan,real
earn 5000 rupees daily instant approval join whatsapp group,fake
HEC Pakistan published merit list under government policy,real
get scholarship without merit no test required send money on easypaisa,fake
Punjab Board released date sheet via official website,real
Punjab Board released result notification for all districts of Pakistan,real
receive cash reward no merit needed send money on easypaisa,fake
get scholarship without merit without verification contact agent on whatsapp,fake
University of Punjab published merit list for all districts of Pakistan,real
earn 5000 rupees daily without verification pay registration fee,fake
Sindh Board declared exam dates under government policy,real
KPK Education Department announced exam schedule via official website,real
Punjab Board declared exam dates under government policy,real
Ministry of Education Pakistan released date sheet for all districts of Pakistan,real
get job without exam no test required pay registration fee,fake
HEC Pakistan opened admission portal for all districts of Pakistan,real
earn 5000 rupees daily no merit needed click unknown link,fake
HEC Pakistan updated curriculum for all districts of Pakistan,real
get free laptop instantly no test required pay registration fee,fake
Punjab Board issued official circular under government policy,real
free admission guaranteed no test required contact agent on whatsapp,fake
get scholarship without merit without verification pay registration fee,fake
Ministry of Education Pakistan declared exam dates for intermediate students,real
free admission guaranteed without verification contact agent on whatsapp,fake
get free laptop instantly 100% guaranteed register via telegram,fake
Sindh Board updated curriculum via official website,real
Punjab Board approved scholarship program for academic session 2025,real
get job without exam without verification pay registration fee,fake
free admission guaranteed without verification join whatsapp group,fake
FBISE opened admission portal for all districts of Pakistan,real
FBISE started registration process for all districts of Pakistan,real
HEC Pakistan issued official circular for academic session 2025,real
Sindh Board opened admission portal for all districts of Pakistan,real
KPK Education Department opened admission portal via official website,real
KPK Education Department updated curriculum under government policy,real
Punjab Board released date sheet under government policy,real
receive cash reward no test required contact agent on whatsapp,fake
University of Punjab updated curriculum under government policy,real
get scholarship without merit without verification send money on easypaisa,fake
receive cash reward 100% guaranteed send money on easypaisa,fake
KPK Education Department declared exam dates for academic session 2025,real
Ministry of Education Pakistan released date sheet via official website,real
get scholarship without merit no merit needed pay registration fee,fake
free admission guaranteed instant approval pay registration fee,fake
KPK Education Department published merit list for university admissions,real
Punjab Board released date sheet for academic session 2025,real
Ministry of Education Pakistan released date sheet via official website,real
get job without exam no test required register via telegram,fake
get scholarship without merit without verification send money on easypaisa,fake
Sindh Board released date sheet for all districts of Pakistan,real
Ministry of Education Pakistan started registration process for academic session 2025,real
Punjab Board issued official circular for intermediate students,real
Ministry of Education Pakistan issued official circular for intermediate students,real
Ministry of Education Pakistan released date sheet for university admissions,real
KPK Education Department approved scholarship program for university admissions,real
KPK Education Department released date sheet via official website,real
Punjab Board started registration process for university admissions,real
get free laptop instantly 100% guaranteed pay registration fee,fake
get job without exam 100% guaranteed pay registration fee,fake
Punjab Board declared exam dates via official website,real
earn 5000 rupees daily 100% guaranteed join whatsapp group,fake
get job without exam no merit needed pay registration fee,fake
free admission guaranteed 100% guaranteed join whatsapp group,fake
University of Punjab released date sheet for all districts of Pakistan,real
get scholarship without merit without verification click unknown link,fake
University of Punjab approved scholarship program for intermediate students,real
get scholarship without merit 100% guaranteed contact agent on whatsapp,fake
Punjab Board declared exam dates for university admissions,real
Sindh Board published merit list for intermediate students,real
University of Punjab released result notification under government policy,real
Punjab Board released result notification for intermediate students,real
KPK Education Department published merit list for all districts of Pakistan,real
earn 5000 rupees daily no test required contact agent on whatsapp,fake
earn 5000 rupees daily no merit needed send money on easypaisa,fake
HEC Pakistan opened admission portal via official website,real
HEC Pakistan opened admission portal for all districts of Pakistan,real
earn 5000 rupees daily no test required join whatsapp group,fake
FBISE started registration process for all districts of Pakistan,real
HEC Pakistan started registration process for all districts of Pakistan,real
earn 5000 rupees daily without verification send money on easypaisa,fake
KPK Education Department announced exam schedule for university admissions,real
KPK Education Department announced exam schedule for university admissions,real
earn 5000 rupees daily 100% guaranteed join whatsapp group,fake
University of Punjab approved scholarship program for academic session 2025,real
Ministry of Education Pakistan declared exam dates under government policy,real
University of Punjab updated curriculum for all districts of Pakistan,real
KPK Education Department declared exam dates for all districts of Pakistan,real
Ministry of Education Pakistan released result notification via official website,real
KPK Education Department issued official circular for all districts of Pakistan,real
earn 5000 rupees daily 100% guaranteed send money on easypaisa,fake
receive cash reward no test required join whatsapp group,fake
receive cash reward without verification contact agent on whatsapp,fake
KPK Education Department announced exam schedule for university admissions,real
Ministry of Education Pakistan released date sheet for intermediate students,real
Ministry of Education Pakistan released result notification for academic session 2025,real
Punjab Board updated curriculum under government policy,real
get free laptop instantly instant approval contact agent on whatsapp,fake
FBISE approved scholarship program via official website,real
KPK Education Department started registration process for intermediate students,real
get free laptop instantly no merit needed click unknown link,fake
get scholarship without merit without verification click unknown link,fake
get job without exam no test required register via telegram,fake
KPK Education Department updated curriculum under government policy,real
HEC Pakistan published merit list under government policy,real
free admission guaranteed 100% guaranteed register via telegram,fake
KPK Education Department started registration process under government policy,real
get free laptop instantly without verification click unknown link,fake
free admission guaranteed no test required pay registration fee,fake
KPK Education Department announced exam schedule for intermediate students,real
free admission guaranteed instant approval contact agent on whatsapp,fake
earn 5000 rupees daily without verification pay registration fee,fake
FBISE started registration process via official website,real
get job without exam without verification join whatsapp group,fake
receive cash reward without verification contact agent on whatsapp,fake
receive cash reward without verification contact agent on whatsapp,fake
HEC Pakistan announced exam schedule for academic session 2025,real
FBISE updated curriculum for intermediate students,real
earn 5000 rupees daily instant approval click unknown link,fake
Sindh Board updated curriculum for academic session 2025,real
Sindh Board approved scholarship program for university admissions,real
HEC Pakistan approved scholarship program for university admissions,real
earn 5000 rupees daily 100% guaranteed register via telegram,fake
Ministry of Education Pakistan opened admission portal for all districts of Pakistan,real
University of Punjab published merit list via official website,real
get scholarship without merit without verification register via telegram,fake
Sindh Board opened admission portal via official website,real
get free laptop instantly instant approval join whatsapp group,fake
receive cash reward no test required register via telegram,fake
get free laptop instantly without verification click unknown link,fake
free admission guaranteed without verification join whatsapp group,fake
get free laptop instantly without verification register via telegram,fake
University of Punjab published merit list via official website,real
Punjab Board declared exam dates for intermediate students,real
Ministry of Education Pakistan published merit list via official website,real
get free laptop instantly instant approval join whatsapp group,fake
get job without exam no merit needed click unknown link,fake
get scholarship without merit no merit needed register via telegram,fake
earn 5000 rupees daily instant approval contact agent on whatsapp,fake
University of Punjab issued official circular under government policy,real
HEC Pakistan declared exam dates for all districts of Pakistan,real
free admission guaranteed 100% guaranteed pay registration fee,fake
Sindh Board declared exam dates under government policy,real
FBISE declared exam dates via official website,real
HEC Pakistan started registration process for all districts of Pakistan,real
HEC Pakistan declared exam dates for all districts of Pakistan,real
Sindh Board opened admission portal for intermediate students,real
earn 5000 rupees daily 100% guaranteed click unknown link,fake
Punjab Board started registration process for university admissions,real
Ministry of Education Pakistan updated curriculum under government policy,real
free admission guaranteed 100% guaranteed join whatsapp group,fake
University of Punjab published merit list under government policy,real
Ministry of Education Pakistan updated curriculum for intermediate students,real
free admission guaranteed no merit needed join whatsapp group,fake
get job without exam no merit needed contact agent on whatsapp,fake
free admission guaranteed no test required send money on easypaisa,fake
receive cash reward instant approval contact agent on whatsapp,fake
University of Punjab announced exam schedule via official website,real
KPK Education Department started registration process for academic session 2025,real
get scholarship without merit no merit needed pay registration fee,fake
HEC Pakistan announced exam schedule for university admissions,real
Sindh Board announced exam schedule under government policy,real
get job without exam no merit needed send money on easypaisa,fake
University of Punjab opened admission portal for all districts of Pakistan,real
HEC Pakistan approved scholarship program for intermediate students,real
HEC Pakistan released result notification for intermediate students,real
Punjab Board opened admission portal for university admissions,real
Sindh Board announced exam schedule via official website,real
HEC Pakistan updated curriculum for university admissions,real
earn 5000 rupees daily no merit needed register via telegram,fake
earn 5000 rupees daily instant approval join whatsapp group,fake
get job without exam 100% guaranteed click unknown link,fake
receive cash reward no merit needed register via telegram,fake
Ministry of Education Pakistan started registration process via official website,real
get job without exam no merit needed join whatsapp group,fake
get free laptop instantly no test required join whatsapp group,fake
HEC Pakistan opened admission portal for university admissions,real
get scholarship without merit no merit needed click unknown link,fake
HEC Pakistan published merit list under government policy,real
Ministry of Education Pakistan released date sheet for all districts of Pakistan,real
HEC Pakistan released date sheet for university admissions,real
get free laptop instantly without verification contact agent on whatsapp,fake
receive cash reward 100% guaranteed click unknown link,fake
FBISE released result notification for all districts of Pakistan,real
University of Punjab issued official circular for academic session 2025,real
free admission guaranteed no test required contact agent on whatsapp,fake
free admission guaranteed no test required send money on easypaisa,fake
get job without exam no test required click unknown link,fake
FBISE updated curriculum under government policy,real
University of Punjab approved scholarship program for intermediate students,real
get free laptop instantly without verification click unknown link,fake
University of Punjab released result notification under government policy,real
earn 5000 rupees daily without verification send money on easypaisa,fake
free admission guaranteed without verification join whatsapp group,fake
Sindh Board released result notification for intermediate students,real
earn 5000 rupees daily instant approval contact agent on whatsapp,fake
get free laptop instantly without verification register via telegram,fake
earn 5000 rupees daily without verification contact agent on whatsapp,fake
get scholarship without merit instant approval pay registration fee,fake
HEC Pakistan issued official circular for all districts of Pakistan,real
HEC Pakistan announced exam schedule via official website,real
earn 5000 rupees daily no merit needed click unknown link,fake
Punjab Board declared exam dates via official website,real
Punjab Board published merit list under government policy,real
Punjab Board approved scholarship program under government policy,real
University of Punjab published merit list for university admissions,real
University of Punjab released date sheet for university admissions,real
Sindh Board opened admission portal for university admissions,real
free admission guaranteed no merit needed contact agent on whatsapp,fake
KPK Education Department released result notification under government policy,real
Ministry of Education Pakistan announced exam schedule for university admissions,real
Sindh Board opened admission portal under government policy,real
get free laptop instantly without verification contact agent on whatsapp,fake
get scholarship without merit no test required click unknown link,fake
get scholarship without merit no merit needed register via telegram,fake
receive cash reward no test required click unknown link,fake
earn 5000 rupees daily 100% guaranteed send money on easypaisa,fake
KPK Education Department published merit list for intermediate students,real
KPK Education Department issued official circular under government policy,real
Punjab Board announced exam schedule for intermediate students,real
receive cash reward instant approval contact agent on whatsapp,fake
receive cash reward without verification register via telegram,fake
earn 5000 rupees daily no merit needed pay registration fee,fake
Ministry of Education Pakistan started registration process for university admissions,real
Ministry of Education Pakistan released result notification under government policy,real
get free laptop instantly no test required send money on easypaisa,fake
FBISE declared exam dates for all districts of Pakistan,real
HEC Pakistan issued official circular for all districts of Pakistan,real
receive cash reward no test required join whatsapp group,fake
Ministry of Education Pakistan updated curriculum under government policy,real
receive cash reward no merit needed pay registration fee,fake
Ministry of Education Pakistan declared exam dates for intermediate students,real
Punjab Board published merit list for academic session 2025,real
get free laptop instantly 100% guaranteed pay registration fee,fake
free admission guaranteed instant approval register via telegram,fake
get scholarship without merit instant approval contact agent on whatsapp,fake
earn 5000 rupees daily 100% guaranteed click unknown link,fake
receive cash reward without verification join whatsapp group,fake
FBISE updated curriculum for intermediate students,real
get free laptop instantly no merit needed send money on easypaisa,fake
HEC Pakistan announced exam schedule for academic session 2025,real
free admission guaranteed without verification send money on easypaisa,fake
University of Punjab opened admission portal for all districts of Pakistan,real
Punjab Board updated curriculum for intermediate students,real
get free laptop instantly 100% guaranteed join whatsapp group,fake
earn 5000 rupees daily no test required register via telegram,fake
Sindh Board released result notification for intermediate students,real
get scholarship without merit 100% guaranteed send money on easypaisa,fake
HEC Pakistan announced exam schedule for academic session 2025,real
get scholarship without merit without verification join whatsapp group,fake
earn 5000 rupees daily without verification contact agent on whatsapp,fake
Ministry of Education Pakistan issued official circular for intermediate students,real
receive cash reward 100% guaranteed pay registration fee,fake
Ministry of Education Pakistan released result notification for university admissions,real
get free laptop instantly instant approval click unknown link,fake
Sindh Board announced exam schedule for university admissions,real
free admission guaranteed no test required click unknown link,fake
free admission guaranteed no test required click unknown link,fake
University of Punjab declared exam dates for academic session 2025,real
Punjab Board released result notification for academic session 2025,real
free admission guaranteed no test required send money on easypaisa,fake
get scholarship without merit no merit needed pay registration fee,fake
get scholarship without merit without verification click unknown link,fake
KPK Education Department issued official circular for academic session 2025,real
KPK Education Department announced exam schedule for intermediate students,real
FBISE opened admission portal for all districts of Pakistan,real
earn 5000 rupees daily instant approval click unknown link,fake
Ministry of Education Pakistan started registration process for university admissions,real
get free laptop instantly no test required join whatsapp group,fake
FBISE published merit list for university admissions,real
University of Punjab published merit list for all districts of Pakistan,real
free admission guaranteed no merit needed contact agent on whatsapp,fake
FBISE released date sheet for academic session 2025,real
free admission guaranteed no merit needed send money on easypaisa,fake
University of Punjab released date sheet via official website,real
receive cash reward no merit needed send money on easypaisa,fake
free admission guaranteed no merit needed click unknown link,fake
earn 5000 rupees daily no test required click unknown link,fake
Punjab Board released date sheet for all districts of Pakistan,real
get scholarship without merit without verification join whatsapp group,fake
get free laptop instantly instant approval contact agent on whatsapp,fake
University of Punjab published merit list for university admissions,real
KPK Education Department released date sheet for university admissions,real
Punjab Board updated curriculum for intermediate students,real
University of Punjab released date sheet via official website,real
earn 5000 rupees daily instant approval pay registration fee,fake
Ministry of Education Pakistan published merit list for university admissions,real
Sindh Board approved scholarship program via official website,real
Sindh Board updated curriculum via official website,real
HEC Pakistan released date sheet under government policy,real
University of Punjab approved scholarship program for all districts of Pakistan,real
get scholarship without merit 100% guaranteed register via telegram,fake
HEC Pakistan released date sheet via official website,real
FBISE announced exam schedule for all districts of Pakistan,real
get job without exam 100% guaranteed click unknown link,fake
free admission guaranteed 100% guaranteed register via telegram,fake
HEC Pakistan approved scholarship program for university admissions,real
FBISE announced exam schedule under government policy,real
KPK Education Department released result notification via official website,real
receive cash reward instant approval pay registration fee,fake
KPK Education Department started registration process via official website,real
free admission guaranteed no merit needed pay registration fee,fake
get scholarship without merit instant approval click unknown link,fake
Punjab Board published merit list under government policy,real
Ministry of Education Pakistan opened admission portal via official website,real
University of Punjab approved scholarship program for university admissions,real
get scholarship without merit 100% guaranteed send money on easypaisa,fake
free admission guaranteed no test required click unknown link,fake
get scholarship without merit no merit needed click unknown link,fake
Ministry of Education Pakistan published merit list for academic session 2025,real
KPK Education Department declared exam dates under government policy,real
get scholarship without merit no test required register via telegram,fake
University of Punjab issued official circular for all districts of Pakistan,real
Ministry of Education Pakistan published merit list under government policy,real
Ministry of Education Pakistan released result notification under government policy,real
get scholarship without merit 100% guaranteed send money on easypaisa,fake
HEC Pakistan issued official circular for academic session 2025,real
get job without exam no merit needed pay registration fee,fake
earn 5000 rupees daily no test required click unknown link,fake
FBISE declared exam dates under government policy,real
get job without exam 100% guaranteed join whatsapp group,fake
Punjab Board opened admission portal for academic session 2025,real
KPK Education Department approved scholarship program via official website,real
free admission guaranteed 100% guaranteed register via telegram,fake
HEC Pakistan published merit list for academic session 2025,real
free admission guaranteed no merit needed pay registration fee,fake
University of Punjab approved scholarship program for intermediate students,real
get free laptop instantly 100% guaranteed register via telegram,fake
receive cash reward no merit needed register via telegram,fake
FBISE released date sheet for all districts of Pakistan,real
get job without exam 100% guaranteed send money on easypaisa,fake
receive cash reward without verification register via telegram,fake
HEC Pakistan announced exam schedule under government policy,real
get job without exam no test required send money on easypaisa,fake
get free laptop instantly no test required register via telegram,fake
get job without exam no merit needed join whatsapp group,fake
FBISE issued official circular for university admissions,real
receive cash reward without verification send money on easypaisa,fake
get free laptop instantly no test required join whatsapp group,fake
Sindh Board released date sheet via official website,real
KPK Education Department started registration process for university admissions,real
get free laptop instantly without verification register via telegram,fake
earn 5000 rupees daily without verification contact agent on whatsapp,fake
receive cash reward instant approval send money on easypaisa,fake
University of Punjab released date sheet for university admissions,real
Ministry of Education Pakistan published merit list for all districts of Pakistan,real
free admission guaranteed 100% guaranteed contact agent on whatsapp,fake
University of Punjab released date sheet for university admissions,real
KPK Education Department declared exam dates under government policy,real
Sindh Board declared exam dates for intermediate students,real
FBISE started registration process for intermediate students,real
get scholarship without merit without verification join whatsapp group,fake
earn 5000 rupees daily instant approval join whatsapp group,fake
KPK Education Department updated curriculum for all districts of Pakistan,real
University of Punjab declared exam dates for university admissions,real
FBISE started registration process for intermediate students,real
KPK Education Department declared exam dates via official website,real
Ministry of Education Pakistan issued official circular for all districts of Pakistan,real
Punjab Board published merit list for university admissions,real
receive cash reward without verification pay registration fee,fake
free admission guaranteed 100% guaranteed contact agent on whatsapp,fake
receive cash reward without verification register via telegram,fake
get free laptop instantly no test required send money on easypaisa,fake
Sindh Board released result notification under government policy,real
get free laptop instantly no test required contact agent on whatsapp,fake
get job without exam 100% guaranteed register via telegram,fake
get job without exam without verification contact agent on whatsapp,fake
Sindh Board released date sheet for intermediate students,real
Punjab Board released result notification for academic session 2025,real
get job without exam no test required register via telegram,fake
University of Punjab released result notification for intermediate students,real
Ministry of Education Pakistan announced exam schedule for university admissions,real
get free laptop instantly no merit needed click unknown link,fake
get job without exam without verification pay registration fee,fake
get job without exam 100% guaranteed send money on easypaisa,fake
earn 5000 rupees daily 100% guaranteed click unknown link,fake
free admission guaranteed instant approval pay registration fee,fake
Sindh Board published merit list for university admissions,real
free admission guaranteed instant approval register via telegram,fake
FBISE opened admission portal for all districts of Pakistan,real
KPK Education Department started registration process under government policy,real
receive cash reward no test required join whatsapp group,fake
HEC Pakistan released date sheet via official website,real
get free laptop instantly no test required register via telegram,fake
Punjab Board opened admission portal via official website,real
Punjab Board declared exam dates under government policy,real
Sindh Board declared exam dates under government policy,real
get free laptop instantly 100% guaranteed register via telegram,fake
get job without exam without verification contact agent on whatsapp,fake
University of Punjab approved scholarship program via official website,real
receive cash reward instant approval pay registration fee,fake
Ministry of Education Pakistan released result notification for academic session 2025,real
receive cash reward no test required join whatsapp group,fake
get job without exam instant approval send money on easypaisa,fake
KPK Education Department approved scholarship program for academic session 2025,real
Punjab Board released date sheet via official website,real
receive cash reward no test required click unknown link,fake
Ministry of Education Pakistan updated curriculum for university admissions,real
Sindh Board issued official circular via official website,real
University of Punjab approved scholarship program for academic session 2025,real
Punjab Board published merit list via official website,real
get scholarship without merit instant approval pay registration fee,fake
HEC Pakistan started registration process for university admissions,real
Ministry of Education Pakistan approved scholarship program for university admissions,real
get job without exam no merit needed join whatsapp group,fake
HEC Pakistan opened admission portal for university admissions,real
receive cash reward instant approval join whatsapp group,fake
get free laptop instantly no test required pay registration fee,fake
get scholarship without merit without verification pay registration fee,fake
KPK Education Department declared exam dates for intermediate students,real
get job without exam instant approval send money on easypaisa,fake
receive cash reward 100% guaranteed contact agent on whatsapp,fake
get free laptop instantly instant approval register via telegram,fake
KPK Education Department opened admission portal for intermediate students,real
receive cash reward 100% guaranteed register via telegram,fake
Ministry of Education Pakistan issued official circular for academic session 2025,real
FBISE announced exam schedule for all districts of Pakistan,real
HEC Pakistan released date sheet for all districts of Pakistan,real
earn 5000 rupees daily instant approval register via telegram,fake
get scholarship without merit without verification send money on easypaisa,fake
receive cash reward instant approval send money on easypaisa,fake
get scholarship without merit instant approval contact agent on whatsapp,fake
FBISE declared exam dates via official website,real
HEC Pakistan released result notification for university admissions,real
HEC Pakistan issued official circular under government policy,real
University of Punjab declared exam dates for intermediate students,real
get scholarship without merit 100% guaranteed pay registration fee,fake
get job without exam without verification contact agent on whatsapp,fake
Punjab Board released result notification via official website,real
earn 5000 rupees daily no merit needed join whatsapp group,fake
Ministry of Education Pakistan released date sheet for academic session 2025,real
free admission guaranteed no test required send money on easypaisa,fake
earn 5000 rupees daily no merit needed click unknown link,fake
FBISE updated curriculum via official website,real
free admission guaranteed no merit needed click unknown link,fake
Punjab Board started registration process for university admissions,real
Sindh Board released result notification via official website,real
get job without exam no test required click unknown link,fake
free admission guaranteed without verification join whatsapp group,fake
KPK Education Department issued official circular for academic session 2025,real
University of Punjab opened admission portal via official website,real
University of Punjab updated curriculum for academic session 2025,real
get scholarship without merit 100% guaranteed click unknown link,fake
Punjab Board announced exam schedule for intermediate students,real
Sindh Board updated curriculum for academic session 2025,real
FBISE updated curriculum under government policy,real
HEC Pakistan published merit list for intermediate students,real
earn 5000 rupees daily no test required contact agent on whatsapp,fake
earn 5000 rupees daily no merit needed click unknown link,fake
University of Punjab published merit list for intermediate students,real
University of Punjab started registration process via official website,real
receive cash reward 100% guaranteed join whatsapp group,fake
HEC Pakistan announced exam schedule via official website,real
receive cash reward without verification send money on easypaisa,fake
Sindh Board announced exam schedule for university admissions,real
get scholarship without merit 100% guaranteed contact agent on whatsapp,fake
University of Punjab published merit list for intermediate students,real
FBISE published merit list for intermediate students,real
get free laptop instantly instant approval pay registration fee,fake
receive cash reward instant approval register via telegram,fake
earn 5000 rupees daily instant approval pay registration fee,fake
Ministry of Education Pakistan released date sheet for intermediate students,real
receive cash reward without verification click unknown link,fake
KPK Education Department issued official circular for intermediate students,real
get job without exam without verification click unknown link,fake
get scholarship without merit instant approval join whatsapp group,fake
Sindh Board released date sheet under government policy,real
FBISE opened admission portal for university admissions,real
free admission guaranteed 100% guaranteed register via telegram,fake
Ministry of Education Pakistan issued official circular for university admissions,real
get job without exam no merit needed send money on easypaisa,fake
FBISE updated curriculum for all districts of Pakistan,real
earn 5000 rupees daily 100% guaranteed register via telegram,fake
FBISE released date sheet for academic session 2025,real
receive cash reward instant approval register via telegram,fake
KPK Education Department approved scholarship program for intermediate students,real
receive cash reward no test required register via telegram,fake
get job without exam 100% guaranteed register via telegram,fake
earn 5000 rupees daily no merit needed click unknown link,fake
Sindh Board released date sheet for university admissions,real
Ministry of Education Pakistan released date sheet for university admissions,real
KPK Education Department opened admission portal under government policy,real
Punjab Board issued official circular for intermediate students,real
Ministry of Education Pakistan released result notification via official website,real
Ministry of Education Pakistan started registration process for university admissions,real
Sindh Board approved scholarship program under government policy,real
free admission guaranteed 100% guaranteed pay registration fee,fake
get job without exam 100% guaranteed pay registration fee,fake
HEC Pakistan declared exam dates under government policy,real
KPK Education Department released date sheet via official website,real
Ministry of Education Pakistan announced exam schedule for university admissions,real
Sindh Board started registration process for all districts of Pakistan,real
FBISE started registration process for all districts of Pakistan,real
KPK Education Department updated curriculum via official website,real
Punjab Board published merit list via official website,real
get free laptop instantly no merit needed send money on easypaisa,fake
get free laptop instantly 100% guaranteed click unknown link,fake
receive cash reward without verification contact agent on whatsapp,fake
receive cash reward no merit needed pay registration fee,fake
Sindh Board approved scholarship program for university admissions,real
Punjab Board started registration process for intermediate students,real
free admission guaranteed instant approval send money on easypaisa,fake
Ministry of Education Pakistan approved scholarship program for academic session 2025,real
Ministry of Education Pakistan published merit list for all districts of Pakistan,real
get free laptop instantly instant approval send money on easypaisa,fake
HEC Pakistan published merit list for intermediate students,real
earn 5000 rupees daily instant approval contact agent on whatsapp,fake
get free laptop instantly 100% guaranteed join whatsapp group,fake
free admission guaranteed 100% guaranteed pay registration fee,fake
Sindh Board released date sheet for academic session 2025,real
get scholarship without merit no test required send money on easypaisa,fake
Punjab Board opened admission portal for intermediate students,real
get job without exam no test required click unknown link,fake
receive cash reward without verification click unknown link,fake
earn 5000 rupees daily 100% guaranteed contact agent on whatsapp,fake
Sindh Board issued official circular under government policy,real
KPK Education Department updated curriculum for intermediate students,real
get scholarship without merit without verification contact agent on whatsapp,fake
KPK Education Department published merit list for intermediate students,real
get job without exam 100% guaranteed join whatsapp group,fake
free admission guaranteed instant approval contact agent on whatsapp,fake
free admission guaranteed no merit needed click unknown link,fake
earn 5000 rupees daily instant approval pay registration fee,fake
get free laptop instantly instant approval contact agent on whatsapp,fake
get free laptop instantly no test required join whatsapp group,fake
get job without exam no test required pay registration fee,fake
Punjab Board updated curriculum for all districts of Pakistan,real
University of Punjab declared exam dates under government policy,real
HEC Pakistan released date sheet via official website,real
get scholarship without merit no merit needed register via telegram,fake
get free laptop instantly no test required contact agent on whatsapp,fake
get free laptop instantly no test required click unknown link,fake
Ministry of Education Pakistan opened admission portal for intermediate students,real
free admission guaranteed 100% guaranteed send money on easypaisa,fake
get free laptop instantly no test required register via telegram,fake
get job without exam no merit needed send money on easypaisa,fake
Punjab Board started registration process for all districts of Pakistan,real
get job without exam without verification send money on easypaisa,fake
get free laptop instantly no merit needed click unknown link,fake
University of Punjab approved scholarship program for all districts of Pakistan,real
Punjab Board approved scholarship program under government policy,real
HEC Pakistan opened admission portal for university admissions,real
Ministry of Education Pakistan started registration process for university admissions,real
get free laptop instantly instant approval register via telegram,fake
earn 5000 rupees daily 100% guaranteed contact agent on whatsapp,fake
get job without exam 100% guaranteed click unknown link,fake
get free laptop instantly without verification join whatsapp group,fake
HEC Pakistan opened admission portal under government policy,real
get scholarship without merit 100% guaranteed click unknown link,fake
earn 5000 rupees daily instant approval pay registration fee,fake
get free laptop instantly without verification click unknown link,fake
earn 5000 rupees daily without verification send money on easypaisa,fake
get scholarship without merit no merit needed send money on easypaisa,fake
FBISE started registration process via official website,real
Ministry of Education Pakistan announced exam schedule for university admissions,real
HEC Pakistan started registration process for all districts of Pakistan,real
University of Punjab started registration process for academic session 2025,real
earn 5000 rupees daily 100% guaranteed contact agent on whatsapp,fake
Ministry of Education Pakistan declared exam dates for university admissions,real
get job without exam no merit needed pay registration fee,fake
get free laptop instantly without verification register via telegram,fake
FBISE released date sheet for all districts of Pakistan,real
get free laptop instantly 100% guaranteed send money on easypaisa,fake
get scholarship without merit no merit needed contact agent on whatsapp,fake
University of Punjab released result notification under government policy,real
receive cash reward instant approval register via telegram,fake
earn 5000 rupees daily no merit needed register via telegram,fake
free admission guaranteed without verification send money on easypaisa,fake
get job without exam no merit needed send money on easypaisa,fake
FBISE declared exam dates via official website,real
get job without exam no merit needed join whatsapp group,fake
get free laptop instantly instant approval register via telegram,fake
get free laptop instantly 100% guaranteed click unknown link,fake
get job without exam instant approval contact agent on whatsapp,fake
Ministry of Education Pakistan issued official circular via official website,real
get scholarship without merit instant approval contact agent on whatsapp,fake
get job without exam 100% guaranteed join whatsapp group,fake
HEC Pakistan announced exam schedule for intermediate students,real
University of Punjab declared exam dates via official website,real
free admission guaranteed no merit needed contact agent on whatsapp,fake
Ministry of Education Pakistan opened admission portal via official website,real
University of Punjab started registration process via official website,real
University of Punjab declared exam dates under government policy,real
get scholarship without merit without verification register via telegram,fake
FBISE started registration process via official website,real
Sindh Board released date sheet via official website,real
free admission guaranteed without verification join whatsapp group,fake
free admission guaranteed no test required register via telegram,fake
University of Punjab released date sheet for university admissions,real
earn 5000 rupees daily 100% guaranteed contact agent on whatsapp,fake
receive cash reward 100% guaranteed click unknown link,fake
get job without exam instant approval send money on easypaisa,fake
KPK Education Department released date sheet for intermediate students,real
get free laptop instantly 100% guaranteed contact agent on whatsapp,fake
KPK Education Department started registration process for all districts of Pakistan,real
get job without exam instant approval join whatsapp group,fake
get job without exam without verification register via telegram,fake
KPK Education Department approved scholarship program for intermediate students,real
receive cash reward no merit needed pay registration fee,fake
Punjab Board published merit list under government policy,real
get job without exam without verification join whatsapp group,fake
Sindh Board published merit list for university admissions,real
free admission guaranteed without verification contact agent on whatsapp,fake
Punjab Board approved scholarship program via official website,real
receive cash reward no merit needed send money on easypaisa,fake
FBISE opened admission portal for all districts of Pakistan,real
KPK Education Department started registration process for all districts of Pakistan,real
University of Punjab released result notification for university admissions,real
get free laptop instantly without verification join whatsapp group,fake
earn 5000 rupees daily no test required register via telegram,fake
get free laptop instantly without verification pay registration fee,fake
University of Punjab approved scholarship program via official website,real
get job without exam no test required join whatsapp group,fake
Ministry of Education Pakistan updated curriculum for university admissions,real
receive cash reward instant approval send money on easypaisa,fake
University of Punjab started registration process for all districts of Pakistan,real
get scholarship without merit instant approval click unknown link,fake
Ministry of Education Pakistan released date sheet for all districts of Pakistan,real
FBISE started registration process via official website,real
free admission guaranteed 100% guaranteed send money on easypaisa,fake
get free laptop instantly without verification register via telegram,fake
earn 5000 rupees daily instant approval join whatsapp group,fake
get free laptop instantly without verification pay registration fee,fake
Ministry of Education Pakistan published merit list via official website,real
KPK Education Department approved scholarship program under government policy,real
Punjab Board released date sheet under government policy,real
get job without exam no merit needed send money on easypaisa,fake
receive cash reward no merit needed send money on easypaisa,fake
FBISE opened admission portal for intermediate students,real
FBISE announced exam schedule for university admissions,real
receive cash reward no test required send money on easypaisa,fake
Punjab Board declared exam dates via official website,real
FBISE opened admission portal via official website,real
HEC Pakistan updated curriculum via official website,real
Ministry of Education Pakistan approved scholarship program for academic session 2025,real
earn 5000 rupees daily 100% guaranteed send money on easypaisa,fake
Punjab Board released result notification via official website,real
earn 5000 rupees daily no merit needed register via telegram,fake
Sindh Board started registration process under government policy,real
receive cash reward without verification contact agent on whatsapp,fake
get job without exam no test required click unknown link,fake
get job without exam 100% guaranteed click unknown link,fake
Sindh Board opened admission portal for academic session 2025,real
Ministry of Education Pakistan updated curriculum for university admissions,real
get scholarship without merit 100% guaranteed pay registration fee,fake
KPK Education Department released result notification for intermediate students,real
free admission guaranteed no test required send money on easypaisa,fake
free admission guaranteed instant approval pay registration fee,fake
get free laptop instantly without verification send money on easypaisa,fake
earn 5000 rupees daily instant approval send money on easypaisa,fake
University of Punjab announced exam schedule for university admissions,real
free admission guaranteed no merit needed contact agent on whatsapp,fake
earn 5000 rupees daily 100% guaranteed join whatsapp group,fake
Sindh Board issued official circular under government policy,real
Punjab Board published merit list for university admissions,real
Ministry of Education Pakistan announced exam schedule via official website,real
get scholarship without merit instant approval send money on easypaisa,fake
Ministry of Education Pakistan updated curriculum via official website,real
Ministry of Education Pakistan published merit list for intermediate students,real
earn 5000 rupees daily no test required register via telegram,fake
get free laptop instantly instant approval register via telegram,fake
get job without exam 100% guaranteed click unknown link,fake
get free laptop instantly 100% guaranteed join whatsapp group,fake
Punjab Board updated curriculum for intermediate students,real
get job without exam without verification send money on easypaisa,fake
Punjab Board started registration process for university admissions,real
Sindh Board published merit list for intermediate students,real
get free laptop instantly no test required contact agent on whatsapp,fake
receive cash reward without verification send money on easypaisa,fake
get free laptop instantly 100% guaranteed pay registration fee,fake
Punjab Board released date sheet for university admissions,real
earn 5000 rupees daily 100% guaranteed join whatsapp group,fake
Sindh Board started registration process for intermediate students,real
get scholarship without merit no test required pay registration fee,fake
FBISE updated curriculum for intermediate students,real
get scholarship without merit 100% guaranteed register via telegram,fake
get job without exam without verification send money on easypaisa,fake
get free laptop instantly 100% guaranteed click unknown link,fake
Sindh Board issued official circular for intermediate students,real
University of Punjab started registration process for university admissions,real
HEC Pakistan announced exam schedule for all districts of Pakistan,real
receive cash reward without verification register via telegram,fake
University of Punjab announced exam schedule for intermediate students,real
University of Punjab opened admission portal via official website,real
get scholarship without merit without verification contact agent on whatsapp,fake
Punjab Board released date sheet for all districts of Pakistan,real
HEC Pakistan started registration process for all districts of Pakistan,real
get job without exam no test required pay registration fee,fake
receive cash reward without verification register via telegram,fake
FBISE approved scholarship program for university admissions,real
earn 5000 rupees daily no test required contact agent on whatsapp,fake
University of Punjab opened admission portal for intermediate students,real
get job without exam instant approval pay registration fee,fake
HEC Pakistan declared exam dates for university admissions,real
receive cash reward without verification send money on easypaisa,fake
earn 5000 rupees daily 100% guaranteed click unknown link,fake
Ministry of Education Pakistan opened admission portal for intermediate students,real
Ministry of Education Pakistan approved scholarship program under government policy,real
HEC Pakistan issued official circular via official website,real
Sindh Board started registration process for all districts of Pakistan,real
get job without exam without verification click unknown link,fake
get free laptop instantly no merit needed pay registration fee,fake
Sindh Board updated curriculum under government policy,real
receive cash reward 100% guaranteed contact agent on whatsapp,fake
free admission guaranteed no merit needed join whatsapp group,fake
receive cash reward no merit needed register via telegram,fake
FBISE published merit list under government policy,real
HEC Pakistan announced exam schedule via official website,real
earn 5000 rupees daily without verification click unknown link,fake
HEC Pakistan updated curriculum for intermediate students,real
get job without exam 100% guaranteed click unknown link,fake
earn 5000 rupees daily without verification register via telegram,fake
Ministry of Education Pakistan published merit list for university admissions,real
Ministry of Education Pakistan published merit list for academic session 2025,real
Sindh Board approved scholarship program for academic session 2025,real
Ministry of Education Pakistan issued official circular under government policy,real
get job without exam instant approval send money on easypaisa,fake
KPK Education Department released result notification via official website,real
free admission guaranteed without verification register via telegram,fake
receive cash reward no test required contact agent on whatsapp,fake
KPK Education Department updated curriculum for all districts of Pakistan,real
Punjab Board declared exam dates under government policy,real
Ministry of Education Pakistan declared exam dates under government policy,real
University of Punjab declared exam dates for intermediate students,real
get scholarship without merit no test required click unknown link,fake
get job without exam 100% guaranteed click unknown link,fake
free admission guaranteed no merit needed join whatsapp group,fake
Ministry of Education Pakistan updated curriculum under government policy,real
Sindh Board started registration process via official website,real
Ministry of Education Pakistan released date sheet for intermediate students,real
earn 5000 rupees daily 100% guaranteed join whatsapp group,fake
earn 5000 rupees daily instant approval register via telegram,fake
KPK Education Department updated curriculum under government policy,real
FBISE opened admission portal via official website,real
University of Punjab announced exam schedule for intermediate students,real
get scholarship without merit instant approval click unknown link,fake
FBISE updated curriculum for university admissions,real
free admission guaranteed no merit needed send money on easypaisa,fake
receive cash reward instant approval send money on easypaisa,fake
free admission guaranteed no test required join whatsapp group,fake
FBISE released date sheet via official website,real
free admission guaranteed no test required register via telegram,fake
get scholarship without merit 100% guaranteed contact agent on whatsapp,fake
Sindh Board started registration process for all districts of Pakistan,real
FBISE approved scholarship program for all districts of Pakistan,real
Sindh Board released date sheet for intermediate students,real
Ministry of Education Pakistan released result notification for intermediate students,real
get free laptop instantly 100% guaranteed click unknown link,fake
Punjab Board updated curriculum under government policy,real
get job without exam without verification click unknown link,fake
University of Punjab released result notification via official website,real
HEC Pakistan released date sheet via official website,real
get scholarship without merit without verification send money on easypaisa,fake
Sindh Board issued official circular for all districts of Pakistan,real
University of Punjab approved scholarship program for academic session 2025,real
FBISE released date sheet via official website,real
earn 5000 rupees daily no merit needed contact agent on whatsapp,fake
University of Punjab updated curriculum for intermediate students,real
get free laptop instantly instant approval register via telegram,fake
Punjab Board declared exam dates via official website,real
get free laptop instantly without verification send money on easypaisa,fake
Ministry of Education Pakistan updated curriculum via official website,real
get scholarship without merit instant approval register via telegram,fake
get scholarship without merit 100% guaranteed join whatsapp group,fake
FBISE issued official circular for all districts of Pakistan,real
earn 5000 rupees daily 100% guaranteed join whatsapp group,fake
free admission guaranteed no merit needed pay registration fee,fake
Sindh Board released date sheet under government policy,real
receive cash reward without verification pay registration fee,fake
University of Punjab approved scholarship program via official website,real
University of Punjab published merit list for intermediate students,real
free admission guaranteed no test required pay registration fee,fake
Ministry of Education Pakistan opened admission portal via official website,real
receive cash reward no merit needed join whatsapp group,fake
HEC Pakistan issued official circular for all districts of Pakistan,real
earn 5000 rupees daily without verification send money on easypaisa,fake
get job without exam no test required register via telegram,fake
free admission guaranteed instant approval contact agent on whatsapp,fake
get scholarship without merit no merit needed register via telegram,fake
receive cash reward no merit needed contact agent on whatsapp,fake
HEC Pakistan updated curriculum for all districts of Pakistan,real
HEC Pakistan updated curriculum via official website,real
earn 5000 rupees daily without verification contact agent on whatsapp,fake
KPK Education Department declared exam dates under government policy,real
Sindh Board updated curriculum for all districts of Pakistan,real
FBISE released date sheet for university admissions,real
free admission guaranteed no test required click unknown link,fake
receive cash reward no merit needed send money on easypaisa,fake
get job without exam no merit needed contact agent on whatsapp,fake
HEC Pakistan issued official circular under government policy,real
University of Punjab opened admission portal for intermediate students,real
get free laptop instantly instant approval pay registration fee,fake
get scholarship without merit no test required contact agent on whatsapp,fake
Sindh Board released date sheet under government policy,real
Punjab Board issued official circular for all districts of Pakistan,real
earn 5000 rupees daily instant approval contact agent on whatsapp,fake
earn 5000 rupees daily 100% guaranteed click unknown link,fake
get scholarship without merit no merit needed click unknown link,fake
receive cash reward without verification join whatsapp group,fake
get free laptop instantly no test required register via telegram,fake
KPK Education Department released date sheet for university admissions,real
Sindh Board opened admission portal for intermediate students,real
Ministry of Education Pakistan approved scholarship program for intermediate students,real
free admission guaranteed no merit needed send money on easypaisa,fake
receive cash reward 100% guaranteed click unknown link,fake
earn 5000 rupees daily no merit needed contact agent on whatsapp,fake
earn 5000 rupees daily without verification contact agent on whatsapp,fake
University of Punjab updated curriculum under government policy,real
Punjab Board opened admission portal for academic session 2025,real
Punjab Board started registration process for university admissions,real
free admission guaranteed instant approval register via telegram,fake
free admission guaranteed no merit needed join whatsapp group,fake
FBISE declared exam dates for university admissions,real
get job without exam no merit needed pay registration fee,fake
get free laptop instantly instant approval join whatsapp group,fake
HEC Pakistan declared exam dates for all districts of Pakistan,real
FBISE issued official circular for academic session 2025,real
Punjab Board declared exam dates for intermediate students,real
get job without exam no merit needed register via telegram,fake
get job without exam 100% guaranteed pay registration fee,fake
FBISE published merit list for university admissions,real
FBISE released date sheet under government policy,real
receive cash reward without verification pay registration fee,fake
earn 5000 rupees daily 100% guaranteed register via telegram,fake
get free laptop instantly no merit needed click unknown link,fake
KPK Education Department issued official circular via official website,real
HEC Pakistan declared exam dates for intermediate students,real
receive cash reward no test required register via telegram,fake
Sindh Board published merit list via official website,real
get scholarship without merit no merit needed contact agent on whatsapp,fake
earn 5000 rupees daily without verification contact agent on whatsapp,fake
FBISE released result notification for intermediate students,real
receive cash reward no test required join whatsapp group,fake
HEC Pakistan announced exam schedule under government policy,real
get free laptop instantly no merit needed pay registration fee,fake
Ministry of Education Pakistan updated curriculum for all districts of Pakistan,real
earn 5000 rupees daily no merit needed send money on easypaisa,fake
University of Punjab issued official circular for university admissions,real
KPK Education Department declared exam dates via official website,real
free admission guaranteed instant approval send money on easypaisa,fake
get scholarship without merit 100% guaranteed join whatsapp group,fake
University of Punjab approved scholarship program for university admissions,real
Sindh Board updated curriculum for all districts of Pakistan,real
Punjab Board started registration process for academic session 2025,real
receive cash reward without verification register via telegram,fake
KPK Education Department updated curriculum under government policy,real
free admission guaranteed no merit needed pay registration fee,fake
Sindh Board declared exam dates for intermediate students,real
receive cash reward no merit needed contact agent on whatsapp,fake
KPK Education Department approved scholarship program via official website,real
receive cash reward instant approval register via telegram,fake
receive cash reward no merit needed pay registration fee,fake
Sindh Board declared exam dates under government policy,real
Sindh Board released date sheet for university admissions,real
get free laptop instantly 100% guaranteed send money on easypaisa,fake
University of Punjab released result notification for all districts of Pakistan,real
University of Punjab issued official circular via official website,real
get free laptop instantly without verification contact agent on whatsapp,fake
Ministry of Education Pakistan released result notification for intermediate students,real
Punjab Board updated curriculum under government policy,real
get job without exam 100% guaranteed send money on easypaisa,fake
free admission guaranteed 100% guaranteed register via telegram,fake
Punjab Board announced exam schedule via official website,real
get job without exam no test required click unknown link,fake
earn 5000 rupees daily 100% guaranteed send money on easypaisa,fake
get job without exam no test required register via telegram,fake
free admission guaranteed without verification contact agent on whatsapp,fake
earn 5000 rupees daily no test required send money on easypaisa,fake
Sindh Board released result notification for intermediate students,real
Ministry of Education Pakistan opened admission portal for academic session 2025,real
free admission guaranteed no test required register via telegram,fake
FBISE released date sheet for all districts of Pakistan,real
FBISE released date sheet for academic session 2025,real
FBISE opened admission portal for all districts of Pakistan,real
get free laptop instantly no test required register via telegram,fake
free admission guaranteed without verification contact agent on whatsapp,fake
free admission guaranteed 100% guaranteed contact agent on whatsapp,fake
Sindh Board published merit list for all districts of Pakistan,real
get free laptop instantly instant approval send money on easypaisa,fake
KPK Education Department approved scholarship program under government policy,real
Ministry of Education Pakistan approved scholarship program via official website,real
KPK Education Department updated curriculum for academic session 2025,real
get job without exam without verification contact agent on whatsapp,fake
Ministry of Education Pakistan released result notification for intermediate students,real
KPK Education Department published merit list under government policy,real
get job without exam without verification pay registration fee,fake
receive cash reward no merit needed send money on easypaisa,fake
Punjab Board announced exam schedule via official website,real
FBISE updated curriculum for university admissions,real
FBISE started registration process for all districts of Pakistan,real
Ministry of Education Pakistan opened admission portal for all districts of Pakistan,real
HEC Pakistan approved scholarship program for intermediate students,real
HEC Pakistan issued official circular under government policy,real
free admission guaranteed no merit needed click unknown link,fake
Ministry of Education Pakistan published merit list for university admissions,real
University of Punjab started registration process for all districts of Pakistan,real
KPK Education Department issued official circular for all districts of Pakistan,real
get scholarship without merit no merit needed join whatsapp group,fake
free admission guaranteed no test required click unknown link,fake
get free laptop instantly without verification join whatsapp group,fake
get job without exam 100% guaranteed click unknown link,fake
get scholarship without merit instant approval register via telegram,fake
get job without exam without verification click unknown link,fake
FBISE opened admission portal for university admissions,real
get free laptop instantly without verification click unknown link,fake
Sindh Board updated curriculum via official website,real
get free laptop instantly no merit needed join whatsapp group,fake
Ministry of Education Pakistan published merit list for university admissions,real
get job without exam no test required pay registration fee,fake
FBISE released date sheet for intermediate students,real
Punjab Board released result notification for academic session 2025,real
KPK Education Department issued official circular for university admissions,real
Punjab Board started registration process for intermediate students,real
get free laptop instantly no merit needed click unknown link,fake
FBISE released result notification for university admissions,real
earn 5000 rupees daily no test required contact agent on whatsapp,fake
earn 5000 rupees daily no test required send money on easypaisa,fake
get job without exam no merit needed click unknown link,fake
get free laptop instantly no merit needed click unknown link,fake
receive cash reward without verification pay registration fee,fake
HEC Pakistan started registration process for all districts of Pakistan,real
free admission guaranteed no test required register via telegram,fake
Sindh Board started registration process for all districts of Pakistan,real
get free laptop instantly no test required contact agent on whatsapp,fake
Sindh Board published merit list for all districts of Pakistan,real
receive cash reward instant approval send money on easypaisa,fake
receive cash reward no merit needed join whatsapp group,fake
University of Punjab started registration process for intermediate students,real
HEC Pakistan released result notification for intermediate students,real
Punjab Board started registration process for all districts of Pakistan,real
free admission guaranteed without verification send money on easypaisa,fake
KPK Education Department released date sheet for all districts of Pakistan,real
University of Punjab released date sheet via official website,real
get job without exam instant approval register via telegram,fake
Sindh Board approved scholarship program for intermediate students,real
receive cash reward no test required pay registration fee,fake
receive cash reward instant approval register via telegram,fake
get scholarship without merit instant approval click unknown link,fake
Sindh Board declared exam dates for university admissions,real
Ministry of Education Pakistan released result notification via official website,real
receive cash reward without verification contact agent on whatsapp,fake
Punjab Board released result notification for all districts of Pakistan,real
free admission guaranteed no test required pay registration fee,fake
receive cash reward no test required pay registration fee,fake
get free laptop instantly no merit needed pay registration fee,fake
earn 5000 rupees daily 100% guaranteed contact agent on whatsapp,fake
Punjab Board issued official circular for university admissions,real
Ministry of Education Pakistan declared exam dates for intermediate students,real
get job without exam 100% guaranteed send money on easypaisa,fake
HEC Pakistan issued official circular for intermediate students,real
Punjab Board started registration process for university admissions,real
FBISE released result notification for intermediate students,real
KPK Education Department announced exam schedule via official website,real
KPK Education Department updated curriculum for academic session 2025,real
get free laptop instantly instant approval send money on easypaisa,fake
Ministry of Education Pakistan opened admission portal for university admissions,real
earn 5000 rupees daily no merit needed register via telegram,fake
Punjab Board released date sheet for university admissions,real
Punjab Board opened admission portal for university admissions,real
Punjab Board declared exam dates for intermediate students,real
FBISE issued official circular under government policy,real
University of Punjab declared exam dates for academic session 2025,real
Punjab Board released date sheet for university admissions,real
free admission guaranteed no merit needed register via telegram,fake
receive cash reward 100% guaranteed send money on easypaisa,fake
Punjab Board published merit list for academic session 2025,real
KPK Education Department declared exam dates for university admissions,real
get scholarship without merit 100% guaranteed join whatsapp group,fake
get free laptop instantly no test required click unknown link,fake
get job without exam instant approval contact agent on whatsapp,fake
get scholarship without merit no test required pay registration fee,fake
University of Punjab issued official circular under government policy,real
Sindh Board declared exam dates for intermediate students,real
free admission guaranteed no merit needed click unknown link,fake
earn 5000 rupees daily instant approval join whatsapp group,fake
receive cash reward instant approval click unknown link,fake
KPK Education Department announced exam schedule via official website,real
HEC Pakistan declared exam dates for university admissions,real
HEC Pakistan started registration process for university admissions,real
FBISE announced exam schedule for academic session 2025,real
Sindh Board announced exam schedule for university admissions,real
KPK Education Department published merit list for all districts of Pakistan,real
receive cash reward no test required send money on easypaisa,fake
free admission guaranteed instant approval send money on easypaisa,fake
HEC Pakistan published merit list via official website,real
Punjab Board published merit list for all districts of Pakistan,real
Ministry of Education Pakistan released date sheet for intermediate students,real
Ministry of Education Pakistan approved scholarship program for university admissions,real
get free laptop instantly without verification contact agent on whatsapp,fake
get free laptop instantly 100% guaranteed click unknown link,fake
KPK Education Department issued official circular under government policy,real
Sindh Board released date sheet for academic session 2025,real
get scholarship without merit without verification click unknown link,fake
University of Punjab released date sheet for all districts of Pakistan,real
get job without exam no test required click unknown link,fake
earn 5000 rupees daily 100% guaranteed register via telegram,fake
free admission guaranteed instant approval contact agent on whatsapp,fake
get job without exam 100% guaranteed pay registration fee,fake
HEC Pakistan announced exam schedule for university admissions,real
Sindh Board released date sheet for university admissions,real
KPK Education Department announced exam schedule via official website,real
HEC Pakistan opened admission portal under government policy,real
FBISE released result notification via official website,real
Sindh Board issued official circular via official website,real
Sindh Board declared exam dates for academic session 2025,real
get job without exam without verification register via telegram,fake
get scholarship without merit instant approval send money on easypaisa,fake
get free laptop instantly 100% guaranteed contact agent on whatsapp,fake
free admission guaranteed without verification click unknown link,fake
KPK Education Department issued official circular for academic session 2025,real
KPK Education Department opened admission portal for all districts of Pakistan,real
Ministry of Education Pakistan started registration process via official website,real
Punjab Board updated curriculum under government policy,real
Punjab Board updated curriculum via official website,real
University of Punjab approved scholarship program for academic session 2025,real
Punjab Board announced exam schedule under government policy,real
Punjab Board announced exam schedule for intermediate students,real
Punjab Board approved scholarship program via official website,real
Punjab Board announced exam schedule for intermediate students,real
get job without exam no test required send money on easypaisa,fake
get free laptop instantly instant approval send money on easypaisa,fake
earn 5000 rupees daily no test required join whatsapp group,fake
University of Punjab updated curriculum under government policy,real
FBISE updated curriculum under government policy,real
KPK Education Department released result notification for university admissions,real
earn 5000 rupees daily no merit needed click unknown link,fake
HEC Pakistan released date sheet for intermediate students,real
HEC Pakistan released date sheet under government policy,real
Punjab Board opened admission portal for all districts of Pakistan,real
receive cash reward no merit needed register via telegram,fake
free admission guaranteed 100% guaranteed pay registration fee,fake
Ministry of Education Pakistan announced exam schedule for university admissions,real
Punjab Board updated curriculum for university admissions,real
get job without exam 100% guaranteed contact agent on whatsapp,fake
get scholarship without merit no merit needed join whatsapp group,fake
get job without exam no test required send money on easypaisa,fake
get free laptop instantly 100% guaranteed register via telegram,fake
HEC Pakistan published merit list under government policy,real
free admission guaranteed instant approval click unknown link,fake
Ministry of Education Pakistan declared exam dates for intermediate students,real
FBISE declared exam dates under government policy,real
Sindh Board declared exam dates for all districts of Pakistan,real
KPK Education Department updated curriculum via official website,real
receive cash reward 100% guaranteed send money on easypaisa,fake
receive cash reward no test required click unknown link,fake
get scholarship without merit 100% guaranteed contact agent on whatsapp,fake
free admission guaranteed no merit needed click unknown link,fake
earn 5000 rupees daily without verification pay registration fee,fake
earn 5000 rupees daily without verification contact agent on whatsapp,fake
FBISE approved scholarship program via official website,real
free admission guaranteed no merit needed contact agent on whatsapp,fake
receive cash reward without verification pay registration fee,fake
FBISE declared exam dates for all districts of Pakistan,real
get job without exam no test required contact agent on whatsapp,fake
get free laptop instantly instant approval contact agent on whatsapp,fake
Ministry of Education Pakistan announced exam schedule for university admissions,real
KPK Education Department started registration process for all districts of Pakistan,real
Sindh Board approved scholarship program for academic session 2025,real
earn 5000 rupees daily no merit needed pay registration fee,fake
Punjab Board updated curriculum for university admissions,real
receive cash reward no test required contact agent on whatsapp,fake
receive cash reward no merit needed join whatsapp group,fake
HEC Pakistan announced exam schedule for intermediate students,real
get scholarship without merit 100% guaranteed pay registration fee,fake
University of Punjab approved scholarship program under government policy,real
get job without exam without verification register via telegram,fake
receive cash reward no merit needed send money on easypaisa,fake
Ministry of Education Pakistan started registration process for academic session 2025,real
HEC Pakistan updated curriculum for academic session 2025,real
Sindh Board announced exam schedule for academic session 2025,real
get free laptop instantly 100% guaranteed click unknown link,fake
receive cash reward 100% guaranteed register via telegram,fake
get free laptop instantly no merit needed send money on easypaisa,fake
earn 5000 rupees daily no test required pay registration fee,fake
free admission guaranteed no test required pay registration fee,fake
receive cash reward without verification register via telegram,fake
Sindh Board declared exam dates for academic session 2025,real
get job without exam no test required join whatsapp group,fake
get scholarship without merit no merit needed join whatsapp group,fake
Punjab Board released date sheet for intermediate students,real
KPK Education Department announced exam schedule for university admissions,real
receive cash reward no merit needed register via telegram,fake
Sindh Board released date sheet via official website,real
get job without exam no merit needed register via telegram,fake
Sindh Board updated curriculum under government policy,real
free admission guaranteed no merit needed send money on easypaisa,fake
free admission guaranteed instant approval contact agent on whatsapp,fake
get free laptop instantly without verification contact agent on whatsapp,fake
earn 5000 rupees daily 100% guaranteed join whatsapp group,fake
Punjab Board released result notification for intermediate students,real
University of Punjab approved scholarship program for university admissions,real
Sindh Board started registration process for university admissions,real
receive cash reward no test required pay registration fee,fake
Punjab Board declared exam dates for university admissions,real
earn 5000 rupees daily instant approval register via telegram,fake
earn 5000 rupees daily 100% guaranteed contact agent on whatsapp,fake
HEC Pakistan approved scholarship program for university admissions,real
KPK Education Department released result notification for intermediate students,real
HEC Pakistan announced exam schedule for all districts of Pakistan,real
get scholarship without merit instant approval send money on easypaisa,fake
KPK Education Department announced exam schedule via official website,real
get scholarship without merit no merit needed pay registration fee,fake
free admission guaranteed no merit needed contact agent on whatsapp,fake
earn 5000 rupees daily instant approval register via telegram,fake
get scholarship without merit no merit needed register via telegram,fake
HEC Pakistan opened admission portal for university admissions,real
receive cash reward no test required register via telegram,fake
Ministry of Education Pakistan approved scholarship program for university admissions,real
get free laptop instantly without verification send money on easypaisa,fake
receive cash reward no test required pay registration fee,fake
get scholarship without merit 100% guaranteed click unknown link,fake
Punjab Board started registration process for academic session 2025,real
Sindh Board approved scholarship program via official website,real
Punjab Board published merit list for all districts of Pakistan,real
free admission guaranteed no merit needed send money on easypaisa,fake
get scholarship without merit without verification join whatsapp group,fake
HEC Pakistan declared exam dates for academic session 2025,real
Ministry of Education Pakistan announced exam schedule under government policy,real
Ministry of Education Pakistan opened admission portal for all districts of Pakistan,real
Sindh Board released date sheet for all districts of Pakistan,real
get scholarship without merit without verification register via telegram,fake
get scholarship without merit instant approval contact agent on whatsapp,fake
earn 5000 rupees daily without verification click unknown link,fake
KPK Education Department opened admission portal under government policy,real
KPK Education Department opened admission portal via official website,real
get job without exam without verification click unknown link,fake
receive cash reward without verification register via telegram,fake
free admission guaranteed instant approval send money on easypaisa,fake
earn 5000 rupees daily no test required pay registration fee,fake
FBISE published merit list under government policy,real
get free laptop instantly no test required send money on easypaisa,fake
Sindh Board issued official circular for intermediate students,real
HEC Pakistan updated curriculum for academic session 2025,real
Sindh Board published merit list for intermediate students,real
Ministry of Education Pakistan announced exam schedule for all districts of Pakistan,real
HEC Pakistan issued official circular via official website,real
receive cash reward no test required contact agent on whatsapp,fake
earn 5000 rupees daily 100% guaranteed register via telegram,fake
get job without exam no merit needed pay registration fee,fake
KPK Education Department released date sheet under government policy,real
HEC Pakistan announced exam schedule via official website,real
free admission guaranteed 100% guaranteed pay registration fee,fake
Punjab Board issued official circular for academic session 2025,real
get free laptop instantly no merit needed contact agent on whatsapp,fake
receive cash reward without verification pay registration fee,fake
earn 5000 rupees daily instant approval join whatsapp group,fake
HEC Pakistan declared exam dates via official website,real
earn 5000 rupees daily instant approval register via telegram,fake
KPK Education Department released date sheet for intermediate students,real
University of Punjab published merit list for university admissions,real
HEC Pakistan issued official circular under government policy,real
free admission guaranteed instant approval click unknown link,fake
receive cash reward without verification click unknown link,fake
KPK Education Department started registration process for academic session 2025,real
Sindh Board announced exam schedule for university admissions,real
receive cash reward 100% guaranteed pay registration fee,fake
KPK Education Department updated curriculum for academic session 2025,real
KPK Education Department published merit list for academic session 2025,real
Sindh Board issued official circular for all districts of Pakistan,real
get scholarship without merit 100% guaranteed contact agent on whatsapp,fake
FBISE started registration process for academic session 2025,real
get scholarship without merit instant approval contact agent on whatsapp,fake
FBISE released date sheet under government policy,real
KPK Education Department released result notification via official website,real
KPK Education Department released date sheet for university admissions,real
get scholarship without merit instant approval contact agent on whatsapp,fake
Punjab Board announced exam schedule for academic session 2025,real
Sindh Board published merit list for all districts of Pakistan,real
University of Punjab approved scholarship program under government policy,real
earn 5000 rupees daily instant approval contact agent on whatsapp,fake
get scholarship without merit no test required pay registration fee,fake
get job without exam no merit needed send money on easypaisa,fake
Punjab Board announced exam schedule for academic session 2025,real
HEC Pakistan announced exam schedule for academic session 2025,real
Sindh Board started registration process via official website,real
Ministry of Education Pakistan opened admission portal for academic session 2025,real
get job without exam without verification pay registration fee,fake
get scholarship without merit no merit needed send money on easypaisa,fake
Punjab Board published merit list for all districts of Pakistan,real
get scholarship without merit no test required send money on easypaisa,fake
FBISE opened admission portal under government policy,real
get scholarship without merit instant approval click unknown link,fake
FBISE released date sheet for university admissions,real
earn 5000 rupees daily 100% guaranteed send money on easypaisa,fake
University of Punjab issued official circular via official website,real
KPK Education Department declared exam dates via official website,real
free admission guaranteed instant approval pay registration fee,fake
HEC Pakistan released date sheet via official website,real
earn 5000 rupees daily 100% guaranteed pay registration fee,fake
get scholarship without merit no merit needed click unknown link,fake
earn 5000 rupees daily no test required send money on easypaisa,fake
KPK Education Department released date sheet for academic session 2025,real
receive cash reward without verification click unknown link,fake
HEC Pakistan released date sheet for academic session 2025,real
receive cash reward without verification join whatsapp group,fake
University of Punjab released date sheet for all districts of Pakistan,real
free admission guaranteed instant approval register via telegram,fake
Ministry of Education Pakistan released result notification for intermediate students,real
earn 5000 rupees daily no test required join whatsapp group,fake
Punjab Board released date sheet for all districts of Pakistan,real
Sindh Board announced exam schedule via official website,real
KPK Education Department announced exam schedule for university admissions,real
free admission guaranteed without verification pay registration fee,fake
receive cash reward 100% guaranteed click unknown link,fake
get job without exam 100% guaranteed register via telegram,fake
KPK Education Department updated curriculum under government policy,real
receive cash reward without verification join whatsapp group,fake
earn 5000 rupees daily no test required pay registration fee,fake
Ministry of Education Pakistan published merit list for university admissions,real
receive cash reward no test required send money on easypaisa,fake
get free laptop instantly instant approval register via telegram,fake
FBISE released result notification for university admissions,real
KPK Education Department updated curriculum under government policy,real
Ministry of Education Pakistan published merit list for all districts of Pakistan,real
FBISE published merit list via official website,real
FBISE published merit list for all districts of Pakistan,real
KPK Education Department published merit list for university admissions,real
get scholarship without merit instant approval join whatsapp group,fake
HEC Pakistan approved scholarship program for university admissions,real
Sindh Board opened admission portal for academic session 2025,real
receive cash reward no test required send money on easypaisa,fake
earn 5000 rupees daily instant approval join whatsapp group,fake
Ministry of Education Pakistan declared exam dates for university admissions,real
get free laptop instantly no merit needed register via telegram,fake
get free laptop instantly without verification join whatsapp group,fake
earn 5000 rupees daily 100% guaranteed register via telegram,fake
receive cash reward no merit needed contact agent on whatsapp,fake
KPK Education Department released date sheet for all districts of Pakistan,real
get scholarship without merit 100% guaranteed pay registration fee,fake
Sindh Board updated curriculum under government policy,real
earn 5000 rupees daily without verification click unknown link,fake
FBISE released date sheet under government policy,real
free admission guaranteed without verification join whatsapp group,fake
Punjab Board opened admission portal for all districts of Pakistan,real
free admission guaranteed no test required send money on easypaisa,fake
University of Punjab released date sheet for intermediate students,real
Ministry of Education Pakistan approved scholarship program for university admissions,real
Ministry of Education Pakistan released date sheet for academic session 2025,real
earn 5000 rupees daily without verification pay registration fee,fake
Punjab Board issued official circular under government policy,real
free admission guaranteed no merit needed click unknown link,fake
earn 5000 rupees daily without verification pay registration fee,fake
Punjab Board announced exam schedule for all districts of Pakistan,real
FBISE declared exam dates under government policy,real
earn 5000 rupees daily instant approval click unknown link,fake
Ministry of Education Pakistan approved scholarship program for all districts of Pakistan,real
Ministry of Education Pakistan opened admission portal for academic session 2025,real
Ministry of Education Pakistan issued official circular for university admissions,real
get free laptop instantly no test required contact agent on whatsapp,fake
get free laptop instantly no merit needed click unknown link,fake
HEC Pakistan opened admission portal under government policy,real
University of Punjab announced exam schedule for university admissions,real
receive cash reward without verification contact agent on whatsapp,fake
get scholarship without merit no test required pay registration fee,fake
University of Punjab released result notification via official website,real
free admission guaranteed instant approval register via telegram,fake
KPK Education Department started registration process for intermediate students,real
get free laptop instantly no test required click unknown link,fake
free admission guaranteed 100% guaranteed register via telegram,fake
get free laptop instantly 100% guaranteed send money on easypaisa,fake
HEC Pakistan published merit list for academic session 2025,real
receive cash reward without verification join whatsapp group,fake
earn 5000 rupees daily 100% guaranteed send money on easypaisa,fake
get scholarship without merit no test required pay registration fee,fake
get job without exam without verification click unknown link,fake
get scholarship without merit 100% guaranteed contact agent on whatsapp,fake
earn 5000 rupees daily no test required join whatsapp group,fake
free admission guaranteed 100% guaranteed click unknown link,fake
get job without exam without verification contact agent on whatsapp,fake
receive cash reward 100% guaranteed send money on easypaisa,fake
Ministry of Education Pakistan declared exam dates for all districts of Pakistan,real
University of Punjab released date sheet for all districts of Pakistan,real
get job without exam instant approval send money on easypaisa,fake
free admission guaranteed 100% guaranteed join whatsapp group,fake
Punjab Board declared exam dates for university admissions,real
get free laptop instantly 100% guaranteed register via telegram,fake
Punjab Board started registration process under government policy,real
earn 5000 rupees daily no test required pay registration fee,fake
Punjab Board issued official circular for university admissions,real
free admission guaranteed 100% guaranteed register via telegram,fake
Ministry of Education Pakistan announced exam schedule for academic session 2025,real
receive cash reward without verification contact agent on whatsapp,fake
Sindh Board released result notification for all districts of Pakistan,real
get job without exam without verification register via telegram,fake
get scholarship without merit no merit needed send money on easypaisa,fake
Sindh Board issued official circular for all districts of Pakistan,real
KPK Education Department published merit list for university admissions,real
get scholarship without merit no test required join whatsapp group,fake
Ministry of Education Pakistan published merit list under government policy,real
receive cash reward no merit needed pay registration fee,fake
earn 5000 rupees daily no merit needed pay registration fee,fake
Sindh Board updated curriculum for academic session 2025,real
Sindh Board opened admission portal for intermediate students,real
earn 5000 rupees daily no test required register via telegram,fake
receive cash reward instant approval click unknown link,fake
HEC Pakistan released result notification for intermediate students,real
free admission guaranteed instant approval click unknown link,fake
University of Punjab announced exam schedule via official website,real
free admission guaranteed instant approval send money on easypaisa,fake
earn 5000 rupees daily 100% guaranteed pay registration fee,fake
University of Punjab updated curriculum under government policy,real
get free laptop instantly no merit needed send money on easypaisa,fake
FBISE updated curriculum for all districts of Pakistan,real
receive cash reward instant approval contact agent on whatsapp,fake
receive cash reward 100% guaranteed contact agent on whatsapp,fake
Punjab Board opened admission portal via official website,real
get scholarship without merit instant approval contact agent on whatsapp,fake
earn 5000 rupees daily instant approval join whatsapp group,fake
earn 5000 rupees daily 100% guaranteed contact agent on whatsapp,fake
earn 5000 rupees daily 100% guaranteed join whatsapp group,fake
get job without exam without verification contact agent on whatsapp,fake
get job without exam 100% guaranteed click unknown link,fake
get scholarship without merit no merit needed send money on easypaisa,fake
get free laptop instantly no merit needed join whatsapp group,fake
Ministry of Education Pakistan published merit list for intermediate students,real
get job without exam instant approval register via telegram,fake
receive cash reward 100% guaranteed register via telegram,fake
FBISE declared exam dates for academic session 2025,real
earn 5000 rupees daily without verification contact agent on whatsapp,fake
KPK Education Department approved scholarship program for all districts of Pakistan,real
get free laptop instantly without verification pay registration fee,fake
earn 5000 rupees daily without verification send money on easypaisa,fake
FBISE opened admission portal for all districts of Pakistan,real
Sindh Board published merit list for all districts of Pakistan,real
Sindh Board updated curriculum via official website,real
get free laptop instantly no merit needed join whatsapp group,fake
HEC Pakistan released result notification under government policy,real
get job without exam instant approval pay registration fee,fake
get scholarship without merit no test required click unknown link,fake
University of Punjab declared exam dates for university admissions,real
get scholarship without merit no merit needed contact agent on whatsapp,fake
get free laptop instantly no test required register via telegram,fake
HEC Pakistan updated curriculum via official website,real
FBISE announced exam schedule for all districts of Pakistan,real
get job without exam 100% guaranteed contact agent on whatsapp,fake
KPK Education Department published merit list under government policy,real
get scholarship without merit instant approval click unknown link,fake
HEC Pakistan published merit list for university admissions,real
get job without exam no test required contact agent on whatsapp,fake
receive cash reward without verification register via telegram,fake
Punjab Board updated curriculum for intermediate students,real
receive cash reward instant approval register via telegram,fake
HEC Pakistan updated curriculum for all districts of Pakistan,real
Punjab Board announced exam schedule via official website,real
receive cash reward instant approval register via telegram,fake
earn 5000 rupees daily instant approval contact agent on whatsapp,fake
Sindh Board opened admission portal for intermediate students,real
FBISE published merit list under government policy,real
free admission guaranteed 100% guaranteed join whatsapp group,fake
receive cash reward without verification register via telegram,fake
Punjab Board started registration process for all districts of Pakistan,real
Sindh Board approved scholarship program for academic session 2025,real
Sindh Board issued official circular for academic session 2025,real
Sindh Board released date sheet for intermediate students,real
get job without exam 100% guaranteed join whatsapp group,fake
earn 5000 rupees daily 100% guaranteed register via telegram,fake
receive cash reward no merit needed pay registration fee,fake
get free laptop instantly 100% guaranteed contact agent on whatsapp,fake
FBISE published merit list for academic session 2025,real
earn 5000 rupees daily no test required register via telegram,fake
get scholarship without merit no merit needed join whatsapp group,fake
Sindh Board updated curriculum under government policy,real
free admission guaranteed no test required contact agent on whatsapp,fake
free admission guaranteed without verification pay registration fee,fake
get free laptop instantly without verification contact agent on whatsapp,fake
Sindh Board declared exam dates for university admissions,real
get free laptop instantly 100% guaranteed click unknown link,fake
get scholarship without merit no test required register via telegram,fake
get job without exam instant approval join whatsapp group,fake
FBISE released date sheet for all districts of Pakistan,real
HEC Pakistan declared exam dates via official website,real
Ministry of Education Pakistan released result notification under government policy,real
get free laptop instantly no merit needed pay registration fee,fake
FBISE issued official circular for university admissions,real
University of Punjab released date sheet for all districts of Pakistan,real
Sindh Board updated curriculum under government policy,real
earn 5000 rupees daily without verification click unknown link,fake
University of Punjab declared exam dates for university admissions,real
HEC Pakistan released date sheet for all districts of Pakistan,real
earn 5000 rupees daily no test required join whatsapp group,fake
free admission guaranteed without verification register via telegram,fake
earn 5000 rupees daily 100% guaranteed click unknown link,fake
free admission guaranteed instant approval click unknown link,fake
get free laptop instantly without verification click unknown link,fake
University of Punjab announced exam schedule for all districts of Pakistan,real
KPK Education Department declared exam dates via official website,real
get job without exam instant approval send money on easypaisa,fake
receive cash reward 100% guaranteed join whatsapp group,fake
FBISE released result notification via official website,real
earn 5000 rupees daily no merit needed register via telegram,fake
Ministry of Education Pakistan released date sheet for academic session 2025,real
Ministry of Education Pakistan opened admission portal for all districts of Pakistan,real
free admission guaranteed without verification pay registration fee,fake
Punjab Board issued official circular for university admissions,real
FBISE started registration process for all districts of Pakistan,real
earn 5000 rupees daily without verification register via telegram,fake
get job without exam no test required send money on easypaisa,fake
Sindh Board issued official circular under government policy,real
earn 5000 rupees daily no merit needed click unknown link,fake
University of Punjab declared exam dates for university admissions,real
earn 5000 rupees daily 100% guaranteed pay registration fee,fake
HEC Pakistan issued official circular for university admissions,real
receive cash reward no merit needed contact agent on whatsapp,fake
Punjab Board released date sheet for intermediate students,real
HEC Pakistan published merit list for intermediate students,real
free admission guaranteed 100% guaranteed pay registration fee,fake
HEC Pakistan published merit list for university admissions,real
get job without exam without verification register via telegram,fake
receive cash reward 100% guaranteed send money on easypaisa,fake
earn 5000 rupees daily no merit needed join whatsapp group,fake
Ministry of Education Pakistan started registration process for academic session 2025,real
Sindh Board issued official circular for university admissions,real
Sindh Board started registration process for all districts of Pakistan,real
University of Punjab declared exam dates for university admissions,real
KPK Education Department updated curriculum under government policy,real
FBISE started registration process under government policy,real
earn 5000 rupees daily instant approval register via telegram,fake
Punjab Board declared exam dates for all districts of Pakistan,real
Sindh Board started registration process for academic session 2025,real
Punjab Board declared exam dates for intermediate students,real
Sindh Board announced exam schedule for intermediate students,real
Sindh Board started registration process for academic session 2025,real
receive cash reward instant approval contact agent on whatsapp,fake
University of Punjab published merit list for all districts of Pakistan,real
free admission guaranteed instant approval join whatsapp group,fake
HEC Pakistan approved scholarship program for all districts of Pakistan,real
get free laptop instantly no merit needed send money on easypaisa,fake
get job without exam no merit needed pay registration fee,fake
University of Punjab announced exam schedule for university admissions,real
free admission guaranteed instant approval pay registration fee,fake
get scholarship without merit instant approval pay registration fee,fake
University of Punjab updated curriculum via official website,real
Sindh Board released date sheet for intermediate students,real
Punjab Board published merit list for university admissions,real
free admission guaranteed instant approval register via telegram,fake
receive cash reward without verification join whatsapp group,fake
earn 5000 rupees daily no merit needed join whatsapp group,fake
FBISE started registration process under government policy,real
free admission guaranteed no test required join whatsapp group,fake
Punjab Board issued official circular under government policy,real
get scholarship without merit without verification click unknown link,fake
HEC Pakistan approved scholarship program for academic session 2025,real
free admission guaranteed no test required click unknown link,fake
earn 5000 rupees daily no merit needed join whatsapp group,fake
get job without exam instant approval send money on easypaisa,fake
free admission guaranteed no test required join whatsapp group,fake
receive cash reward no test required register via telegram,fake
University of Punjab announced exam schedule for university admissions,real
HEC Pakistan declared exam dates via official website,real
HEC Pakistan updated curriculum for all districts of Pakistan,real
Punjab Board updated curriculum for university admissions,real
get free laptop instantly instant approval contact agent on whatsapp,fake
KPK Education Department started registration process for all districts of Pakistan,real
Punjab Board updated curriculum for all districts of Pakistan,real
Ministry of Education Pakistan updated curriculum via official website,real
KPK Education Department approved scholarship program under government policy,real
get scholarship without merit without verification pay registration fee,fake
Punjab Board released result notification for academic session 2025,real
earn 5000 rupees daily instant approval click unknown link,fake
Ministry of Education Pakistan issued official circular via official website,real
earn 5000 rupees daily without verification contact agent on whatsapp,fake
KPK Education Department released date sheet for academic session 2025,real
Sindh Board declared exam dates for intermediate students,real
earn 5000 rupees daily no test required contact agent on whatsapp,fake
get free laptop instantly instant approval join whatsapp group,fake
get scholarship without merit no test required click unknown link,fake
get free laptop instantly no test required send money on easypaisa,fake
HEC Pakistan declared exam dates for academic session 2025,real
get job without exam no merit needed pay registration fee,fake
KPK Education Department opened admission portal under government policy,real
free admission guaranteed instant approval click unknown link,fake
Sindh Board released date sheet for intermediate students,real
Ministry of Education Pakistan declared exam dates for intermediate students,real
get job without exam no merit needed send money on easypaisa,fake
get scholarship without merit without verification send money on easypaisa,fake
Ministry of Education Pakistan released date sheet under government policy,real
KPK Education Department updated curriculum under government policy,real
get free laptop instantly no merit needed contact agent on whatsapp,fake
get job without exam 100% guaranteed click unknown link,fake
get scholarship without merit instant approval join whatsapp group,fake
Ministry of Education Pakistan released result notification via official website,real
get scholarship without merit 100% guaranteed contact agent on whatsapp,fake
receive cash reward no test required join whatsapp group,fake
FBISE published merit list for university admissions,real
Sindh Board approved scholarship program for academic session 2025,real
receive cash reward no merit needed send money on easypaisa,fake
get scholarship without merit no merit needed contact agent on whatsapp,fake
Ministry of Education Pakistan approved scholarship program for intermediate students,real
free admission guaranteed without verification pay registration fee,fake
Ministry of Education Pakistan started registration process for university admissions,real
University of Punjab released result notification under government policy,real
Punjab Board issued official circular for all districts of Pakistan,real
get scholarship without merit no merit needed contact agent on whatsapp,fake
KPK Education Department declared exam dates via official website,real
receive cash reward no test required pay registration fee,fake
FBISE approved scholarship program under government policy,real
University of Punjab started registration process for intermediate students,real
get scholarship without merit instant approval pay registration fee,fake
get job without exam no test required pay registration fee,fake
Sindh Board released result notification via official website,real
FBISE approved scholarship program for all districts of Pakistan,real
get scholarship without merit 100% guaranteed contact agent on whatsapp,fake
get free laptop instantly instant approval register via telegram,fake
free admission guaranteed without verification pay registration fee,fake
earn 5000 rupees daily 100% guaranteed click unknown link,fake
earn 5000 rupees daily no merit needed pay registration fee,fake
KPK Education Department released result notification for intermediate students,real
KPK Education Department published merit list for intermediate students,real
FBISE approved scholarship program via official website,real
Punjab Board updated curriculum for all districts of Pakistan,real
earn 5000 rupees daily instant approval register via telegram,fake
Sindh Board released result notification for academic session 2025,real
receive cash reward no merit needed click unknown link,fake
earn 5000 rupees daily 100% guaranteed click unknown link,fake
get free laptop instantly without verification contact agent on whatsapp,fake
FBISE started registration process for intermediate students,real
FBISE declared exam dates for all districts of Pakistan,real
University of Punjab updated curriculum via official website,real
get job without exam no test required send money on easypaisa,fake
Sindh Board issued official circular under government policy,real
get free laptop instantly no test required pay registration fee,fake
Ministry of Education Pakistan announced exam schedule for intermediate students,real
HEC Pakistan approved scholarship program via official website,real
KPK Education Department approved scholarship program for intermediate students,real
HEC Pakistan published merit list for all districts of Pakistan,real
get scholarship without merit 100% guaranteed send money on easypaisa,fake
earn 5000 rupees daily no test required register via telegram,fake
University of Punjab updated curriculum under government policy,real
Ministry of Education Pakistan opened admission portal under government policy,real
get scholarship without merit 100% guaranteed click unknown link,fake
Sindh Board started registration process for university admissions,real
receive cash reward no test required click unknown link,fake
receive cash reward without verification send money on easypaisa,fake
Sindh Board updated curriculum for academic session 2025,real
get free laptop instantly without verification pay registration fee,fake
get job without exam without verification pay registration fee,fake
HEC Pakistan opened admission portal for all districts of Pakistan,real
get scholarship without merit 100% guaranteed click unknown link,fake
University of Punjab declared exam dates under government policy,real
HEC Pakistan updated curriculum for academic session 2025,real
Punjab Board published merit list via official website,real
get free laptop instantly instant approval pay registration fee,fake
KPK Education Department declared exam dates for academic session 2025,real
Sindh Board started registration process under government policy,real
HEC Pakistan announced exam schedule for intermediate students,real
Punjab Board started registration process for all districts of Pakistan,real
free admission guaranteed instant approval register via telegram,fake
free admission guaranteed 100% guaranteed send money on easypaisa,fake
free admission guaranteed no merit needed pay registration fee,fake
Sindh Board released result notification under government policy,real
get job without exam no test required pay registration fee,fake
Ministry of Education Pakistan declared exam dates for academic session 2025,real
earn 5000 rupees daily no test required register via telegram,fake
free admission guaranteed instant approval register via telegram,fake
get free laptop instantly no test required click unknown link,fake
Sindh Board approved scholarship program for intermediate students,real
University of Punjab opened admission portal for university admissions,real
FBISE released date sheet via official website,real
FBISE updated curriculum for all districts of Pakistan,real
Ministry of Education Pakistan published merit list for intermediate students,real
Punjab Board updated curriculum under government policy,real
KPK Education Department updated curriculum for academic session 2025,real
receive cash reward without verification register via telegram,fake
HEC Pakistan issued official circular under government policy,real
receive cash reward instant approval click unknown link,fake
get job without exam no merit needed send money on easypaisa,fake
free admission guaranteed without verification send money on easypaisa,fake
FBISE started registration process under government policy,real
free admission guaranteed without verification join whatsapp group,fake
KPK Education Department released date sheet for all districts of Pakistan,real
Punjab Board published merit list for intermediate students,real
receive cash reward no test required pay registration fee,fake
free admission guaranteed no merit needed register via telegram,fake
get scholarship without merit no merit needed join whatsapp group,fake
Sindh Board started registration process for university admissions,real
Ministry of Education Pakistan published merit list for intermediate students,real
get scholarship without merit without verification pay registration fee,fake
get free laptop instantly 100% guaranteed send money on easypaisa,fake
Punjab Board updated curriculum for intermediate students,real
free admission guaranteed without verification register via telegram,fake
University of Punjab issued official circular for university admissions,real
Punjab Board released result notification under government policy,real
Sindh Board approved scholarship program for academic session 2025,real
Sindh Board released result notification for academic session 2025,real
receive cash reward no test required join whatsapp group,fake
HEC Pakistan started registration process for university admissions,real
earn 5000 rupees daily instant approval click unknown link,fake
HEC Pakistan updated curriculum for university admissions,real
get scholarship without merit no test required click unknown link,fake
get free laptop instantly no merit needed join whatsapp group,fake
HEC Pakistan opened admission portal for academic session 2025,real
get scholarship without merit without verification join whatsapp group,fake
receive cash reward 100% guaranteed click unknown link,fake
get free laptop instantly without verification contact agent on whatsapp,fake
HEC Pakistan published merit list for intermediate students,real
HEC Pakistan opened admission portal for all districts of Pakistan,real
HEC Pakistan declared exam dates for university admissions,real
University of Punjab published merit list for intermediate students,real
Sindh Board released date sheet for intermediate students,real
get scholarship without merit 100% guaranteed click unknown link,fake
FBISE released result notification for intermediate students,real
Ministry of Education Pakistan started registration process for intermediate students,real
University of Punjab approved scholarship program for all districts of Pakistan,real
get scholarship without merit instant approval register via telegram,fake
free admission guaranteed 100% guaranteed register via telegram,fake
Sindh Board opened admission portal via official website,real
HEC Pakistan updated curriculum via official website,real
HEC Pakistan released date sheet for intermediate students,real
HEC Pakistan published merit list for intermediate students,real
receive cash reward no test required contact agent on whatsapp,fake
KPK Education Department approved scholarship program for university admissions,real
FBISE declared exam dates for intermediate students,real
get free laptop instantly 100% guaranteed send money on easypaisa,fake
free admission guaranteed no merit needed pay registration fee,fake
get free laptop instantly 100% guaranteed join whatsapp group,fake
free admission guaranteed instant approval register via telegram,fake
University of Punjab declared exam dates for all districts of Pakistan,real
receive cash reward 100% guaranteed join whatsapp group,fake
KPK Education Department approved scholarship program for all districts of Pakistan,real
get scholarship without merit without verification register via telegram,fake
HEC Pakistan issued official circular under government policy,real
Ministry of Education Pakistan published merit list for intermediate students,real
Sindh Board announced exam schedule for intermediate students,real
Ministry of Education Pakistan released result notification under government policy,real
KPK Education Department released date sheet for intermediate students,real
earn 5000 rupees daily without verification click unknown link,fake
receive cash reward 100% guaranteed register via telegram,fake
get scholarship without merit no test required register via telegram,fake
Ministry of Education Pakistan released result notification via official website,real
earn 5000 rupees daily no test required register via telegram,fake
receive cash reward instant approval register via telegram,fake
get job without exam no test required pay registration fee,fake
get job without exam no merit needed send money on easypaisa,fake
free admission guaranteed no test required contact agent on whatsapp,fake
Punjab Board approved scholarship program for all districts of Pakistan,real
get free laptop instantly no test required click unknown link,fake
receive cash reward instant approval join whatsapp group,fake
free admission guaranteed without verification register via telegram,fake
KPK Education Department released date sheet for university admissions,real
get scholarship without merit 100% guaranteed click unknown link,fake
receive cash reward no merit needed join whatsapp group,fake
get free laptop instantly no test required register via telegram,fake
get free laptop instantly no merit needed click unknown link,fake
HEC Pakistan updated curriculum for intermediate students,real
Punjab Board released result notification for all districts of Pakistan,real
get free laptop instantly no test required join whatsapp group,fake
FBISE started registration process for intermediate students,real
earn 5000 rupees daily without verification send money on easypaisa,fake
HEC Pakistan issued official circular under government policy,real
Sindh Board released result notification for academic session 2025,real
FBISE opened admission portal via official website,real
Ministry of Education Pakistan approved scholarship program for all districts of Pakistan,real
FBISE approved scholarship program for academic session 2025,real
receive cash reward 100% guaranteed pay registration fee,fake
free admission guaranteed 100% guaranteed click unknown link,fake
Ministry of Education Pakistan approved scholarship program via official website,real
FBISE released result notification via official website,real
Sindh Board opened admission portal for all districts of Pakistan,real
receive cash reward no merit needed click unknown link,fake
Punjab Board approved scholarship program under government policy,real
earn 5000 rupees daily 100% guaranteed join whatsapp group,fake
earn 5000 rupees daily no merit needed send money on easypaisa,fake
get scholarship without merit 100% guaranteed send money on easypaisa,fake
receive cash reward no test required send money on easypaisa,fake
get scholarship without merit no merit needed register via telegram,fake
get free laptop instantly no test required register via telegram,fake
earn 5000 rupees daily 100% guaranteed register via telegram,fake
FBISE started registration process for university admissions,real
free admission guaranteed no merit needed join whatsapp group,fake
receive cash reward instant approval join whatsapp group,fake
free admission guaranteed without verification click unknown link,fake
University of Punjab announced exam schedule for university admissions,real
get free laptop instantly instant approval register via telegram,fake
Sindh Board approved scholarship program for university admissions,real
FBISE released result notification for intermediate students,real
Sindh Board updated curriculum for all districts of Pakistan,real
Punjab Board published merit list for academic session 2025,real
Ministry of Education Pakistan started registration process under government policy,real
get scholarship without merit no merit needed join whatsapp group,fake
receive cash reward no test required click unknown link,fake
FBISE published merit list for all districts of Pakistan,real
free admission guaranteed without verification contact agent on whatsapp,fake
University of Punjab opened admission portal under government policy,real
earn 5000 rupees daily no test required register via telegram,fake
Ministry of Education Pakistan updated curriculum for all districts of Pakistan,real
get scholarship without merit without verification join whatsapp group,fake
get job without exam instant approval join whatsapp group,fake
free admission guaranteed no test required join whatsapp group,fake
Punjab Board updated curriculum via official website,real
free admission guaranteed no test required send money on easypaisa,fake
receive cash reward without verification register via telegram,fake
University of Punjab released result notification for university admissions,real
get job without exam without verification pay registration fee,fake
University of Punjab started registration process for all districts of Pakistan,real
FBISE declared exam dates under government policy,real
get scholarship without merit 100% guaranteed pay registration fee,fake
get free laptop instantly no test required pay registration fee,fake
FBISE announced exam schedule for university admissions,real
University of Punjab declared exam dates under government policy,real
Punjab Board opened admission portal for academic session 2025,real
earn 5000 rupees daily 100% guaranteed join whatsapp group,fake
get scholarship without merit without verification contact agent on whatsapp,fake
HEC Pakistan started registration process for academic session 2025,real
get free laptop instantly without verification join whatsapp group,fake
HEC Pakistan released result notification for university admissions,real
get free laptop instantly instant approval contact agent on whatsapp,fake
get job without exam instant approval contact agent on whatsapp,fake
earn 5000 rupees daily no merit needed register via telegram,fake
get scholarship without merit 100% guaranteed join whatsapp group,fake
University of Punjab started registration process for university admissions,real
get free laptop instantly no merit needed contact agent on whatsapp,fake
Ministry of Education Pakistan started registration process for academic session 2025,real
University of Punjab approved scholarship program for academic session 2025,real
get job without exam no test required pay registration fee,fake
get free laptop instantly no merit needed register via telegram,fake
KPK Education Department issued official circular for intermediate students,real
receive cash reward instant approval send money on easypaisa,fake
receive cash reward no test required register via telegram,fake
earn 5000 rupees daily no merit needed register via telegram,fake
FBISE issued official circular via official website,real
FBISE issued official circular for intermediate students,real
get free laptop instantly 100% guaranteed click unknown link,fake
get scholarship without merit without verification register via telegram,fake
receive cash reward no merit needed pay registration fee,fake
get free laptop instantly without verification contact agent on whatsapp,fake
get scholarship without merit instant approval register via telegram,fake
get free laptop instantly no merit needed send money on easypaisa,fake
free admission guaranteed instant approval pay registration fee,fake
free admission guaranteed no test required click unknown link,fake
Sindh Board released date sheet under government policy,real
Punjab Board updated curriculum for intermediate students,real
FBISE published merit list for all districts of Pakistan,real
Sindh Board published merit list for academic session 2025,real
earn 5000 rupees daily without verification register via telegram,fake
FBISE released date sheet via official website,real
KPK Education Department approved scholarship program for intermediate students,real
FBISE announced exam schedule for all districts of Pakistan,real
get scholarship without merit without verification contact agent on whatsapp,fake
Ministry of Education Pakistan approved scholarship program for intermediate students,real
Punjab Board approved scholarship program for all districts of Pakistan,real
get free laptop instantly 100% guaranteed pay registration fee,fake
KPK Education Department released result notification for all districts of Pakistan,real
University of Punjab started registration process for university admissions,real
University of Punjab announced exam schedule for all districts of Pakistan,real
free admission guaranteed no merit needed register via telegram,fake
earn 5000 rupees daily without verification contact agent on whatsapp,fake
Punjab Board published merit list for intermediate students,real
University of Punjab issued official circular for university admissions,real
HEC Pakistan updated curriculum under government policy,real
receive cash reward no merit needed send money on easypaisa,fake
get free laptop instantly no test required click unknown link,fake
get job without exam instant approval join whatsapp group,fake
earn 5000 rupees daily without verification click unknown link,fake
Ministry of Education Pakistan declared exam dates for all districts of Pakistan,real
get job without exam 100% guaranteed register via telegram,fake
get job without exam no merit needed register via telegram,fake
get job without exam no merit needed send money on easypaisa,fake
get job without exam no test required send money on easypaisa,fake
KPK Education Department published merit list via official website,real
Punjab Board released date sheet for all districts of Pakistan,real
FBISE updated curriculum under government policy,real
HEC Pakistan updated curriculum under government policy,real
FBISE updated curriculum under government policy,real
earn 5000 rupees daily instant approval register via telegram,fake
get job without exam 100% guaranteed pay registration fee,fake
get job without exam no test required register via telegram,fake
get scholarship without merit no test required pay registration fee,fake
Punjab Board released date sheet for university admissions,real
FBISE updated curriculum for all districts of Pakistan,real
receive cash reward no test required register via telegram,fake
KPK Education Department released date sheet for academic session 2025,real
free admission guaranteed instant approval send money on easypaisa,fake
KPK Education Department opened admission portal for all districts of Pakistan,real
Ministry of Education Pakistan declared exam dates for academic session 2025,real
Punjab Board published merit list for academic session 2025,real
get free laptop instantly no merit needed pay registration fee,fake
get scholarship without merit no merit needed send money on easypaisa,fake
get job without exam instant approval send money on easypaisa,fake
get free laptop instantly without verification pay registration fee,fake
free admission guaranteed no merit needed join whatsapp group,fake
get scholarship without merit no test required click unknown link,fake
FBISE announced exam schedule via official website,real
earn 5000 rupees daily no test required register via telegram,fake
earn 5000 rupees daily without verification join whatsapp group,fake
FBISE started registration process for all districts of Pakistan,real
Ministry of Education Pakistan published merit list under government policy,real
earn 5000 rupees daily 100% guaranteed register via telegram,fake
FBISE approved scholarship program via official website,real
University of Punjab published merit list for university admissions,real
get scholarship without merit without verification register via telegram,fake
earn 5000 rupees daily no test required register via telegram,fake
free admission guaranteed no test required pay registration fee,fake
Punjab Board announced exam schedule via official website,real
FBISE issued official circular for all districts of Pakistan,real
free admission guaranteed 100% guaranteed pay registration fee,fake
free admission guaranteed instant approval contact agent on whatsapp,fake
get scholarship without merit no merit needed pay registration fee,fake
get scholarship without merit no test required send money on easypaisa,fake
get free laptop instantly no merit needed pay registration fee,fake
HEC Pakistan declared exam dates under government policy,real
get free laptop instantly instant approval contact agent on whatsapp,fake
University of Punjab announced exam schedule under government policy,real
earn 5000 rupees daily instant approval join whatsapp group,fake
HEC Pakistan opened admission portal for all districts of Pakistan,real
KPK Education Department updated curriculum via official website,real
get job without exam 100% guaranteed register via telegram,fake
Sindh Board released date sheet for all districts of Pakistan,real
Sindh Board released result notification under government policy,real
get job without exam 100% guaranteed send money on easypaisa,fake
receive cash reward no test required send money on easypaisa,fake
get job without exam 100% guaranteed contact agent on whatsapp,fake
get job without exam without verification register via telegram,fake
University of Punjab approved scholarship program for all districts of Pakistan,real
earn 5000 rupees daily instant approval click unknown link,fake
KPK Education Department opened admission portal for university admissions,real
get scholarship without merit 100% guaranteed register via telegram,fake
Sindh Board announced exam schedule under government policy,real
get job without exam no test required join whatsapp group,fake
University of Punjab released date sheet for intermediate students,real
free admission guaranteed no test required pay registration fee,fake
receive cash reward without verification contact agent on whatsapp,fake
Punjab Board issued official circular via official website,real
Ministry of Education Pakistan started registration process for academic session 2025,real
HEC Pakistan released date sheet via official website,real
get free laptop instantly 100% guaranteed click unknown link,fake
get scholarship without merit without verification pay registration fee,fake
receive cash reward without verification pay registration fee,fake
get job without exam without verification pay registration fee,fake
FBISE published merit list under government policy,real
Ministry of Education Pakistan published merit list under government policy,real
free admission guaranteed no test required register via telegram,fake
get scholarship without merit without verification pay registration fee,fake
FBISE started registration process for university admissions,real
get job without exam 100% guaranteed join whatsapp group,fake
free admission guaranteed instant approval pay registration fee,fake
HEC Pakistan declared exam dates for academic session 2025,real
free admission guaranteed no merit needed contact agent on whatsapp,fake
earn 5000 rupees daily without verification contact agent on whatsapp,fake
get job without exam 100% guaranteed register via telegram,fake
HEC Pakistan declared exam dates for all districts of Pakistan,real
free admission guaranteed 100% guaranteed join whatsapp group,fake
KPK Education Department declared exam dates for all districts of Pakistan,real
Ministry of Education Pakistan opened admission portal for university admissions,real
free admission guaranteed no merit needed send money on easypaisa,fake
get scholarship without merit instant approval click unknown link,fake
get job without exam without verification send money on easypaisa,fake
Sindh Board announced exam schedule via official website,real
Ministry of Education Pakistan announced exam schedule via official website,real
Punjab Board started registration process under government policy,real
Ministry of Education Pakistan issued official circular for all districts of Pakistan,real
Ministry of Education Pakistan announced exam schedule under government policy,real
get scholarship without merit 100% guaranteed send money on easypaisa,fake
receive cash reward no merit needed send money on easypaisa,fake
FBISE approved scholarship program for academic session 2025,real
Sindh Board announced exam schedule for university admissions,real
Ministry of Education Pakistan declared exam dates under government policy,real
get free laptop instantly no merit needed register via telegram,fake
free admission guaranteed no merit needed register via telegram,fake
Ministry of Education Pakistan issued official circular via official website,real
KPK Education Department released result notification for university admissions,real
Punjab Board published merit list via official website,real
Sindh Board declared exam dates for intermediate students,real
get job without exam no merit needed click unknown link,fake
receive cash reward instant approval click unknown link,fake
University of Punjab declared exam dates for intermediate students,real
earn 5000 rupees daily no test required contact agent on whatsapp,fake
FBISE released result notification for university admissions,real
Sindh Board updated curriculum for all districts of Pakistan,real
get free laptop instantly no merit needed register via telegram,fake
University of Punjab started registration process under government policy,real
get free laptop instantly no test required contact agent on whatsapp,fake
Ministry of Education Pakistan released date sheet for university admissions,real
earn 5000 rupees daily 100% guaranteed pay registration fee,fake
earn 5000 rupees daily no test required send money on easypaisa,fake
University of Punjab opened admission portal via official website,real
receive cash reward without verification click unknown link,fake
get free laptop instantly without verification join whatsapp group,fake
get scholarship without merit no test required click unknown link,fake
FBISE issued official circular under government policy,real
get free laptop instantly no merit needed contact agent on whatsapp,fake
get free laptop instantly instant approval click unknown link,fake
HEC Pakistan announced exam schedule for intermediate students,real
get job without exam without verification register via telegram,fake
FBISE issued official circular for intermediate students,real
earn 5000 rupees daily no test required click unknown link,fake
get scholarship without merit 100% guaranteed register via telegram,fake
Punjab Board released result notification for all districts of Pakistan,real
get job without exam instant approval join whatsapp group,fake
receive cash reward no test required register via telegram,fake
Ministry of Education Pakistan announced exam schedule for all districts of Pakistan,real
FBISE released date sheet for university admissions,real
get free laptop instantly 100% guaranteed pay registration fee,fake
receive cash reward no test required pay registration fee,fake
Ministry of Education Pakistan published merit list for academic session 2025,real
receive cash reward no test required contact agent on whatsapp,fake
get free laptop instantly without verification send money on easypaisa,fake
get free laptop instantly no merit needed click unknown link,fake
receive cash reward without verification pay registration fee,fake
Punjab Board updated curriculum for university admissions,real
FBISE published merit list via official website,real
get free laptop instantly no merit needed pay registration fee,fake
receive cash reward instant approval send money on easypaisa,fake
HEC Pakistan updated curriculum under government policy,real
free admission guaranteed no merit needed register via telegram,fake
earn 5000 rupees daily without verification join whatsapp group,fake
KPK Education Department approved scholarship program under government policy,real
University of Punjab issued official circular for academic session 2025,real
free admission guaranteed without verification pay registration fee,fake
HEC Pakistan announced exam schedule via official website,real
free admission guaranteed without verification register via telegram,fake
get scholarship without merit no merit needed contact agent on whatsapp,fake
Ministry of Education Pakistan started registration process for academic session 2025,real
KPK Education Department issued official circular for academic session 2025,real
HEC Pakistan declared exam dates for university admissions,real
University of Punjab started registration process via official website,real
get free laptop instantly instant approval register via telegram,fake
KPK Education Department opened admission portal for intermediate students,real
Sindh Board announced exam schedule under government policy,real
Ministry of Education Pakistan updated curriculum for all districts of Pakistan,real
University of Punjab approved scholarship program for intermediate students,real
Sindh Board issued official circular under government policy,real
earn 5000 rupees daily instant approval register via telegram,fake
Ministry of Education Pakistan updated curriculum for academic session 2025,real
KPK Education Department published merit list for university admissions,real
Punjab Board announced exam schedule for university admissions,real
HEC Pakistan updated curriculum for academic session 2025,real
get free laptop instantly no merit needed click unknown link,fake
Sindh Board announced exam schedule for university admissions,real
Sindh Board updated curriculum for academic session 2025,real
FBISE updated curriculum for intermediate students,real
free admission guaranteed no test required send money on easypaisa,fake
Ministry of Education Pakistan issued official circular for all districts of Pakistan,real
FBISE started registration process for intermediate students,real
University of Punjab opened admission portal for academic session 2025,real
get free laptop instantly no merit needed register via telegram,fake
free admission guaranteed instant approval send money on easypaisa,fake
get free laptop instantly no test required click unknown link,fake
get free laptop instantly without verification register via telegram,fake
free admission guaranteed 100% guaranteed join whatsapp group,fake
HEC Pakistan updated curriculum for all districts of Pakistan,real
get free laptop instantly instant approval pay registration fee,fake
get free laptop instantly no merit needed register via telegram,fake
get job without exam no merit needed contact agent on whatsapp,fake
receive cash reward without verification click unknown link,fake
free admission guaranteed instant approval click unknown link,fake
earn 5000 rupees daily 100% guaranteed pay registration fee,fake
get job without exam instant approval pay registration fee,fake
FBISE started registration process for all districts of Pakistan,real
get job without exam no test required send money on easypaisa,fake
receive cash reward without verification register via telegram,fake
free admission guaranteed no test required pay registration fee,fake
HEC Pakistan declared exam dates for academic session 2025,real
earn 5000 rupees daily 100% guaranteed join whatsapp group,fake
free admission guaranteed no test required register via telegram,fake
HEC Pakistan updated curriculum for all districts of Pakistan,real
HEC Pakistan opened admission portal for university admissions,real
get scholarship without merit no merit needed send money on easypaisa,fake
get free laptop instantly no test required pay registration fee,fake
earn 5000 rupees daily instant approval contact agent on whatsapp,fake
free admission guaranteed no merit needed join whatsapp group,fake
get free laptop instantly instant approval register via telegram,fake
Sindh Board declared exam dates via official website,real
Sindh Board started registration process via official website,real
free admission guaranteed without verification click unknown link,fake
free admission guaranteed instant approval pay registration fee,fake
earn 5000 rupees daily no merit needed click unknown link,fake
earn 5000 rupees daily without verification pay registration fee,fake
Sindh Board updated curriculum for academic session 2025,real
HEC Pakistan released result notification for intermediate students,real
HEC Pakistan published merit list for intermediate students,real
earn 5000 rupees daily instant approval pay registration fee,fake
University of Punjab released result notification for university admissions,real
get free laptop instantly without verification click unknown link,fake
get job without exam instant approval pay registration fee,fake
get free laptop instantly no test required join whatsapp group,fake
FBISE issued official circular for university admissions,real
Ministry of Education Pakistan released result notification for all districts of Pakistan,real
get scholarship without merit no test required click unknown link,fake
HEC Pakistan issued official circular for university admissions,real
get free laptop instantly 100% guaranteed pay registration fee,fake
University of Punjab announced exam schedule for intermediate students,real
earn 5000 rupees daily without verification pay registration fee,fake
earn 5000 rupees daily no merit needed contact agent on whatsapp,fake
Punjab Board published merit list for intermediate students,real
free admission guaranteed no merit needed click unknown link,fake
get free laptop instantly no test required click unknown link,fake
KPK Education Department released result notification via official website,real
get free laptop instantly no test required send money on easypaisa,fake
FBISE updated curriculum via official website,real
get job without exam no merit needed register via telegram,fake
Ministry of Education Pakistan declared exam dates via official website,real
earn 5000 rupees daily no test required pay registration fee,fake
Punjab Board declared exam dates for intermediate students,real
University of Punjab issued official circular for intermediate students,real
earn 5000 rupees daily 100% guaranteed click unknown link,fake
Punjab Board started registration process for all districts of Pakistan,real
KPK Education Department announced exam schedule for all districts of Pakistan,real
free admission guaranteed instant approval contact agent on whatsapp,fake
FBISE approved scholarship program for intermediate students,real
HEC Pakistan updated curriculum via official website,real
Punjab Board released date sheet under government policy,real
get free laptop instantly no test required join whatsapp group,fake
University of Punjab announced exam schedule for intermediate students,real
Sindh Board approved scholarship program for academic session 2025,real
University of Punjab issued official circular under government policy,real
University of Punjab opened admission portal for all districts of Pakistan,real
get free laptop instantly no merit needed send money on easypaisa,fake
University of Punjab approved scholarship program for university admissions,real
get free laptop instantly no merit needed click unknown link,fake
FBISE released date sheet via official website,real
earn 5000 rupees daily no test required join whatsapp group,fake
KPK Education Department opened admission portal for academic session 2025,real
earn 5000 rupees daily without verification register via telegram,fake
University of Punjab updated curriculum for all districts of Pakistan,real
KPK Education Department updated curriculum for academic session 2025,real
earn 5000 rupees daily no test required send money on easypaisa,fake
FBISE opened admission portal for university admissions,real
University of Punjab announced exam schedule for all districts of Pakistan,real
get free laptop instantly without verification pay registration fee,fake
Ministry of Education Pakistan opened admission portal for university admissions,real
receive cash reward no test required click unknown link,fake
get job without exam 100% guaranteed send money on easypaisa,fake
FBISE issued official circular via official website,real
Punjab Board released result notification for all districts of Pakistan,real
get job without exam instant approval join whatsapp group,fake
get free laptop instantly no merit needed register via telegram,fake
Punjab Board announced exam schedule for all districts of Pakistan,real
Ministry of Education Pakistan started registration process via official website,real
KPK Education Department issued official circular for intermediate students,real
Punjab Board released result notification for university admissions,real
KPK Education Department opened admission portal for all districts of Pakistan,real
Ministry of Education Pakistan started registration process for all districts of Pakistan,real
University of Punjab declared exam dates via official website,real
Sindh Board issued official circular via official website,real
get free laptop instantly instant approval click unknown link,fake
University of Punjab opened admission portal for university admissions,real
receive cash reward no merit needed click unknown link,fake
free admission guaranteed no test required contact agent on whatsapp,fake
KPK Education Department announced exam schedule for intermediate students,real
earn 5000 rupees daily without verification send money on easypaisa,fake
get job without exam no merit needed register via telegram,fake
free admission guaranteed 100% guaranteed contact agent on whatsapp,fake
receive cash reward no merit needed click unknown link,fake
Punjab Board released result notification for intermediate students,real
free admission guaranteed 100% guaranteed join whatsapp group,fake
earn 5000 rupees daily no merit needed contact agent on whatsapp,fake
HEC Pakistan released date sheet via official website,real
Sindh Board declared exam dates for university admissions,real
HEC Pakistan released date sheet via official website,real
get scholarship without merit no test required pay registration fee,fake
get job without exam no merit needed contact agent on whatsapp,fake
HEC Pakistan declared exam dates for academic session 2025,real
earn 5000 rupees daily no test required register via telegram,fake
Punjab Board declared exam dates for all districts of Pakistan,real
get scholarship without merit instant approval contact agent on whatsapp,fake
Sindh Board approved scholarship program for university admissions,real
receive cash reward no test required pay registration fee,fake
Punjab Board updated curriculum for intermediate students,real
Punjab Board announced exam schedule for university admissions,real
HEC Pakistan approved scholarship program for academic session 2025,real
FBISE started registration process under government policy,real
get free laptop instantly without verification send money on easypaisa,fake
get free laptop instantly no merit needed register via telegram,fake
free admission guaranteed no merit needed pay registration fee,fake
FBISE started registration process via official website,real
receive cash reward 100% guaranteed contact agent on whatsapp,fake
get free laptop instantly no merit needed join whatsapp group,fake
free admission guaranteed instant approval pay registration fee,fake
earn 5000 rupees daily instant approval click unknown link,fake
earn 5000 rupees daily without verification send money on easypaisa,fake
KPK Education Department issued official circular for all districts of Pakistan,real
FBISE approved scholarship program via official website,real
get job without exam 100% guaranteed send money on easypaisa,fake
free admission guaranteed no merit needed click unknown link,fake
Sindh Board released date sheet for all districts of Pakistan,real
KPK Education Department released result notification for intermediate students,real
receive cash reward no test required register via telegram,fake
University of Punjab released result notification via official website,real
Sindh Board approved scholarship program for intermediate students,real
Sindh Board opened admission portal for academic session 2025,real
receive cash reward without verification click unknown link,fake
get free laptop instantly without verification click unknown link,fake
KPK Education Department updated curriculum for academic session 2025,real
free admission guaranteed no test required click unknown link,fake
Punjab Board released result notification for academic session 2025,real
receive cash reward instant approval contact agent on whatsapp,fake
HEC Pakistan published merit list for university admissions,real
get scholarship without merit 100% guaranteed pay registration fee,fake
KPK Education Department updated curriculum for all districts of Pakistan,real
get job without exam no merit needed join whatsapp group,fake
KPK Education Department announced exam schedule for intermediate students,real
receive cash reward instant approval register via telegram,fake
KPK Education Department opened admission portal for academic session 2025,real
University of Punjab approved scholarship program for intermediate students,real
KPK Education Department published merit list for academic session 2025,real
get free laptop instantly no test required contact agent on whatsapp,fake
KPK Education Department released date sheet for all districts of Pakistan,real
KPK Education Department released result notification for intermediate students,real
earn 5000 rupees daily 100% guaranteed send money on easypaisa,fake
free admission guaranteed 100% guaranteed send money on easypaisa,fake
receive cash reward no merit needed pay registration fee,fake
free admission guaranteed no merit needed click unknown link,fake
free admission guaranteed no merit needed join whatsapp group,fake
free admission guaranteed without verification register via telegram,fake
University of Punjab updated curriculum under government policy,real
get scholarship without merit instant approval send money on easypaisa,fake
get scholarship without merit 100% guaranteed pay registration fee,fake
HEC Pakistan published merit list under government policy,real
University of Punjab opened admission portal for university admissions,real
University of Punjab announced exam schedule for university admissions,real
free admission guaranteed instant approval send money on easypaisa,fake
FBISE announced exam schedule for university admissions,real
KPK Education Department released result notification under government policy,real
earn 5000 rupees daily no test required send money on easypaisa,fake
get job without exam no test required register via telegram,fake
KPK Education Department opened admission portal for university admissions,real
HEC Pakistan issued official circular for intermediate students,real
get scholarship without merit without verification join whatsapp group,fake
get job without exam 100% guaranteed pay registration fee,fake
earn 5000 rupees daily 100% guaranteed click unknown link,fake
Sindh Board released result notification for academic session 2025,real
Punjab Board declared exam dates for intermediate students,real
get free laptop instantly no merit needed contact agent on whatsapp,fake
Ministry of Education Pakistan opened admission portal under government policy,real
get free laptop instantly without verification send money on easypaisa,fake
get scholarship without merit without verification click unknown link,fake
HEC Pakistan approved scholarship program for all districts of Pakistan,real
HEC Pakistan declared exam dates for all districts of Pakistan,real
Ministry of Education Pakistan approved scholarship program via official website,real
get job without exam no merit needed pay registration fee,fake
get free laptop instantly no test required send money on easypaisa,fake
get free laptop instantly 100% guaranteed join whatsapp group,fake
get free laptop instantly no merit needed send money on easypaisa,fake
Punjab Board started registration process via official website,real
HEC Pakistan opened admission portal for intermediate students,real
free admission guaranteed no test required pay registration fee,fake
FBISE published merit list via official website,real
KPK Education Department approved scholarship program for intermediate students,real
Ministry of Education Pakistan released date sheet for all districts of Pakistan,real
get free laptop instantly 100% guaranteed register via telegram,fake
Sindh Board announced exam schedule via official website,real
Sindh Board approved scholarship program for university admissions,real
receive cash reward without verification join whatsapp group,fake
University of Punjab released date sheet via official website,real
FBISE published merit list for intermediate students,real
University of Punjab published merit list for university admissions,real
HEC Pakistan updated curriculum for intermediate students,real
Ministry of Education Pakistan released result notification via official website,real
Punjab Board updated curriculum for intermediate students,real
Sindh Board released date sheet for university admissions,real
Punjab Board announced exam schedule via official website,real
receive cash reward no test required join whatsapp group,fake
earn 5000 rupees daily without verification send money on easypaisa,fake
Sindh Board announced exam schedule for university admissions,real
Sindh Board updated curriculum for all districts of Pakistan,real
Ministry of Education Pakistan released result notification for all districts of Pakistan,real
University of Punjab released result notification under government policy,real
free admission guaranteed without verification click unknown link,fake
get job without exam 100% guaranteed contact agent on whatsapp,fake
receive cash reward instant approval send money on easypaisa,fake
Punjab Board issued official circular for intermediate students,real
Ministry of Education Pakistan approved scholarship program for all districts of Pakistan,real
get free laptop instantly instant approval click unknown link,fake
Ministry of Education Pakistan released result notification for all districts of Pakistan,real
Sindh Board released date sheet for university admissions,real
Sindh Board released date sheet via official website,real
receive cash reward without verification click unknown link,fake
get scholarship without merit no merit needed pay registration fee,fake
get job without exam instant approval send money on easypaisa,fake
FBISE approved scholarship program for intermediate students,real
KPK Education Department updated curriculum for all districts of Pakistan,real
Punjab Board issued official circular for university admissions,real
Ministry of Education Pakistan published merit list for academic session 2025,real
University of Punjab issued official circular for all districts of Pakistan,real
receive cash reward without verification pay registration fee,fake
Punjab Board announced exam schedule for all districts of Pakistan,real
get job without exam without verification send money on easypaisa,fake
receive cash reward instant approval send money on easypaisa,fake
receive cash reward instant approval register via telegram,fake
get scholarship without merit no test required contact agent on whatsapp,fake
get scholarship without merit 100% guaranteed send money on easypaisa,fake
HEC Pakistan opened admission portal for academic session 2025,real
receive cash reward instant approval send money on easypaisa,fake
free admission guaranteed no test required click unknown link,fake
Ministry of Education Pakistan released result notification for all districts of Pakistan,real
free admission guaranteed without verification join whatsapp group,fake
earn 5000 rupees daily no merit needed send money on easypaisa,fake
get free laptop instantly no merit needed join whatsapp group,fake
University of Punjab released date sheet for all districts of Pakistan,real
earn 5000 rupees daily no test required pay registration fee,fake
get free laptop instantly no test required register via telegram,fake
get job without exam 100% guaranteed pay registration fee,fake
get free laptop instantly without verification register via telegram,fake
HEC Pakistan updated curriculum for intermediate students,real
FBISE released result notification for all districts of Pakistan,real
Sindh Board issued official circular via official website,real
KPK Education Department opened admission portal for academic session 2025,real
Ministry of Education Pakistan updated curriculum for university admissions,real
get scholarship without merit 100% guaranteed pay registration fee,fake
get job without exam no merit needed register via telegram,fake
get job without exam no merit needed send money on easypaisa,fake
receive cash reward no merit needed click unknown link,fake
Ministry of Education Pakistan issued official circular for all districts of Pakistan,real
get job without exam no test required join whatsapp group,fake
FBISE started registration process for academic session 2025,real
Ministry of Education Pakistan released result notification via official website,real
free admission guaranteed 100% guaranteed send money on easypaisa,fake
Punjab Board announced exam schedule for academic session 2025,real
Ministry of Education Pakistan updated curriculum under government policy,real
receive cash reward 100% guaranteed pay registration fee,fake
University of Punjab declared exam dates under government policy,real
get job without exam no test required pay registration fee,fake
get scholarship without merit instant approval send money on easypaisa,fake
University of Punjab issued official circular for academic session 2025,real
get scholarship without merit 100% guaranteed click unknown link,fake
receive cash reward instant approval register via telegram,fake
Ministry of Education Pakistan released result notification for all districts of Pakistan,real
get scholarship without merit without verification register via telegram,fake
receive cash reward instant approval join whatsapp group,fake
Ministry of Education Pakistan released date sheet via official website,real
get job without exam instant approval join whatsapp group,fake
get scholarship without merit no test required pay registration fee,fake
KPK Education Department released date sheet via official website,real
Punjab Board approved scholarship program under government policy,real
Ministry of Education Pakistan published merit list under government policy,real
FBISE announced exam schedule for university admissions,real
Sindh Board released result notification via official website,real
Sindh Board released date sheet for all districts of Pakistan,real
Punjab Board released date sheet for university admissions,real
get free laptop instantly without verification send money on easypaisa,fake
Ministry of Education Pakistan approved scholarship program via official website,real
get job without exam instant approval contact agent on whatsapp,fake
get free laptop instantly instant approval join whatsapp group,fake
Punjab Board approved scholarship program for intermediate students,real
KPK Education Department released date sheet under government policy,real
receive cash reward without verification contact agent on whatsapp,fake
KPK Education Department published merit list for intermediate students,real
get free laptop instantly without verification join whatsapp group,fake
Punjab Board opened admission portal under government policy,real
earn 5000 rupees daily without verification contact agent on whatsapp,fake
get scholarship without merit without verification pay registration fee,fake
get free laptop instantly 100% guaranteed register via telegram,fake
Sindh Board published merit list for all districts of Pakistan,real
HEC Pakistan approved scholarship program via official website,real
receive cash reward no test required join whatsapp group,fake
get free laptop instantly without verification click unknown link,fake
KPK Education Department declared exam dates for all districts of Pakistan,real
get free laptop instantly instant approval send money on easypaisa,fake
receive cash reward no merit needed join whatsapp group,fake
receive cash reward instant approval click unknown link,fake
Ministry of Education Pakistan announced exam schedule for university admissions,real
get job without exam no test required pay registration fee,fake
get scholarship without merit instant approval send money on easypaisa,fake
Ministry of Education Pakistan announced exam schedule for academic session 2025,real
FBISE released result notification for intermediate students,real
get job without exam instant approval click unknown link,fake
KPK Education Department issued official circular for academic session 2025,real
University of Punjab released result notification via official website,real
receive cash reward no test required contact agent on whatsapp,fake
FBISE updated curriculum for all districts of Pakistan,real
University of Punjab announced exam schedule for all districts of Pakistan,real
free admission guaranteed no test required join whatsapp group,fake
FBISE published merit list for university admissions,real
FBISE approved scholarship program for intermediate students,real
get scholarship without merit no test required join whatsapp group,fake
get scholarship without merit no test required join whatsapp group,fake
KPK Education Department released result notification for intermediate students,real
get scholarship without merit 100% guaranteed pay registration fee,fake
get free laptop instantly 100% guaranteed click unknown link,fake
FBISE issued official circular for academic session 2025,real
FBISE published merit list for university admissions,real
get free laptop instantly no test required register via telegram,fake
earn 5000 rupees daily instant approval pay registration fee,fake
earn 5000 rupees daily no merit needed join whatsapp group,fake
get job without exam no test required pay registration fee,fake
get free laptop instantly no merit needed register via telegram,fake
Sindh Board announced exam schedule for academic session 2025,real
Ministry of Education Pakistan released result notification for academic session 2025,real
receive cash reward instant approval send money on easypaisa,fake
receive cash reward instant approval click unknown link,fake
Punjab Board published merit list for university admissions,real
Punjab Board approved scholarship program under government policy,real
receive cash reward 100% guaranteed click unknown link,fake
FBISE opened admission portal for university admissions,real
get free laptop instantly without verification send money on easypaisa,fake
free admission guaranteed no test required pay registration fee,fake
earn 5000 rupees daily no merit needed contact agent on whatsapp,fake
free admission guaranteed 100% guaranteed join whatsapp group,fake
get job without exam no test required contact agent on whatsapp,fake
Punjab Board released date sheet for university admissions,real
HEC Pakistan declared exam dates for academic session 2025,real
receive cash reward 100% guaranteed register via telegram,fake
get free laptop instantly without verification contact agent on whatsapp,fake
Sindh Board announced exam schedule for all districts of Pakistan,real
FBISE released date sheet for intermediate students,real
FBISE started registration process for all districts of Pakistan,real
University of Punjab declared exam dates for intermediate students,real
HEC Pakistan released result notification under government policy,real
KPK Education Department opened admission portal for all districts of Pakistan,real
get scholarship without merit instant approval join whatsapp group,fake
earn 5000 rupees daily instant approval click unknown link,fake
Punjab Board started registration process for academic session 2025,real
University of Punjab published merit list under government policy,real
earn 5000 rupees daily 100% guaranteed join whatsapp group,fake
get free laptop instantly 100% guaranteed send money on easypaisa,fake
Punjab Board declared exam dates for all districts of Pakistan,real
Sindh Board announced exam schedule for all districts of Pakistan,real
receive cash reward no test required click unknown link,fake
free admission guaranteed no test required click unknown link,fake
free admission guaranteed no merit needed pay registration fee,fake
University of Punjab published merit list for academic session 2025,real
get scholarship without merit without verification register via telegram,fake
get scholarship without merit no test required register via telegram,fake
receive cash reward no merit needed contact agent on whatsapp,fake
KPK Education Department released result notification via official website,real
get job without exam no test required join whatsapp group,fake
Ministry of Education Pakistan issued official circular under government policy,real
University of Punjab issued official circular for academic session 2025,real
Punjab Board updated curriculum for academic session 2025,real
get free laptop instantly without verification register via telegram,fake
Ministry of Education Pakistan released date sheet under government policy,real
get job without exam no merit needed contact agent on whatsapp,fake
KPK Education Department issued official circular under government policy,real
KPK Education Department released date sheet for university admissions,real
free admission guaranteed no test required join whatsapp group,fake
FBISE started registration process for intermediate students,real
University of Punjab started registration process for academic session 2025,real
FBISE announced exam schedule under government policy,real
Punjab Board approved scholarship program for university admissions,real
free admission guaranteed no test required join whatsapp group,fake
get scholarship without merit no test required send money on easypaisa,fake
get free laptop instantly no merit needed join whatsapp group,fake
earn 5000 rupees daily without verification register via telegram,fake
Punjab Board issued official circular for all districts of Pakistan,real
earn 5000 rupees daily instant approval register via telegram,fake
free admission guaranteed without verification join whatsapp group,fake
free admission guaranteed instant approval pay registration fee,fake
Sindh Board updated curriculum for all districts of Pakistan,real
HEC Pakistan announced exam schedule for all districts of Pakistan,real
University of Punjab opened admission portal via official website,real
get free laptop instantly without verification click unknown link,fake
receive cash reward 100% guaranteed register via telegram,fake
University of Punjab updated curriculum for intermediate students,real
FBISE updated curriculum for university admissions,real
Punjab Board issued official circular for all districts of Pakistan,real
get job without exam 100% guaranteed join whatsapp group,fake
receive cash reward without verification send money on easypaisa,fake
earn 5000 rupees daily no test required pay registration fee,fake
earn 5000 rupees daily no test required pay registration fee,fake
University of Punjab announced exam schedule for academic session 2025,real
FBISE updated curriculum for intermediate students,real
FBISE released result notification for university admissions,real
Punjab Board published merit list for academic session 2025,real
HEC Pakistan announced exam schedule for all districts of Pakistan,real
earn 5000 rupees daily 100% guaranteed pay registration fee,fake
free admission guaranteed without verification contact agent on whatsapp,fake
Ministry of Education Pakistan released date sheet for academic session 2025,real
get free laptop instantly no merit needed click unknown link,fake
get free laptop instantly no test required register via telegram,fake
get scholarship without merit instant approval contact agent on whatsapp,fake
get scholarship without merit no test required pay registration fee,fake
receive cash reward no merit needed register via telegram,fake
Ministry of Education Pakistan announced exam schedule via official website,real
get job without exam no merit needed click unknown link,fake
Sindh Board opened admission portal for university admissions,real
free admission guaranteed 100% guaranteed click unknown link,fake
get free laptop instantly instant approval register via telegram,fake
free admission guaranteed no merit needed register via telegram,fake
Punjab Board started registration process for university admissions,real
receive cash reward without verification click unknown link,fake
University of Punjab released date sheet for intermediate students,real
free admission guaranteed no merit needed contact agent on whatsapp,fake
free admission guaranteed without verification register via telegram,fake
HEC Pakistan opened admission portal for all districts of Pakistan,real
HEC Pakistan declared exam dates for intermediate students,real
free admission guaranteed no test required contact agent on whatsapp,fake
University of Punjab opened admission portal for academic session 2025,real
Sindh Board declared exam dates under government policy,real
free admission guaranteed without verification send money on easypaisa,fake
earn 5000 rupees daily 100% guaranteed send money on easypaisa,fake
receive cash reward no merit needed join whatsapp group,fake
University of Punjab released result notification for intermediate students,real
KPK Education Department announced exam schedule under government policy,real
HEC Pakistan approved scholarship program for academic session 2025,real
KPK Education Department started registration process for all districts of Pakistan,real
receive cash reward without verification join whatsapp group,fake
KPK Education Department released date sheet under government policy,real
get scholarship without merit instant approval register via telegram,fake
FBISE published merit list for university admissions,real
receive cash reward without verification register via telegram,fake
KPK Education Department announced exam schedule for academic session 2025,real
FBISE released date sheet via official website,real
earn 5000 rupees daily no test required register via telegram,fake
get scholarship without merit without verification click unknown link,fake
Sindh Board updated curriculum for academic session 2025,real
receive cash reward instant approval join whatsapp group,fake
Sindh Board opened admission portal under government policy,real
Ministry of Education Pakistan opened admission portal for university admissions,real
KPK Education Department published merit list via official website,real
get free laptop instantly without verification register via telegram,fake
get job without exam no test required join whatsapp group,fake
get scholarship without merit no test required join whatsapp group,fake
Punjab Board opened admission portal for academic session 2025,real
Sindh Board published merit list via official website,real
get free laptop instantly no merit needed join whatsapp group,fake
get job without exam without verification send money on easypaisa,fake
get scholarship without merit 100% guaranteed register via telegram,fake
receive cash reward 100% guaranteed join whatsapp group,fake
Sindh Board approved scholarship program under government policy,real
HEC Pakistan approved scholarship program via official website,real
earn 5000 rupees daily without verification contact agent on whatsapp,fake
free admission guaranteed no test required send money on easypaisa,fake
get free laptop instantly instant approval contact agent on whatsapp,fake
get free laptop instantly no merit needed join whatsapp group,fake
get free laptop instantly 100% guaranteed pay registration fee,fake
Ministry of Education Pakistan released result notification for academic session 2025,real
Punjab Board updated curriculum via official website,real
get scholarship without merit 100% guaranteed pay registration fee,fake
Sindh Board issued official circular under government policy,real
receive cash reward no merit needed click unknown link,fake
free admission guaranteed instant approval pay registration fee,fake
get job without exam no merit needed register via telegram,fake
earn 5000 rupees daily no test required click unknown link,fake
get job without exam no merit needed pay registration fee,fake
get scholarship without merit 100% guaranteed contact agent on whatsapp,fake
get scholarship without merit no test required pay registration fee,fake
FBISE approved scholarship program under government policy,real
Sindh Board released date sheet for university admissions,real
get job without exam no merit needed register via telegram,fake
get scholarship without merit 100% guaranteed join whatsapp group,fake
University of Punjab declared exam dates for university admissions,real
KPK Education Department approved scholarship program via official website,real
free admission guaranteed no merit needed contact agent on whatsapp,fake
free admission guaranteed no merit needed click unknown link,fake
receive cash reward no merit needed join whatsapp group,fake
get free laptop instantly no merit needed send money on easypaisa,fake
get free laptop instantly no merit needed contact agent on whatsapp,fake
FBISE opened admission portal for university admissions,real
receive cash reward no test required contact agent on whatsapp,fake
earn 5000 rupees daily without verification send money on easypaisa,fake
earn 5000 rupees daily without verification click unknown link,fake
get scholarship without merit instant approval register via telegram,fake
Punjab Board released date sheet via official website,real
KPK Education Department released result notification under government policy,real
receive cash reward without verification pay registration fee,fake
KPK Education Department started registration process for intermediate students,real
get scholarship without merit no merit needed join whatsapp group,fake
get scholarship without merit no test required register via telegram,fake
receive cash reward 100% guaranteed register via telegram,fake
Ministry of Education Pakistan released result notification for university admissions,real
get job without exam instant approval send money on easypaisa,fake
get free laptop instantly instant approval contact agent on whatsapp,fake
get scholarship without merit no merit needed click unknown link,fake
Ministry of Education Pakistan declared exam dates for academic session 2025,real
free admission guaranteed no test required register via telegram,fake
get free laptop instantly without verification join whatsapp group,fake
KPK Education Department published merit list under government policy,real
FBISE opened admission portal for all districts of Pakistan,real
get job without exam without verification contact agent on whatsapp,fake
University of Punjab approved scholarship program for intermediate students,real
get job without exam no merit needed register via telegram,fake
get job without exam no merit needed contact agent on whatsapp,fake
get job without exam instant approval join whatsapp group,fake
get scholarship without merit without verification click unknown link,fake
FBISE announced exam schedule via official website,real
Punjab Board issued official circular via official website,real
free admission guaranteed no merit needed pay registration fee,fake
earn 5000 rupees daily no test required pay registration fee,fake
Punjab Board issued official circular for university admissions,real
receive cash reward no merit needed click unknown link,fake
get scholarship without merit no test required pay registration fee,fake
FBISE released date sheet for academic session 2025,real
HEC Pakistan announced exam schedule for university admissions,real
get scholarship without merit instant approval send money on easypaisa,fake
HEC Pakistan opened admission portal under government policy,real
get scholarship without merit no merit needed register via telegram,fake
free admission guaranteed no test required join whatsapp group,fake
KPK Education Department released date sheet for all districts of Pakistan,real
University of Punjab approved scholarship program under government policy,real
earn 5000 rupees daily without verification register via telegram,fake
HEC Pakistan issued official circular for all districts of Pakistan,real
Sindh Board published merit list for university admissions,real
earn 5000 rupees daily 100% guaranteed send money on easypaisa,fake
FBISE declared exam dates under government policy,real
get scholarship without merit 100% guaranteed send money on easypaisa,fake
receive cash reward no test required contact agent on whatsapp,fake
get scholarship without merit without verification register via telegram,fake
Punjab Board released date sheet for academic session 2025,real
earn 5000 rupees daily without verification contact agent on whatsapp,fake
get free laptop instantly without verification pay registration fee,fake
Punjab Board published merit list for all districts of Pakistan,real
Ministry of Education Pakistan updated curriculum for intermediate students,real
University of Punjab released result notification via official website,real
Sindh Board declared exam dates under government policy,real
University of Punjab started registration process for university admissions,real
Punjab Board declared exam dates for all districts of Pakistan,real
Sindh Board started registration process via official website,real
FBISE approved scholarship program under government policy,real
free admission guaranteed instant approval register via telegram,fake
Sindh Board released result notification under government policy,real
get free laptop instantly 100% guaranteed pay registration fee,fake
free admission guaranteed 100% guaranteed send money on easypaisa,fake
free admission guaranteed no merit needed click unknown link,fake
receive cash reward 100% guaranteed join whatsapp group,fake
FBISE updated curriculum under government policy,real
HEC Pakistan published merit list under government policy,real
receive cash reward no test required register via telegram,fake
Sindh Board announced exam schedule under government policy,real
University of Punjab updated curriculum via official website,real
Ministry of Education Pakistan released result notification for university admissions,real
receive cash reward without verification join whatsapp group,fake
receive cash reward without verification pay registration fee,fake
get scholarship without merit no merit needed register via telegram,fake
University of Punjab declared exam dates via official website,real
University of Punjab released date sheet for academic session 2025,real
FBISE started registration process via official website,real
get free laptop instantly 100% guaranteed pay registration fee,fake
University of Punjab released result notification for intermediate students,real
get job without exam without verification contact agent on whatsapp,fake
FBISE opened admission portal for intermediate students,real
receive cash reward no test required click unknown link,fake
Punjab Board opened admission portal for all districts of Pakistan,real
HEC Pakistan approved scholarship program for intermediate students,real
FBISE released result notification for academic session 2025,real
FBISE released date sheet under government policy,real
receive cash reward without verification pay registration fee,fake
FBISE approved scholarship program for all districts of Pakistan,real
HEC Pakistan issued official circular under government policy,real
University of Punjab declared exam dates for university admissions,real
FBISE updated curriculum for academic session 2025,real
get free laptop instantly instant approval register via telegram,fake
free admission guaranteed instant approval send money on easypaisa,fake
get free laptop instantly without verification register via telegram,fake
Sindh Board released date sheet for university admissions,real
FBISE released date sheet under government policy,real
earn 5000 rupees daily no merit needed join whatsapp group,fake
HEC Pakistan published merit list under government policy,real
KPK Education Department released result notification via official website,real
get free laptop instantly no merit needed register via telegram,fake
get scholarship without merit without verification click unknown link,fake
Sindh Board updated curriculum for intermediate students,real
Sindh Board opened admission portal for university admissions,real
University of Punjab released result notification for academic session 2025,real
KPK Education Department released date sheet for all districts of Pakistan,real
KPK Education Department approved scholarship program for academic session 2025,real
Punjab Board started registration process for university admissions,real
Sindh Board opened admission portal for academic session 2025,real
Ministry of Education Pakistan opened admission portal via official website,real
earn 5000 rupees daily no test required click unknown link,fake
get free laptop instantly 100% guaranteed join whatsapp group,fake
receive cash reward instant approval pay registration fee,fake
earn 5000 rupees daily no merit needed click unknown link,fake
Punjab Board updated curriculum via official website,real
Ministry of Education Pakistan opened admission portal for all districts of Pakistan,real
get scholarship without merit no merit needed register via telegram,fake
free admission guaranteed no test required contact agent on whatsapp,fake
KPK Education Department released date sheet via official website,real
FBISE released date sheet via official website,real
earn 5000 rupees daily no test required register via telegram,fake
Punjab Board released result notification for university admissions,real
get job without exam no test required pay registration fee,fake
get job without exam no test required join whatsapp group,fake
get scholarship without merit without verification pay registration fee,fake
Sindh Board declared exam dates for university admissions,real
HEC Pakistan declared exam dates for intermediate students,real
Sindh Board issued official circular via official website,real
earn 5000 rupees daily instant approval register via telegram,fake
get job without exam 100% guaranteed register via telegram,fake
Sindh Board updated curriculum for academic session 2025,real
get scholarship without merit 100% guaranteed pay registration fee,fake
Sindh Board approved scholarship program via official website,real
get free laptop instantly no test required join whatsapp group,fake
earn 5000 rupees daily no merit needed register via telegram,fake
free admission guaranteed no merit needed join whatsapp group,fake
Ministry of Education Pakistan released date sheet via official website,real
get scholarship without merit without verification pay registration fee,fake
earn 5000 rupees daily no merit needed pay registration fee,fake
FBISE released date sheet under government policy,real
receive cash reward instant approval click unknown link,fake
receive cash reward instant approval click unknown link,fake
earn 5000 rupees daily without verification send money on easypaisa,fake
free admission guaranteed no test required join whatsapp group,fake
University of Punjab declared exam dates for academic session 2025,real
earn 5000 rupees daily without verification contact agent on whatsapp,fake
FBISE opened admission portal for academic session 2025,real
get free laptop instantly no merit needed join whatsapp group,fake
HEC Pakistan declared exam dates for intermediate students,real
Punjab Board started registration process via official website,real
Ministry of Education Pakistan updated curriculum for all districts of Pakistan,real
receive cash reward instant approval register via telegram,fake
University of Punjab released result notification under government policy,real
Punjab Board declared exam dates for university admissions,real
Punjab Board released date sheet for all districts of Pakistan,real
free admission guaranteed no test required click unknown link,fake
get free laptop instantly without verification pay registration fee,fake
University of Punjab declared exam dates for intermediate students,real
FBISE declared exam dates via official website,real
Punjab Board published merit list for academic session 2025,real
receive cash reward no test required pay registration fee,fake
Ministry of Education Pakistan approved scholarship program for all districts of Pakistan,real
HEC Pakistan released result notification under government policy,real
HEC Pakistan approved scholarship program under government policy,real
earn 5000 rupees daily no merit needed pay registration fee,fake
FBISE announced exam schedule under government policy,real
Ministry of Education Pakistan updated curriculum for all districts of Pakistan,real
get free laptop instantly no merit needed pay registration fee,fake
receive cash reward without verification pay registration fee,fake
get job without exam no merit needed contact agent on whatsapp,fake
get free laptop instantly no test required send money on easypaisa,fake
get free laptop instantly instant approval contact agent on whatsapp,fake
FBISE updated curriculum for intermediate students,real
get scholarship without merit without verification join whatsapp group,fake
FBISE updated curriculum for intermediate students,real
receive cash reward 100% guaranteed contact agent on whatsapp,fake
get scholarship without merit no test required send money on easypaisa,fake
University of Punjab declared exam dates for university admissions,real
receive cash reward no merit needed pay registration fee,fake
free admission guaranteed no test required join whatsapp group,fake
free admission guaranteed no test required contact agent on whatsapp,fake
get scholarship without merit no test required send money on easypaisa,fake
KPK Education Department approved scholarship program via official website,real
get free laptop instantly no merit needed click unknown link,fake
earn 5000 rupees daily instant approval join whatsapp group,fake
Sindh Board approved scholarship program for intermediate students,real
University of Punjab approved scholarship program via official website,real
University of Punjab published merit list via official website,real
get scholarship without merit 100% guaranteed register via telegram,fake
Ministry of Education Pakistan opened admission portal for intermediate students,real
get scholarship without merit 100% guaranteed pay registration fee,fake
HEC Pakistan released result notification via official website,real
Sindh Board updated curriculum under government policy,real
University of Punjab released result notification under government policy,real
get job without exam without verification join whatsapp group,fake
HEC Pakistan started registration process via official website,real
KPK Education Department declared exam dates for all districts of Pakistan,real
HEC Pakistan released date sheet for intermediate students,real
earn 5000 rupees daily instant approval send money on easypaisa,fake
Ministry of Education Pakistan published merit list for intermediate students,real
get free laptop instantly instant approval join whatsapp group,fake
get scholarship without merit no merit needed join whatsapp group,fake
Ministry of Education Pakistan released date sheet via official website,real
HEC Pakistan released date sheet under government policy,real
receive cash reward no test required contact agent on whatsapp,fake
get job without exam instant approval register via telegram,fake
Sindh Board announced exam schedule under government policy,real
Sindh Board issued official circular for all districts of Pakistan,real
get job without exam instant approval join whatsapp group,fake
free admission guaranteed no test required register via telegram,fake
free admission guaranteed 100% guaranteed send money on easypaisa,fake
Sindh Board approved scholarship program for intermediate students,real
University of Punjab approved scholarship program for all districts of Pakistan,real
earn 5000 rupees daily instant approval click unknown link,fake
earn 5000 rupees daily instant approval join whatsapp group,fake
University of Punjab declared exam dates for intermediate students,real
KPK Education Department updated curriculum for all districts of Pakistan,real
KPK Education Department declared exam dates for intermediate students,real
receive cash reward instant approval contact agent on whatsapp,fake
get scholarship without merit 100% guaranteed contact agent on whatsapp,fake
earn 5000 rupees daily no test required send money on easypaisa,fake
University of Punjab released date sheet under government policy,real
Punjab Board declared exam dates for academic session 2025,real
HEC Pakistan announced exam schedule for intermediate students,real
FBISE published merit list via official website,real
FBISE started registration process for university admissions,real
get free laptop instantly no merit needed pay registration fee,fake
get scholarship without merit 100% guaranteed click unknown link,fake
get scholarship without merit no test required send money on easypaisa,fake
University of Punjab declared exam dates for intermediate students,real
get job without exam without verification register via telegram,fake
receive cash reward no merit needed click unknown link,fake
Punjab Board published merit list for university admissions,real
get job without exam without verification contact agent on whatsapp,fake
Ministry of Education Pakistan approved scholarship program for academic session 2025,real
Sindh Board opened admission portal for academic session 2025,real
KPK Education Department opened admission portal for university admissions,real
receive cash reward no merit needed send money on easypaisa,fake
receive cash reward no merit needed register via telegram,fake
Ministry of Education Pakistan announced exam schedule for all districts of Pakistan,real
Punjab Board published merit list via official website,real
Sindh Board opened admission portal under government policy,real
Ministry of Education Pakistan released result notification for academic session 2025,real
Ministry of Education Pakistan announced exam schedule via official website,real
Sindh Board announced exam schedule for university admissions,real
Ministry of Education Pakistan issued official circular for university admissions,real
get scholarship without merit instant approval pay registration fee,fake
Ministry of Education Pakistan declared exam dates via official website,real
free admission guaranteed 100% guaranteed click unknown link,fake
Punjab Board approved scholarship program for all districts of Pakistan,real
earn 5000 rupees daily no merit needed pay registration fee,fake
get job without exam no test required join whatsapp group,fake
receive cash reward without verification register via telegram,fake
University of Punjab issued official circular for all districts of Pakistan,real
FBISE released result notification for university admissions,real
HEC Pakistan released date sheet for academic session 2025,real
free admission guaranteed instant approval pay registration fee,fake
HEC Pakistan announced exam schedule for all districts of Pakistan,real
get scholarship without merit instant approval contact agent on whatsapp,fake
get job without exam no test required register via telegram,fake
Ministry of Education Pakistan issued official circular for university admissions,real
earn 5000 rupees daily no merit needed join whatsapp group,fake
free admission guaranteed 100% guaranteed join whatsapp group,fake
free admission guaranteed no test required pay registration fee,fake
earn 5000 rupees daily no merit needed pay registration fee,fake
get free laptop instantly 100% guaranteed join whatsapp group,fake
free admission guaranteed without verification register via telegram,fake
KPK Education Department approved scholarship program for all districts of Pakistan,real
receive cash reward no merit needed contact agent on whatsapp,fake
earn 5000 rupees daily no merit needed send money on easypaisa,fake
Sindh Board declared exam dates for intermediate students,real
get free laptop instantly instant approval contact agent on whatsapp,fake
Ministry of Education Pakistan approved scholarship program for intermediate students,real
earn 5000 rupees daily no merit needed send money on easypaisa,fake
get scholarship without merit without verification pay registration fee,fake
Ministry of Education Pakistan released result notification for all districts of Pakistan,real
get job without exam instant approval join whatsapp group,fake
free admission guaranteed without verification contact agent on whatsapp,fake
earn 5000 rupees daily no merit needed click unknown link,fake
Punjab Board declared exam dates for all districts of Pakistan,real
Punjab Board opened admission portal for all districts of Pakistan,real
Sindh Board released result notification for all districts of Pakistan,real
earn 5000 rupees daily no test required contact agent on whatsapp,fake
HEC Pakistan released date sheet under government policy,real
Ministry of Education Pakistan published merit list for all districts of Pakistan,real
get scholarship without merit without verification register via telegram,fake
receive cash reward no merit needed contact agent on whatsapp,fake
get scholarship without merit instant approval contact agent on whatsapp,fake
Ministry of Education Pakistan issued official circular for academic session 2025,real
earn 5000 rupees daily without verification pay registration fee,fake
receive cash reward without verification click unknown link,fake
get free laptop instantly no test required join whatsapp group,fake
HEC Pakistan issued official circular for all districts of Pakistan,real
receive cash reward 100% guaranteed join whatsapp group,fake
get job without exam no test required register via telegram,fake
HEC Pakistan announced exam schedule for all districts of Pakistan,real
KPK Education Department declared exam dates for all districts of Pakistan,real
Ministry of Education Pakistan issued official circular for university admissions,real
get scholarship without merit 100% guaranteed click unknown link,fake
free admission guaranteed no merit needed click unknown link,fake
get scholarship without merit no test required register via telegram,fake
Punjab Board declared exam dates for all districts of Pakistan,real
earn 5000 rupees daily 100% guaranteed register via telegram,fake
get job without exam instant approval contact agent on whatsapp,fake
earn 5000 rupees daily instant approval click unknown link,fake
get scholarship without merit without verification contact agent on whatsapp,fake
KPK Education Department declared exam dates via official website,real
University of Punjab updated curriculum via official website,real
Punjab Board updated curriculum for academic session 2025,real
HEC Pakistan announced exam schedule for intermediate students,real
HEC Pakistan released date sheet for all districts of Pakistan,real
FBISE updated curriculum for intermediate students,real
Sindh Board issued official circular under government policy,real
receive cash reward 100% guaranteed contact agent on whatsapp,fake
get job without exam without verification click unknown link,fake
HEC Pakistan updated curriculum for university admissions,real
Ministry of Education Pakistan released result notification for intermediate students,real
free admission guaranteed 100% guaranteed send money on easypaisa,fake
HEC Pakistan opened admission portal for university admissions,real
KPK Education Department opened admission portal under government policy,real
HEC Pakistan started registration process for academic session 2025,real
Sindh Board released date sheet for university admissions,real
free admission guaranteed no merit needed pay registration fee,fake
Ministry of Education Pakistan released result notification for intermediate students,real
free admission guaranteed without verification register via telegram,fake
receive cash reward instant approval send money on easypaisa,fake
HEC Pakistan published merit list for academic session 2025,real
FBISE updated curriculum for university admissions,real
get job without exam 100% guaranteed contact agent on whatsapp,fake
University of Punjab opened admission portal for academic session 2025,real
Sindh Board approved scholarship program for academic session 2025,real
get free laptop instantly without verification join whatsapp group,fake
KPK Education Department released result notification for university admissions,real
free admission guaranteed instant approval send money on easypaisa,fake
University of Punjab issued official circular for all districts of Pakistan,real
get scholarship without merit without verification send money on easypaisa,fake
FBISE started registration process via official website,real
get job without exam without verification click unknown link,fake
free admission guaranteed without verification click unknown link,fake
HEC Pakistan published merit list for all districts of Pakistan,real
HEC Pakistan opened admission portal under government policy,real
Sindh Board published merit list under government policy,real
HEC Pakistan issued official circular for intermediate students,real
get free laptop instantly no merit needed register via telegram,fake
get job without exam instant approval pay registration fee,fake
FBISE declared exam dates for university admissions,real
Punjab Board declared exam dates via official website,real
KPK Education Department approved scholarship program for academic session 2025,real
free admission guaranteed without verification send money on easypaisa,fake
get job without exam instant approval pay registration fee,fake
get free laptop instantly no merit needed send money on easypaisa,fake
FBISE released date sheet via official website,real
earn 5000 rupees daily 100% guaranteed click unknown link,fake
get free laptop instantly instant approval pay registration fee,fake
Ministry of Education Pakistan started registration process for university admissions,real
FBISE issued official circular for university admissions,real
Sindh Board started registration process for intermediate students,real
KPK Education Department opened admission portal under government policy,real
Sindh Board approved scholarship program for academic session 2025,real
Sindh Board declared exam dates for all districts of Pakistan,real
Punjab Board approved scholarship program for all districts of Pakistan,real
get job without exam 100% guaranteed join whatsapp group,fake
receive cash reward 100% guaranteed click unknown link,fake
HEC Pakistan declared exam dates via official website,real
HEC Pakistan issued official circular for academic session 2025,real
free admission guaranteed 100% guaranteed send money on easypaisa,fake
Ministry of Education Pakistan approved scholarship program for intermediate students,real
FBISE announced exam schedule for academic session 2025,real
Ministry of Education Pakistan released date sheet for all districts of Pakistan,real
Ministry of Education Pakistan announced exam schedule for university admissions,real
Ministry of Education Pakistan approved scholarship program for intermediate students,real
get job without exam 100% guaranteed pay registration fee,fake
HEC Pakistan approved scholarship program under government policy,real
HEC Pakistan approved scholarship program under government policy,real
earn 5000 rupees daily instant approval contact agent on whatsapp,fake
get free laptop instantly no merit needed send money on easypaisa,fake
Ministry of Education Pakistan issued official circular for academic session 2025,real
get free laptop instantly instant approval pay registration fee,fake
KPK Education Department opened admission portal for academic session 2025,real
HEC Pakistan released result notification for all districts of Pakistan,real
University of Punjab started registration process under government policy,real
HEC Pakistan released date sheet under government policy,real
earn 5000 rupees daily without verification click unknown link,fake
Sindh Board announced exam schedule for intermediate students,real
KPK Education Department approved scholarship program for intermediate students,real
Ministry of Education Pakistan issued official circular for university admissions,real
get job without exam no test required pay registration fee,fake
Punjab Board issued official circular for all districts of Pakistan,real
University of Punjab released result notification for academic session 2025,real
get free laptop instantly instant approval send money on easypaisa,fake
get job without exam no test required join whatsapp group,fake
get scholarship without merit without verification join whatsapp group,fake
FBISE declared exam dates via official website,real
get free laptop instantly no test required contact agent on whatsapp,fake
KPK Education Department released result notification for intermediate students,real
Ministry of Education Pakistan announced exam schedule via official website,real
KPK Education Department updated curriculum under government policy,real
HEC Pakistan published merit list under government policy,real
get scholarship without merit instant approval click unknown link,fake
get free laptop instantly no test required pay registration fee,fake
free admission guaranteed no merit needed click unknown link,fake
Ministry of Education Pakistan started registration process under government policy,real
KPK Education Department published merit list for all districts of Pakistan,real
KPK Education Department opened admission portal for university admissions,real
get scholarship without merit no merit needed send money on easypaisa,fake
Sindh Board announced exam schedule under government policy,real
get free laptop instantly 100% guaranteed contact agent on whatsapp,fake
Sindh Board released date sheet for intermediate students,real
free admission guaranteed no merit needed join whatsapp group,fake
get job without exam 100% guaranteed join whatsapp group,fake
HEC Pakistan updated curriculum via official website,real
KPK Education Department started registration process under government policy,real
HEC Pakistan approved scholarship program for intermediate students,real
KPK Education Department declared exam dates for all districts of Pakistan,real
FBISE opened admission portal for all districts of Pakistan,real
KPK Education Department opened admission portal via official website,real
receive cash reward no test required register via telegram,fake
receive cash reward without verification send money on easypaisa,fake
receive cash reward no test required send money on easypaisa,fake
FBISE released date sheet for academic session 2025,real
get scholarship without merit no test required register via telegram,fake
Sindh Board published merit list via official website,real
University of Punjab released date sheet for all districts of Pakistan,real
Punjab Board released date sheet for academic session 2025,real
receive cash reward without verification join whatsapp group,fake
KPK Education Department opened admission portal for intermediate students,real
HEC Pakistan updated curriculum for intermediate students,real
get free laptop instantly no test required register via telegram,fake
Punjab Board published merit list via official website,real
get scholarship without merit without verification click unknown link,fake
free admission guaranteed 100% guaranteed join whatsapp group,fake
KPK Education Department started registration process for university admissions,real
earn 5000 rupees daily without verification register via telegram,fake
get job without exam instant approval click unknown link,fake
receive cash reward 100% guaranteed click unknown link,fake
Punjab Board issued official circular for university admissions,real
receive cash reward 100% guaranteed join whatsapp group,fake
earn 5000 rupees daily instant approval register via telegram,fake
get job without exam 100% guaranteed register via telegram,fake
Sindh Board published merit list for intermediate students,real
earn 5000 rupees daily instant approval click unknown link,fake
FBISE declared exam dates for intermediate students,real
receive cash reward no merit needed pay registration fee,fake
earn 5000 rupees daily instant approval click unknown link,fake
get free laptop instantly instant approval pay registration fee,fake
get scholarship without merit instant approval join whatsapp group,fake
get free laptop instantly no merit needed join whatsapp group,fake
KPK Education Department released result notification for intermediate students,real
receive cash reward 100% guaranteed register via telegram,fake
get job without exam no test required click unknown link,fake
get job without exam without verification click unknown link,fake
Ministry of Education Pakistan published merit list for all districts of Pakistan,real
get free laptop instantly without verification click unknown link,fake
get job without exam no test required click unknown link,fake
get scholarship without merit 100% guaranteed click unknown link,fake
get scholarship without merit no test required pay registration fee,fake
HEC Pakistan released result notification under government policy,real
Punjab Board published merit list for university admissions,real
Punjab Board updated curriculum for intermediate students,real
get job without exam instant approval click unknown link,fake
free admission guaranteed no merit needed send money on easypaisa,fake
FBISE published merit list under government policy,real
University of Punjab started registration process for university admissions,real
Punjab Board announced exam schedule via official website,real
earn 5000 rupees daily 100% guaranteed register via telegram,fake
Punjab Board released date sheet for academic session 2025,real
receive cash reward 100% guaranteed contact agent on whatsapp,fake
FBISE approved scholarship program via official website,real
get scholarship without merit no test required pay registration fee,fake
Punjab Board updated curriculum for all districts of Pakistan,real
get free laptop instantly no test required register via telegram,fake
free admission guaranteed instant approval register via telegram,fake
get free laptop instantly no test required send money on easypaisa,fake
get job without exam no test required contact agent on whatsapp,fake
FBISE released date sheet via official website,real
University of Punjab released result notification under government policy,real
University of Punjab announced exam schedule for academic session 2025,real
HEC Pakistan approved scholarship program via official website,real
earn 5000 rupees daily without verification register via telegram,fake
Ministry of Education Pakistan started registration process via official website,real
free admission guaranteed 100% guaranteed send money on easypaisa,fake
Punjab Board announced exam schedule for intermediate students,real
free admission guaranteed without verification pay registration fee,fake
HEC Pakistan published merit list under government policy,real
University of Punjab published merit list for academic session 2025,real
get job without exam no merit needed contact agent on whatsapp,fake
receive cash reward no merit needed contact agent on whatsapp,fake
get scholarship without merit instant approval contact agent on whatsapp,fake
University of Punjab released date sheet for academic session 2025,real
free admission guaranteed no test required send money on easypaisa,fake
get scholarship without merit without verification send money on easypaisa,fake
get scholarship without merit without verification register via telegram,fake
receive cash reward instant approval contact agent on whatsapp,fake
free admission guaranteed 100% guaranteed contact agent on whatsapp,fake
Sindh Board released date sheet for academic session 2025,real
receive cash reward instant approval click unknown link,fake
receive cash reward instant approval pay registration fee,fake
University of Punjab published merit list for intermediate students,real
Ministry of Education Pakistan declared exam dates for all districts of Pakistan,real
get free laptop instantly 100% guaranteed contact agent on whatsapp,fake
University of Punjab published merit list for intermediate students,real
Sindh Board released result notification for intermediate students,real
receive cash reward no merit needed contact agent on whatsapp,fake
earn 5000 rupees daily no test required join whatsapp group,fake
Sindh Board published merit list for intermediate students,real
get scholarship without merit 100% guaranteed register via telegram,fake
University of Punjab issued official circular for intermediate students,real
KPK Education Department declared exam dates under government policy,real
get scholarship without merit no merit needed contact agent on whatsapp,fake
HEC Pakistan updated curriculum for academic session 2025,real
get free laptop instantly 100% guaranteed send money on easypaisa,fake
get job without exam without verification register via telegram,fake
receive cash reward instant approval join whatsapp group,fake
Sindh Board announced exam schedule for university admissions,real
receive cash reward no test required register via telegram,fake
Sindh Board updated curriculum for intermediate students,real
Punjab Board declared exam dates for all districts of Pakistan,real
get scholarship without merit instant approval join whatsapp group,fake
University of Punjab issued official circular for university admissions,real
get free laptop instantly instant approval join whatsapp group,fake
get free laptop instantly instant approval pay registration fee,fake
free admission guaranteed no test required contact agent on whatsapp,fake
Punjab Board started registration process for intermediate students,real
earn 5000 rupees daily instant approval pay registration fee,fake
Sindh Board started registration process under government policy,real
get scholarship without merit instant approval register via telegram,fake
get free laptop instantly no merit needed register via telegram,fake
HEC Pakistan declared exam dates under government policy,real
Ministry of Education Pakistan published merit list for all districts of Pakistan,real
receive cash reward instant approval join whatsapp group,fake
Sindh Board issued official circular for all districts of Pakistan,real
FBISE announced exam schedule via official website,real
receive cash reward 100% guaranteed join whatsapp group,fake
get scholarship without merit no test required click unknown link,fake
University of Punjab started registration process via official website,real
get free laptop instantly 100% guaranteed register via telegram,fake
receive cash reward no test required click unknown link,fake
University of Punjab announced exam schedule for intermediate students,real
earn 5000 rupees daily without verification click unknown link,fake
get scholarship without merit 100% guaranteed click unknown link,fake
receive cash reward 100% guaranteed pay registration fee,fake
free admission guaranteed no test required pay registration fee,fake
get free laptop instantly without verification join whatsapp group,fake
HEC Pakistan approved scholarship program for all districts of Pakistan,real
University of Punjab updated curriculum for intermediate students,real
Ministry of Education Pakistan released date sheet for intermediate students,real
receive cash reward instant approval contact agent on whatsapp,fake
get free laptop instantly no merit needed send money on easypaisa,fake
get job without exam 100% guaranteed contact agent on whatsapp,fake
earn 5000 rupees daily instant approval pay registration fee,fake
HEC Pakistan opened admission portal via official website,real
earn 5000 rupees daily no test required register via telegram,fake
University of Punjab started registration process for academic session 2025,real
get scholarship without merit no test required send money on easypaisa,fake
get scholarship without merit no test required contact agent on whatsapp,fake
FBISE announced exam schedule for intermediate students,real
KPK Education Department released date sheet via official website,real
get job without exam no test required register via telegram,fake
FBISE released result notification via official website,real
Ministry of Education Pakistan approved scholarship program under government policy,real
Sindh Board released result notification under government policy,real
earn 5000 rupees daily 100% guaranteed join whatsapp group,fake
get free laptop instantly no test required pay registration fee,fake
FBISE opened admission portal for all districts of Pakistan,real
free admission guaranteed no merit needed join whatsapp group,fake
Punjab Board updated curriculum for academic session 2025,real
get free laptop instantly no merit needed join whatsapp group,fake
Ministry of Education Pakistan updated curriculum via official website,real
Ministry of Education Pakistan declared exam dates for all districts of Pakistan,real
earn 5000 rupees daily no merit needed send money on easypaisa,fake
get scholarship without merit instant approval register via telegram,fake
get scholarship without merit no merit needed join whatsapp group,fake
Ministry of Education Pakistan published merit list for all districts of Pakistan,real
Ministry of Education Pakistan released date sheet for university admissions,real
Sindh Board started registration process for all districts of Pakistan,real
Ministry of Education Pakistan released result notification for university admissions,real
Punjab Board released result notification for university admissions,real
get scholarship without merit 100% guaranteed pay registration fee,fake
KPK Education Department approved scholarship program via official website,real
get job without exam no test required join whatsapp group,fake
free admission guaranteed 100% guaranteed register via telegram,fake
free admission guaranteed instant approval join whatsapp group,fake
earn 5000 rupees daily without verification register via telegram,fake
get free laptop instantly no test required contact agent on whatsapp,fake
KPK Education Department released date sheet for all districts of Pakistan,real
KPK Education Department released result notification for university admissions,real
Ministry of Education Pakistan approved scholarship program for academic session 2025,real
get scholarship without merit without verification pay registration fee,fake
Sindh Board opened admission portal via official website,real
get job without exam 100% guaranteed send money on easypaisa,fake
KPK Education Department released result notification for intermediate students,real
receive cash reward without verification send money on easypaisa,fake
FBISE updated curriculum for academic session 2025,real
earn 5000 rupees daily without verification contact agent on whatsapp,fake
Sindh Board released result notification for intermediate students,real
HEC Pakistan opened admission portal for university admissions,real
Punjab Board updated curriculum via official website,real
get job without exam instant approval pay registration fee,fake
free admission guaranteed no merit needed click unknown link,fake
get scholarship without merit no test required contact agent on whatsapp,fake
HEC Pakistan released date sheet for all districts of Pakistan,real
FBISE approved scholarship program for intermediate students,real
free admission guaranteed no test required click unknown link,fake
free admission guaranteed no test required pay registration fee,fake
get job without exam without verification register via telegram,fake
get free laptop instantly 100% guaranteed pay registration fee,fake
get free laptop instantly instant approval click unknown link,fake
get job without exam instant approval join whatsapp group,fake
Punjab Board opened admission portal for university admissions,real
receive cash reward instant approval join whatsapp group,fake
Sindh Board updated curriculum for intermediate students,real
receive cash reward no merit needed contact agent on whatsapp,fake
free admission guaranteed no merit needed contact agent on whatsapp,fake
University of Punjab announced exam schedule for academic session 2025,real
Ministry of Education Pakistan released date sheet for intermediate students,real
get free laptop instantly without verification click unknown link,fake
FBISE started registration process via official website,real
get job without exam without verification click unknown link,fake
HEC Pakistan released result notification for intermediate students,real
get job without exam 100% guaranteed join whatsapp group,fake
FBISE started registration process for academic session 2025,real
get free laptop instantly no merit needed click unknown link,fake
get job without exam 100% guaranteed contact agent on whatsapp,fake
receive cash reward no test required register via telegram,fake
Punjab Board started registration process under government policy,real
KPK Education Department updated curriculum for intermediate students,real
free admission guaranteed without verification contact agent on whatsapp,fake
get job without exam instant approval click unknown link,fake
FBISE declared exam dates for all districts of Pakistan,real
HEC Pakistan opened admission portal for university admissions,real
Ministry of Education Pakistan released result notification via official website,real
get job without exam without verification pay registration fee,fake
get scholarship without merit no merit needed contact agent on whatsapp,fake
KPK Education Department updated curriculum for intermediate students,real
get scholarship without merit no merit needed register via telegram,fake
free admission guaranteed no test required click unknown link,fake
FBISE declared exam dates for academic session 2025,real
earn 5000 rupees daily no merit needed join whatsapp group,fake
Ministry of Education Pakistan announced exam schedule via official website,real
free admission guaranteed no merit needed click unknown link,fake
free admission guaranteed no test required register via telegram,fake
get scholarship without merit no merit needed pay registration fee,fake
get scholarship without merit 100% guaranteed send money on easypaisa,fake
Ministry of Education Pakistan started registration process for intermediate students,real
receive cash reward 100% guaranteed join whatsapp group,fake
Sindh Board updated curriculum under government policy,real
HEC Pakistan approved scholarship program under government policy,real
get free laptop instantly no merit needed pay registration fee,fake
get scholarship without merit instant approval pay registration fee,fake
earn 5000 rupees daily no test required click unknown link,fake
get job without exam no merit needed join whatsapp group,fake
HEC Pakistan released date sheet via official website,real
get job without exam no merit needed pay registration fee,fake
Sindh Board issued official circular for university admissions,real
get scholarship without merit without verification register via telegram,fake
get scholarship without merit no test required register via telegram,fake
FBISE issued official circular via official website,real
get job without exam without verification contact agent on whatsapp,fake
FBISE opened admission portal for university admissions,real
Sindh Board issued official circular for academic session 2025,real
University of Punjab opened admission portal for academic session 2025,real
free admission guaranteed no test required join whatsapp group,fake
HEC Pakistan released date sheet for intermediate students,real
Ministry of Education Pakistan opened admission portal for all districts of Pakistan,real
get scholarship without merit no merit needed pay registration fee,fake
get job without exam 100% guaranteed join whatsapp group,fake
free admission guaranteed no test required send money on easypaisa,fake
get free laptop instantly no merit needed register via telegram,fake
Ministry of Education Pakistan released date sheet for academic session 2025,real
Ministry of Education Pakistan announced exam schedule for university admissions,real
FBISE released date sheet under government policy,real
Ministry of Education Pakistan started registration process for all districts of Pakistan,real
Sindh Board started registration process for intermediate students,real
FBISE started registration process for university admissions,real
get scholarship without merit instant approval register via telegram,fake
FBISE issued official circular via official website,real
KPK Education Department published merit list for intermediate students,real
get scholarship without merit 100% guaranteed contact agent on whatsapp,fake
earn 5000 rupees daily instant approval click unknown link,fake
get free laptop instantly no test required click unknown link,fake
Sindh Board released result notification for all districts of Pakistan,real
Punjab Board declared exam dates via official website,real
get free laptop instantly instant approval contact agent on whatsapp,fake
receive cash reward 100% guaranteed click unknown link,fake
get free laptop instantly instant approval contact agent on whatsapp,fake
Sindh Board opened admission portal via official website,real
earn 5000 rupees daily 100% guaranteed click unknown link,fake
Ministry of Education Pakistan issued official circular via official website,real
Ministry of Education Pakistan released date sheet under government policy,real
Punjab Board released date sheet under government policy,real
Punjab Board approved scholarship program for academic session 2025,real
Ministry of Education Pakistan approved scholarship program via official website,real
get job without exam instant approval send money on easypaisa,fake
University of Punjab released date sheet for academic session 2025,real
KPK Education Department published merit list for academic session 2025,real
get free laptop instantly without verification pay registration fee,fake
Sindh Board released date sheet for intermediate students,real
HEC Pakistan released result notification under government policy,real
University of Punjab updated curriculum for all districts of Pakistan,real
University of Punjab released result notification for intermediate students,real
KPK Education Department declared exam dates for university admissions,real
KPK Education Department announced exam schedule under government policy,real
Punjab Board released date sheet for intermediate students,real
get scholarship without merit instant approval register via telegram,fake
Sindh Board announced exam schedule under government policy,real
get scholarship without merit no test required pay registration fee,fake
get free laptop instantly no merit needed register via telegram,fake
free admission guaranteed without verification pay registration fee,fake
Sindh Board started registration process for university admissions,real
Sindh Board released result notification for academic session 2025,real
KPK Education Department announced exam schedule via official website,real
Sindh Board published merit list for academic session 2025,real
get free laptop instantly without verification register via telegram,fake
earn 5000 rupees daily instant approval click unknown link,fake
Punjab Board released date sheet via official website,real
earn 5000 rupees daily no merit needed pay registration fee,fake
get free laptop instantly without verification register via telegram,fake
University of Punjab announced exam schedule for intermediate students,real
Sindh Board issued official circular for academic session 2025,real
FBISE declared exam dates under government policy,real
FBISE opened admission portal under government policy,real
HEC Pakistan published merit list for intermediate students,real
Sindh Board approved scholarship program for academic session 2025,real
University of Punjab declared exam dates for intermediate students,real
receive cash reward 100% guaranteed contact agent on whatsapp,fake
receive cash reward no test required register via telegram,fake
University of Punjab opened admission portal via official website,real
Punjab Board declared exam dates for intermediate students,real
University of Punjab declared exam dates for intermediate students,real
receive cash reward without verification send money on easypaisa,fake
Sindh Board updated curriculum for intermediate students,real
Sindh Board issued official circular via official website,real
FBISE announced exam schedule for all districts of Pakistan,real
get free laptop instantly no test required click unknown link,fake
get scholarship without merit instant approval contact agent on whatsapp,fake
get scholarship without merit no test required contact agent on whatsapp,fake
free admission guaranteed 100% guaranteed click unknown link,fake
free admission guaranteed no test required pay registration fee,fake
KPK Education Department declared exam dates for all districts of Pakistan,real
Ministry of Education Pakistan approved scholarship program for academic session 2025,real
free admission guaranteed instant approval contact agent on whatsapp,fake
free admission guaranteed instant approval click unknown link,fake
KPK Education Department declared exam dates for all districts of Pakistan,real
KPK Education Department announced exam schedule for all districts of Pakistan,real
HEC Pakistan updated curriculum under government policy,real
get job without exam instant approval send money on easypaisa,fake
free admission guaranteed no merit needed join whatsapp group,fake
free admission guaranteed 100% guaranteed click unknown link,fake
receive cash reward no test required click unknown link,fake
get job without exam no test required pay registration fee,fake
HEC Pakistan released date sheet for intermediate students,real
KPK Education Department published merit list for intermediate students,real
get free laptop instantly instant approval send money on easypaisa,fake
earn 5000 rupees daily without verification register via telegram,fake
get job without exam 100% guaranteed register via telegram,fake
Ministry of Education Pakistan announced exam schedule for intermediate students,real
get free laptop instantly no test required contact agent on whatsapp,fake
University of Punjab published merit list for academic session 2025,real
receive cash reward instant approval contact agent on whatsapp,fake
Ministry of Education Pakistan released date sheet for intermediate students,real
get scholarship without merit instant approval register via telegram,fake
HEC Pakistan started registration process for all districts of Pakistan,real
Sindh Board approved scholarship program via official website,real
KPK Education Department approved scholarship program for university admissions,real
get free laptop instantly no test required contact agent on whatsapp,fake
Ministry of Education Pakistan approved scholarship program under government policy,real
earn 5000 rupees daily no merit needed join whatsapp group,fake
Punjab Board approved scholarship program for all districts of Pakistan,real
receive cash reward no merit needed join whatsapp group,fake
get scholarship without merit no test required contact agent on whatsapp,fake
FBISE approved scholarship program for university admissions,real
free admission guaranteed without verification contact agent on whatsapp,fake
get free laptop instantly 100% guaranteed contact agent on whatsapp,fake
receive cash reward without verification send money on easypaisa,fake
Punjab Board published merit list for academic session 2025,real
Punjab Board announced exam schedule for university admissions,real
HEC Pakistan released result notification under government policy,real
get job without exam instant approval contact agent on whatsapp,fake
FBISE opened admission portal for university admissions,real
Sindh Board released result notification for academic session 2025,real
Sindh Board released date sheet under government policy,real
free admission guaranteed 100% guaranteed register via telegram,fake
earn 5000 rupees daily no test required click unknown link,fake
Ministry of Education Pakistan started registration process for all districts of Pakistan,real
earn 5000 rupees daily instant approval register via telegram,fake
get scholarship without merit no merit needed pay registration fee,fake
University of Punjab declared exam dates via official website,real
KPK Education Department started registration process for academic session 2025,real
Sindh Board published merit list under government policy,real
get scholarship without merit instant approval click unknown link,fake
HEC Pakistan released result notification for all districts of Pakistan,real
Ministry of Education Pakistan approved scholarship program for academic session 2025,real
FBISE opened admission portal for all districts of Pakistan,real
get job without exam no test required pay registration fee,fake
receive cash reward without verification pay registration fee,fake
Sindh Board opened admission portal for academic session 2025,real
HEC Pakistan started registration process for university admissions,real
HEC Pakistan started registration process for academic session 2025,real
earn 5000 rupees daily instant approval send money on easypaisa,fake
receive cash reward no merit needed click unknown link,fake
HEC Pakistan started registration process for university admissions,real
get scholarship without merit without verification contact agent on whatsapp,fake
get job without exam 100% guaranteed pay registration fee,fake
earn 5000 rupees daily no test required send money on easypaisa,fake
earn 5000 rupees daily no merit needed contact agent on whatsapp,fake
University of Punjab declared exam dates under government policy,real
Sindh Board declared exam dates under government policy,real
earn 5000 rupees daily without verification register via telegram,fake
FBISE declared exam dates via official website,real
free admission guaranteed no merit needed click unknown link,fake
receive cash reward 100% guaranteed contact agent on whatsapp,fake
Sindh Board declared exam dates via official website,real
earn 5000 rupees daily no test required send money on easypaisa,fake
free admission guaranteed 100% guaranteed pay registration fee,fake
University of Punjab started registration process via official website,real
get scholarship without merit no merit needed join whatsapp group,fake
KPK Education Department released date sheet via official website,real
receive cash reward no test required register via telegram,fake
FBISE issued official circular for university admissions,real
KPK Education Department released date sheet via official website,real
get job without exam no test required send money on easypaisa,fake
free admission guaranteed without verification click unknown link,fake
free admission guaranteed without verification register via telegram,fake
get scholarship without merit no test required register via telegram,fake
Sindh Board issued official circular for all districts of Pakistan,real
receive cash reward no test required click unknown link,fake
Sindh Board issued official circular for academic session 2025,real
FBISE declared exam dates via official website,real
Ministry of Education Pakistan opened admission portal for academic session 2025,real
free admission guaranteed instant approval join whatsapp group,fake
get free laptop instantly no test required click unknown link,fake
University of Punjab announced exam schedule under government policy,real
get scholarship without merit no test required contact agent on whatsapp,fake
get free laptop instantly instant approval send money on easypaisa,fake
FBISE released date sheet via official website,real
free admission guaranteed instant approval contact agent on whatsapp,fake
get free laptop instantly instant approval pay registration fee,fake
Sindh Board opened admission portal for university admissions,real
Sindh Board opened admission portal under government policy,real
FBISE published merit list under government policy,real
free admission guaranteed 100% guaranteed click unknown link,fake
Punjab Board updated curriculum for university admissions,real
get scholarship without merit no test required send money on easypaisa,fake
HEC Pakistan published merit list for all districts of Pakistan,real
get scholarship without merit instant approval contact agent on whatsapp,fake
University of Punjab released result notification under government policy,real
get scholarship without merit no test required register via telegram,fake
Punjab Board issued official circular for all districts of Pakistan,real
Sindh Board announced exam schedule via official website,real
get job without exam instant approval join whatsapp group,fake
get free laptop instantly no merit needed join whatsapp group,fake
University of Punjab started registration process under government policy,real
Sindh Board released date sheet via official website,real
get scholarship without merit 100% guaranteed send money on easypaisa,fake
get job without exam instant approval register via telegram,fake
Punjab Board updated curriculum under government policy,real
University of Punjab approved scholarship program for all districts of Pakistan,real
Ministry of Education Pakistan released date sheet for intermediate students,real
receive cash reward no test required click unknown link,fake
KPK Education Department issued official circular for all districts of Pakistan,real
get scholarship without merit without verification contact agent on whatsapp,fake
University of Punjab updated curriculum for academic session 2025,real
HEC Pakistan announced exam schedule for academic session 2025,real
get free laptop instantly 100% guaranteed register via telegram,fake
get job without exam without verification join whatsapp group,fake
Punjab Board started registration process for academic session 2025,real
receive cash reward no merit needed click unknown link,fake
University of Punjab updated curriculum for intermediate students,real
get free laptop instantly no test required click unknown link,fake
Punjab Board released result notification for intermediate students,real
Punjab Board opened admission portal via official website,real
free admission guaranteed 100% guaranteed click unknown link,fake
FBISE announced exam schedule via official website,real
Sindh Board published merit list for intermediate students,real
free admission guaranteed without verification send money on easypaisa,fake
Punjab Board started registration process for university admissions,real
Sindh Board updated curriculum for intermediate students,real
get free laptop instantly without verification click unknown link,fake
get job without exam no merit needed join whatsapp group,fake
Ministry of Education Pakistan issued official circular via official website,real
KPK Education Department announced exam schedule for university admissions,real
Ministry of Education Pakistan released result notification for intermediate students,real
HEC Pakistan released result notification for academic session 2025,real
get scholarship without merit 100% guaranteed contact agent on whatsapp,fake
University of Punjab approved scholarship program for academic session 2025,real
free admission guaranteed 100% guaranteed pay registration fee,fake
FBISE started registration process for university admissions,real
Sindh Board declared exam dates for university admissions,real
free admission guaranteed no merit needed join whatsapp group,fake
Sindh Board issued official circular for university admissions,real
get job without exam instant approval join whatsapp group,fake
Ministry of Education Pakistan issued official circular for university admissions,real
get free laptop instantly without verification contact agent on whatsapp,fake
get scholarship without merit no test required pay registration fee,fake
KPK Education Department published merit list for university admissions,real
get scholarship without merit no merit needed pay registration fee,fake
free admission guaranteed no merit needed click unknown link,fake
Ministry of Education Pakistan opened admission portal for academic session 2025,real
earn 5000 rupees daily instant approval send money on easypaisa,fake
Ministry of Education Pakistan released date sheet for intermediate students,real
Ministry of Education Pakistan updated curriculum under government policy,real
HEC Pakistan updated curriculum via official website,real
get job without exam instant approval click unknown link,fake
KPK Education Department approved scholarship program for academic session 2025,real
receive cash reward no merit needed send money on easypaisa,fake
get free laptop instantly instant approval pay registration fee,fake
get scholarship without merit no test required pay registration fee,fake
free admission guaranteed no merit needed register via telegram,fake
Sindh Board published merit list for university admissions,real
receive cash reward no merit needed register via telegram,fake
free admission guaranteed no test required join whatsapp group,fake
get free laptop instantly 100% guaranteed pay registration fee,fake
FBISE started registration process under government policy,real
KPK Education Department opened admission portal for all districts of Pakistan,real
University of Punjab started registration process for university admissions,real
KPK Education Department released result notification for intermediate students,real
earn 5000 rupees daily without verification pay registration fee,fake
receive cash reward without verification register via telegram,fake
Sindh Board issued official circular for all districts of Pakistan,real
HEC Pakistan opened admission portal under government policy,real
get free laptop instantly no merit needed pay registration fee,fake
KPK Education Department released result notification via official website,real
free admission guaranteed without verification contact agent on whatsapp,fake
HEC Pakistan issued official circular via official website,real
KPK Education Department announced exam schedule for all districts of Pakistan,real
HEC Pakistan announced exam schedule under government policy,real
get free laptop instantly 100% guaranteed pay registration fee,fake
get free laptop instantly no merit needed send money on easypaisa,fake
KPK Education Department announced exam schedule for academic session 2025,real
get free laptop instantly instant approval send money on easypaisa,fake
get free laptop instantly instant approval click unknown link,fake
get job without exam no test required send money on easypaisa,fake
Ministry of Education Pakistan opened admission portal via official website,real
get free laptop instantly instant approval pay registration fee,fake
Punjab Board declared exam dates for intermediate students,real
HEC Pakistan started registration process for all districts of Pakistan,real
Sindh Board approved scholarship program for university admissions,real
Sindh Board released date sheet under government policy,real
Punjab Board announced exam schedule for university admissions,real
receive cash reward no merit needed register via telegram,fake
earn 5000 rupees daily no test required contact agent on whatsapp,fake
earn 5000 rupees daily no test required pay registration fee,fake
get free laptop instantly no test required contact agent on whatsapp,fake
HEC Pakistan released result notification for all districts of Pakistan,real
get job without exam instant approval click unknown link,fake
get free laptop instantly without verification contact agent on whatsapp,fake
Sindh Board released date sheet for all districts of Pakistan,real
Punjab Board announced exam schedule for university admissions,real
Punjab Board approved scholarship program for intermediate students,real
get job without exam 100% guaranteed send money on easypaisa,fake
get free laptop instantly no merit needed contact agent on whatsapp,fake
get scholarship without merit no merit needed contact agent on whatsapp,fake
get job without exam instant approval join whatsapp group,fake
free admission guaranteed instant approval join whatsapp group,fake
KPK Education Department published merit list for academic session 2025,real
KPK Education Department issued official circular for academic session 2025,real
FBISE released date sheet for university admissions,real
get scholarship without merit without verification register via telegram,fake
earn 5000 rupees daily no test required click unknown link,fake
get job without exam no merit needed register via telegram,fake
Punjab Board released date sheet for academic session 2025,real
University of Punjab opened admission portal via official website,real
HEC Pakistan approved scholarship program for intermediate students,real
Ministry of Education Pakistan updated curriculum via official website,real
receive cash reward instant approval register via telegram,fake
earn 5000 rupees daily no merit needed click unknown link,fake
FBISE released date sheet under government policy,real
University of Punjab issued official circular for intermediate students,real
get free laptop instantly instant approval contact agent on whatsapp,fake
free admission guaranteed 100% guaranteed click unknown link,fake
get free laptop instantly no test required contact agent on whatsapp,fake
free admission guaranteed no test required send money on easypaisa,fake
Ministry of Education Pakistan updated curriculum for academic session 2025,real
free admission guaranteed instant approval pay registration fee,fake
get free laptop instantly instant approval contact agent on whatsapp,fake
KPK Education Department opened admission portal for university admissions,real
earn 5000 rupees daily 100% guaranteed send money on easypaisa,fake
get job without exam without verification send money on easypaisa,fake
Punjab Board published merit list for intermediate students,real
earn 5000 rupees daily 100% guaranteed contact agent on whatsapp,fake
get scholarship without merit no merit needed click unknown link,fake
get free laptop instantly without verification send money on easypaisa,fake
get job without exam 100% guaranteed join whatsapp group,fake
earn 5000 rupees daily no merit needed pay registration fee,fake
free admission guaranteed no test required click unknown link,fake
Punjab Board declared exam dates under government policy,real
University of Punjab released result notification via official website,real
HEC Pakistan issued official circular for intermediate students,real
receive cash reward no merit needed send money on easypaisa,fake
free admission guaranteed no merit needed pay registration fee,fake
KPK Education Department released result notification for university admissions,real
get job without exam no test required register via telegram,fake
get scholarship without merit instant approval join whatsapp group,fake
FBISE updated curriculum via official website,real
receive cash reward no merit needed contact agent on whatsapp,fake
Sindh Board opened admission portal for all districts of Pakistan,real
Sindh Board opened admission portal for all districts of Pakistan,real
Punjab Board opened admission portal for university admissions,real
get job without exam no merit needed send money on easypaisa,fake
earn 5000 rupees daily 100% guaranteed send money on easypaisa,fake
Punjab Board released date sheet for intermediate students,real
Sindh Board issued official circular for academic session 2025,real
HEC Pakistan issued official circular via official website,real
University of Punjab announced exam schedule for university admissions,real
earn 5000 rupees daily instant approval click unknown link,fake
get free laptop instantly instant approval pay registration fee,fake
free admission guaranteed 100% guaranteed send money on easypaisa,fake
Punjab Board announced exam schedule for intermediate students,real
HEC Pakistan released result notification for university admissions,real
KPK Education Department approved scholarship program via official website,real
Punjab Board opened admission portal for academic session 2025,real
get scholarship without merit instant approval click unknown link,fake
get free laptop instantly no test required join whatsapp group,fake
free admission guaranteed no merit needed contact agent on whatsapp,fake
Punjab Board issued official circular under government policy,real
free admission guaranteed 100% guaranteed pay registration fee,fake
get free laptop instantly instant approval send money on easypaisa,fake
receive cash reward 100% guaranteed click unknown link,fake
receive cash reward no merit needed pay registration fee,fake
Ministry of Education Pakistan issued official circular for academic session 2025,real
HEC Pakistan published merit list via official website,real
earn 5000 rupees daily without verification contact agent on whatsapp,fake
Ministry of Education Pakistan started registration process via official website,real
Ministry of Education Pakistan declared exam dates for all districts of Pakistan,real
Sindh Board started registration process for academic session 2025,real
Ministry of Education Pakistan issued official circular for university admissions,real
FBISE released date sheet for university admissions,real
Sindh Board released date sheet for university admissions,real
earn 5000 rupees daily without verification click unknown link,fake
Punjab Board updated curriculum for intermediate students,real
free admission guaranteed without verification register via telegram,fake
earn 5000 rupees daily instant approval send money on easypaisa,fake
free admission guaranteed instant approval pay registration fee,fake
earn 5000 rupees daily 100% guaranteed click unknown link,fake
free admission guaranteed without verification join whatsapp group,fake
earn 5000 rupees daily instant approval send money on easypaisa,fake
Sindh Board issued official circular for academic session 2025,real
FBISE announced exam schedule for university admissions,real
get job without exam instant approval send money on easypaisa,fake
get scholarship without merit no merit needed pay registration fee,fake
free admission guaranteed no test required pay registration fee,fake
free admission guaranteed no merit needed join whatsapp group,fake
get scholarship without merit no test required register via telegram,fake
FBISE published merit list via official website,real
receive cash reward 100% guaranteed send money on easypaisa,fake
receive cash reward 100% guaranteed pay registration fee,fake
get job without exam 100% guaranteed join whatsapp group,fake
Ministry of Education Pakistan updated curriculum via official website,real
get scholarship without merit no test required send money on easypaisa,fake
Sindh Board announced exam schedule via official website,real
get job without exam without verification pay registration fee,fake
receive cash reward without verification pay registration fee,fake
receive cash reward 100% guaranteed click unknown link,fake
get free laptop instantly 100% guaranteed register via telegram,fake
earn 5000 rupees daily no test required contact agent on whatsapp,fake
receive cash reward no merit needed join whatsapp group,fake
Punjab Board updated curriculum for academic session 2025,real
Punjab Board published merit list for academic session 2025,real
KPK Education Department approved scholarship program for intermediate students,real
earn 5000 rupees daily without verification register via telegram,fake
receive cash reward without verification send money on easypaisa,fake
FBISE declared exam dates via official website,real
earn 5000 rupees daily 100% guaranteed join whatsapp group,fake
earn 5000 rupees daily 100% guaranteed register via telegram,fake
earn 5000 rupees daily without verification register via telegram,fake
FBISE updated curriculum for all districts of Pakistan,real
Punjab Board updated curriculum for all districts of Pakistan,real
receive cash reward no test required click unknown link,fake
get job without exam no test required send money on easypaisa,fake
Sindh Board started registration process via official website,real
get scholarship without merit no merit needed join whatsapp group,fake
receive cash reward instant approval register via telegram,fake
free admission guaranteed 100% guaranteed register via telegram,fake
receive cash reward 100% guaranteed pay registration fee,fake
Punjab Board updated curriculum for academic session 2025,real
HEC Pakistan issued official circular for intermediate students,real
Sindh Board started registration process for university admissions,real
HEC Pakistan declared exam dates for university admissions,real
Punjab Board released date sheet for university admissions,real
get job without exam instant approval join whatsapp group,fake
KPK Education Department started registration process for all districts of Pakistan,real
get scholarship without merit instant approval contact agent on whatsapp,fake
Ministry of Education Pakistan approved scholarship program for all districts of Pakistan,real
FBISE released date sheet under government policy,real
get free laptop instantly no test required click unknown link,fake
get scholarship without merit instant approval contact agent on whatsapp,fake
get free laptop instantly 100% guaranteed join whatsapp group,fake
HEC Pakistan released date sheet for university admissions,real
get job without exam no merit needed pay registration fee,fake
get job without exam without verification contact agent on whatsapp,fake
free admission guaranteed 100% guaranteed join whatsapp group,fake
receive cash reward 100% guaranteed click unknown link,fake
Ministry of Education Pakistan declared exam dates for university admissions,real
free admission guaranteed instant approval click unknown link,fake
free admission guaranteed instant approval pay registration fee,fake
HEC Pakistan opened admission portal for all districts of Pakistan,real
HEC Pakistan issued official circular for all districts of Pakistan,real
FBISE released result notification via official website,real
Punjab Board published merit list for intermediate students,real
Ministry of Education Pakistan released result notification under government policy,real
University of Punjab released date sheet for university admissions,real
Sindh Board published merit list for university admissions,real
Ministry of Education Pakistan released date sheet for intermediate students,real
Ministry of Education Pakistan opened admission portal for all districts of Pakistan,real
get free laptop instantly no merit needed register via telegram,fake
University of Punjab approved scholarship program for academic session 2025,real
get job without exam without verification join whatsapp group,fake
FBISE approved scholarship program for intermediate students,real
free admission guaranteed no merit needed send money on easypaisa,fake
get job without exam no test required register via telegram,fake
FBISE released date sheet for university admissions,real
University of Punjab released date sheet for intermediate students,real
receive cash reward no merit needed join whatsapp group,fake
Punjab Board announced exam schedule via official website,real
get free laptop instantly 100% guaranteed send money on easypaisa,fake
receive cash reward instant approval send money on easypaisa,fake
Punjab Board released result notification for academic session 2025,real
receive cash reward no merit needed click unknown link,fake
get scholarship without merit no merit needed click unknown link,fake
free admission guaranteed without verification send money on easypaisa,fake
free admission guaranteed no test required register via telegram,fake
free admission guaranteed without verification contact agent on whatsapp,fake
Punjab Board approved scholarship program via official website,real
HEC Pakistan approved scholarship program for university admissions,real
Ministry of Education Pakistan published merit list for academic session 2025,real
Ministry of Education Pakistan opened admission portal for university admissions,real
get scholarship without merit 100% guaranteed pay registration fee,fake
KPK Education Department published merit list for academic session 2025,real
University of Punjab updated curriculum via official website,real
Ministry of Education Pakistan updated curriculum for academic session 2025,real
FBISE released result notification for all districts of Pakistan,real
FBISE opened admission portal for academic session 2025,real
Sindh Board published merit list for academic session 2025,real
get job without exam instant approval register via telegram,fake
earn 5000 rupees daily 100% guaranteed contact agent on whatsapp,fake
KPK Education Department released result notification for intermediate students,real
get job without exam no test required contact agent on whatsapp,fake
FBISE released result notification for academic session 2025,real
free admission guaranteed 100% guaranteed pay registration fee,fake
FBISE issued official circular under government policy,real
Sindh Board published merit list for intermediate students,real
Ministry of Education Pakistan announced exam schedule under government policy,real
get free laptop instantly no merit needed contact agent on whatsapp,fake
Punjab Board published merit list for university admissions,real
receive cash reward 100% guaranteed register via telegram,fake
get free laptop instantly no test required join whatsapp group,fake
get free laptop instantly instant approval join whatsapp group,fake
get free laptop instantly instant approval pay registration fee,fake
get free laptop instantly no test required send money on easypaisa,fake
University of Punjab issued official circular under government policy,real
Sindh Board started registration process for intermediate students,real
University of Punjab announced exam schedule for university admissions,real
Sindh Board opened admission portal for all districts of Pakistan,real
get free laptop instantly no test required click unknown link,fake
Punjab Board started registration process for intermediate students,real
University of Punjab issued official circular for university admissions,real
Sindh Board released result notification under government policy,real
get scholarship without merit without verification register via telegram,fake
get free laptop instantly without verification register via telegram,fake
get free laptop instantly no merit needed send money on easypaisa,fake
HEC Pakistan issued official circular via official website,real
receive cash reward no merit needed send money on easypaisa,fake
get job without exam without verification contact agent on whatsapp,fake
KPK Education Department announced exam schedule under government policy,real
HEC Pakistan published merit list via official website,real
earn 5000 rupees daily no merit needed send money on easypaisa,fake
Ministry of Education Pakistan started registration process under government policy,real
get scholarship without merit no test required click unknown link,fake
receive cash reward 100% guaranteed join whatsapp group,fake
University of Punjab published merit list for academic session 2025,real
get free laptop instantly 100% guaranteed contact agent on whatsapp,fake
earn 5000 rupees daily 100% guaranteed register via telegram,fake
receive cash reward no merit needed click unknown link,fake
FBISE released result notification for university admissions,real
free admission guaranteed 100% guaranteed pay registration fee,fake
get free laptop instantly instant approval pay registration fee,fake
FBISE issued official circular for academic session 2025,real
HEC Pakistan declared exam dates via official website,real
receive cash reward instant approval register via telegram,fake
KPK Education Department declared exam dates for all districts of Pakistan,real
free admission guaranteed without verification click unknown link,fake
Sindh Board released result notification under government policy,real
receive cash reward 100% guaranteed join whatsapp group,fake
Sindh Board opened admission portal via official website,real
KPK Education Department started registration process for all districts of Pakistan,real
Ministry of Education Pakistan issued official circular for university admissions,real
get free laptop instantly 100% guaranteed pay registration fee,fake
FBISE approved scholarship program for all districts of Pakistan,real
Punjab Board issued official circular for academic session 2025,real
get scholarship without merit no merit needed contact agent on whatsapp,fake
get scholarship without merit no test required pay registration fee,fake
free admission guaranteed 100% guaranteed contact agent on whatsapp,fake
HEC Pakistan updated curriculum under government policy,real
Sindh Board released result notification under government policy,real
HEC Pakistan released date sheet for university admissions,real
University of Punjab announced exam schedule for all districts of Pakistan,real
HEC Pakistan released date sheet for university admissions,real
Sindh Board announced exam schedule under government policy,real
Punjab Board released result notification for all districts of Pakistan,real
University of Punjab opened admission portal for all districts of Pakistan,real
receive cash reward no test required contact agent on whatsapp,fake
Sindh Board started registration process for academic session 2025,real
get scholarship without merit no merit needed pay registration fee,fake
earn 5000 rupees daily no test required pay registration fee,fake
HEC Pakistan approved scholarship program under government policy,real
Ministry of Education Pakistan published merit list for academic session 2025,real
receive cash reward instant approval contact agent on whatsapp,fake
University of Punjab issued official circular for all districts of Pakistan,real
FBISE started registration process for all districts of Pakistan,real
earn 5000 rupees daily no test required click unknown link,fake
get scholarship without merit no test required click unknown link,fake
Punjab Board opened admission portal via official website,real
free admission guaranteed instant approval contact agent on whatsapp,fake
FBISE approved scholarship program via official website,real
get free laptop instantly no test required click unknown link,fake
get job without exam 100% guaranteed register via telegram,fake
Sindh Board opened admission portal via official website,real
Punjab Board released date sheet via official website,real
get job without exam no test required join whatsapp group,fake
earn 5000 rupees daily no test required register via telegram,fake
earn 5000 rupees daily no merit needed pay registration fee,fake
University of Punjab issued official circular via official website,real
earn 5000 rupees daily instant approval pay registration fee,fake
Punjab Board released date sheet for academic session 2025,real
get scholarship without merit 100% guaranteed contact agent on whatsapp,fake
get scholarship without merit no merit needed pay registration fee,fake
Sindh Board updated curriculum for intermediate students,real
earn 5000 rupees daily 100% guaranteed contact agent on whatsapp,fake
Ministry of Education Pakistan released date sheet under government policy,real
earn 5000 rupees daily no test required click unknown link,fake
FBISE issued official circular for university admissions,real
earn 5000 rupees daily without verification click unknown link,fake
free admission guaranteed no merit needed pay registration fee,fake
Ministry of Education Pakistan released result notification under government policy,real
FBISE released result notification for academic session 2025,real
Ministry of Education Pakistan issued official circular for university admissions,real
receive cash reward no merit needed send money on easypaisa,fake
KPK Education Department published merit list via official website,real
earn 5000 rupees daily 100% guaranteed contact agent on whatsapp,fake
get job without exam 100% guaranteed send money on easypaisa,fake
get free laptop instantly no test required send money on easypaisa,fake
get scholarship without merit no test required join whatsapp group,fake
FBISE updated curriculum for all districts of Pakistan,real
get job without exam without verification pay registration fee,fake
Punjab Board approved scholarship program for university admissions,real
get scholarship without merit instant approval contact agent on whatsapp,fake
KPK Education Department opened admission portal for intermediate students,real
Sindh Board updated curriculum for intermediate students,real
Ministry of Education Pakistan announced exam schedule for academic session 2025,real
KPK Education Department published merit list for university admissions,real
get scholarship without merit 100% guaranteed send money on easypaisa,fake
free admission guaranteed 100% guaranteed contact agent on whatsapp,fake
HEC Pakistan approved scholarship program via official website,real
HEC Pakistan started registration process for university admissions,real
University of Punjab declared exam dates via official website,real
earn 5000 rupees daily no test required send money on easypaisa,fake
receive cash reward no test required click unknown link,fake
Punjab Board released date sheet via official website,real
KPK Education Department opened admission portal for all districts of Pakistan,real
Punjab Board released result notification for intermediate students,real
Sindh Board issued official circular under government policy,real
University of Punjab updated curriculum for all districts of Pakistan,real
get job without exam no test required pay registration fee,fake
FBISE started registration process under government policy,real
free admission guaranteed without verification pay registration fee,fake
get scholarship without merit no merit needed contact agent on whatsapp,fake
earn 5000 rupees daily no merit needed join whatsapp group,fake
get free laptop instantly 100% guaranteed join whatsapp group,fake
Ministry of Education Pakistan published merit list for academic session 2025,real
receive cash reward without verification register via telegram,fake
HEC Pakistan released date sheet for intermediate students,real
get free laptop instantly without verification register via telegram,fake
University of Punjab announced exam schedule for intermediate students,real
get job without exam no merit needed register via telegram,fake
HEC Pakistan announced exam schedule for academic session 2025,real
Sindh Board issued official circular for all districts of Pakistan,real
get job without exam 100% guaranteed pay registration fee,fake
earn 5000 rupees daily 100% guaranteed send money on easypaisa,fake
KPK Education Department opened admission portal for all districts of Pakistan,real
FBISE updated curriculum under government policy,real
FBISE released date sheet for intermediate students,real
receive cash reward 100% guaranteed contact agent on whatsapp,fake
FBISE declared exam dates for intermediate students,real
Punjab Board declared exam dates for all districts of Pakistan,real
University of Punjab issued official circular for all districts of Pakistan,real
receive cash reward 100% guaranteed register via telegram,fake
Sindh Board started registration process for university admissions,real
University of Punjab announced exam schedule for academic session 2025,real
Punjab Board declared exam dates under government policy,real
receive cash reward no merit needed pay registration fee,fake
HEC Pakistan issued official circular for academic session 2025,real
receive cash reward no merit needed join whatsapp group,fake
get job without exam 100% guaranteed contact agent on whatsapp,fake
KPK Education Department issued official circular via official website,real
free admission guaranteed 100% guaranteed register via telegram,fake
FBISE released result notification for all districts of Pakistan,real
Sindh Board opened admission portal for university admissions,real
Punjab Board opened admission portal for intermediate students,real
Sindh Board published merit list for academic session 2025,real
earn 5000 rupees daily no merit needed click unknown link,fake
get free laptop instantly without verification pay registration fee,fake
get job without exam without verification send money on easypaisa,fake
get free laptop instantly 100% guaranteed send money on easypaisa,fake
receive cash reward 100% guaranteed join whatsapp group,fake
Punjab Board opened admission portal for academic session 2025,real
Ministry of Education Pakistan released result notification for intermediate students,real
get scholarship without merit no merit needed contact agent on whatsapp,fake
get scholarship without merit no merit needed join whatsapp group,fake
Punjab Board approved scholarship program for university admissions,real
HEC Pakistan issued official circular for university admissions,real
FBISE approved scholarship program for all districts of Pakistan,real
get free laptop instantly no test required pay registration fee,fake
Sindh Board started registration process under government policy,real
get free laptop instantly no merit needed pay registration fee,fake
Ministry of Education Pakistan published merit list for university admissions,real
earn 5000 rupees daily no merit needed join whatsapp group,fake
Ministry of Education Pakistan published merit list for intermediate students,real
FBISE started registration process under government policy,real
Ministry of Education Pakistan announced exam schedule for university admissions,real
FBISE updated curriculum for university admissions,real
Punjab Board announced exam schedule for intermediate students,real
get free laptop instantly no test required register via telegram,fake
receive cash reward 100% guaranteed click unknown link,fake
free admission guaranteed no merit needed contact agent on whatsapp,fake
get free laptop instantly 100% guaranteed click unknown link,fake
University of Punjab declared exam dates for university admissions,real
Sindh Board opened admission portal for intermediate students,real
HEC Pakistan issued official circular via official website,real
HEC Pakistan issued official circular for university admissions,real
get scholarship without merit no test required click unknown link,fake
receive cash reward without verification pay registration fee,fake
get scholarship without merit without verification click unknown link,fake
University of Punjab declared exam dates for all districts of Pakistan,real
FBISE announced exam schedule for intermediate students,real
Sindh Board opened admission portal for university admissions,real
get free laptop instantly instant approval register via telegram,fake
get job without exam instant approval register via telegram,fake
earn 5000 rupees daily no test required pay registration fee,fake
get free laptop instantly no merit needed send money on easypaisa,fake
Sindh Board approved scholarship program for all districts of Pakistan,real
Punjab Board opened admission portal for academic session 2025,real
Punjab Board started registration process for all districts of Pakistan,real
Sindh Board approved scholarship program for intermediate students,real
get free laptop instantly no merit needed register via telegram,fake
University of Punjab released date sheet for university admissions,real
free admission guaranteed without verification send money on easypaisa,fake
get job without exam 100% guaranteed contact agent on whatsapp,fake
free admission guaranteed no merit needed pay registration fee,fake
earn 5000 rupees daily instant approval click unknown link,fake
receive cash reward no test required join whatsapp group,fake
free admission guaranteed instant approval pay registration fee,fake
free admission guaranteed 100% guaranteed click unknown link,fake
earn 5000 rupees daily no test required register via telegram,fake
University of Punjab declared exam dates for all districts of Pakistan,real
earn 5000 rupees daily instant approval click unknown link,fake
earn 5000 rupees daily instant approval click unknown link,fake
HEC Pakistan approved scholarship program for academic session 2025,real
FBISE opened admission portal under government policy,real
get free laptop instantly no merit needed join whatsapp group,fake
HEC Pakistan announced exam schedule for all districts of Pakistan,real
get job without exam without verification contact agent on whatsapp,fake
University of Punjab announced exam schedule under government policy,real
HEC Pakistan released date sheet for all districts of Pakistan,real
get scholarship without merit 100% guaranteed pay registration fee,fake
FBISE opened admission portal for all districts of Pakistan,real
Punjab Board updated curriculum for university admissions,real
get job without exam no test required click unknown link,fake
get free laptop instantly no merit needed join whatsapp group,fake
Sindh Board published merit list for university admissions,real
get free laptop instantly no test required register via telegram,fake
earn 5000 rupees daily without verification click unknown link,fake
Punjab Board opened admission portal for university admissions,real
KPK Education Department updated curriculum under government policy,real
Sindh Board released result notification for all districts of Pakistan,real
Punjab Board updated curriculum for academic session 2025,real
HEC Pakistan released date sheet for all districts of Pakistan,real
earn 5000 rupees daily 100% guaranteed pay registration fee,fake
receive cash reward without verification pay registration fee,fake
FBISE started registration process under government policy,real
earn 5000 rupees daily without verification send money on easypaisa,fake
Ministry of Education Pakistan approved scholarship program for all districts of Pakistan,real
Ministry of Education Pakistan issued official circular for all districts of Pakistan,real
get job without exam no test required join whatsapp group,fake
Sindh Board started registration process for academic session 2025,real
get job without exam no merit needed send money on easypaisa,fake
FBISE issued official circular under government policy,real
receive cash reward 100% guaranteed join whatsapp group,fake
free admission guaranteed instant approval pay registration fee,fake
University of Punjab opened admission portal via official website,real
Punjab Board opened admission portal for intermediate students,real
earn 5000 rupees daily no merit needed join whatsapp group,fake
receive cash reward instant approval register via telegram,fake
KPK Education Department announced exam schedule for intermediate students,real
get scholarship without merit no test required register via telegram,fake
get job without exam no merit needed pay registration fee,fake
receive cash reward without verification register via telegram,fake
University of Punjab announced exam schedule under government policy,real
Punjab Board published merit list under government policy,real
University of Punjab started registration process for all districts of Pakistan,real
earn 5000 rupees daily without verification register via telegram,fake
HEC Pakistan issued official circular for academic session 2025,real
University of Punjab updated curriculum via official website,real
earn 5000 rupees daily no merit needed contact agent on whatsapp,fake
University of Punjab opened admission portal for intermediate students,real
Punjab Board released date sheet under government policy,real
Ministry of Education Pakistan opened admission portal for intermediate students,real
Ministry of Education Pakistan released result notification under government policy,real
Sindh Board updated curriculum for academic session 2025,real
receive cash reward without verification join whatsapp group,fake
get free laptop instantly without verification send money on easypaisa,fake
University of Punjab opened admission portal for intermediate students,real
FBISE announced exam schedule for academic session 2025,real
HEC Pakistan issued official circular for all districts of Pakistan,real
get scholarship without merit no test required click unknown link,fake
free admission guaranteed no test required send money on easypaisa,fake
Punjab Board declared exam dates for intermediate students,real
earn 5000 rupees daily no merit needed pay registration fee,fake
Ministry of Education Pakistan declared exam dates for university admissions,real
get job without exam no merit needed contact agent on whatsapp,fake
receive cash reward no merit needed contact agent on whatsapp,fake
HEC Pakistan released date sheet via official website,real
receive cash reward no merit needed contact agent on whatsapp,fake
earn 5000 rupees daily without verification join whatsapp group,fake
KPK Education Department announced exam schedule for academic session 2025,real
HEC Pakistan issued official circular for university admissions,real
Ministry of Education Pakistan opened admission portal via official website,real
receive cash reward no merit needed pay registration fee,fake
receive cash reward 100% guaranteed contact agent on whatsapp,fake
get job without exam instant approval pay registration fee,fake
earn 5000 rupees daily no test required send money on easypaisa,fake
Punjab Board issued official circular via official website,real
University of Punjab declared exam dates for university admissions,real
free admission guaranteed 100% guaranteed click unknown link,fake
Punjab Board started registration process for university admissions,real
get job without exam no merit needed contact agent on whatsapp,fake
KPK Education Department updated curriculum under government policy,real
Ministry of Education Pakistan updated curriculum under government policy,real
get job without exam without verification pay registration fee,fake
earn 5000 rupees daily 100% guaranteed pay registration fee,fake
FBISE approved scholarship program under government policy,real
Punjab Board published merit list for all districts of Pakistan,real
receive cash reward instant approval contact agent on whatsapp,fake
KPK Education Department issued official circular for academic session 2025,real
Punjab Board announced exam schedule via official website,real
Sindh Board issued official circular under government policy,real
receive cash reward instant approval click unknown link,fake
Punjab Board issued official circular for university admissions,real
FBISE announced exam schedule for all districts of Pakistan,real
FBISE released date sheet for academic session 2025,real
FBISE declared exam dates for intermediate students,real
University of Punjab updated curriculum for university admissions,real
get free laptop instantly no test required register via telegram,fake
Punjab Board released date sheet via official website,real
University of Punjab opened admission portal for university admissions,real
University of Punjab started registration process for intermediate students,real
free admission guaranteed instant approval join whatsapp group,fake
earn 5000 rupees daily no merit needed register via telegram,fake
Sindh Board started registration process for all districts of Pakistan,real
get job without exam instant approval contact agent on whatsapp,fake
receive cash reward without verification join whatsapp group,fake
KPK Education Department approved scholarship program under government policy,real
FBISE declared exam dates for academic session 2025,real
HEC Pakistan issued official circular via official website,real
University of Punjab updated curriculum for academic session 2025,real
earn 5000 rupees daily without verification register via telegram,fake
Ministry of Education Pakistan published merit list under government policy,real
get job without exam no merit needed join whatsapp group,fake
get scholarship without merit no merit needed pay registration fee,fake
Ministry of Education Pakistan opened admission portal via official website,real
free admission guaranteed instant approval click unknown link,fake
HEC Pakistan started registration process via official website,real
get scholarship without merit no merit needed register via telegram,fake
receive cash reward 100% guaranteed contact agent on whatsapp,fake
get free laptop instantly no merit needed pay registration fee,fake
FBISE approved scholarship program via official website,real
free admission guaranteed instant approval join whatsapp group,fake
get free laptop instantly no test required register via telegram,fake
Ministry of Education Pakistan started registration process for all districts of Pakistan,real
free admission guaranteed no merit needed pay registration fee,fake
Sindh Board released date sheet via official website,real
receive cash reward no merit needed join whatsapp group,fake
receive cash reward no merit needed send money on easypaisa,fake
University of Punjab updated curriculum for academic session 2025,real
get scholarship without merit without verification pay registration fee,fake
FBISE released result notification for university admissions,real
Ministry of Education Pakistan announced exam schedule for all districts of Pakistan,real
get free laptop instantly 100% guaranteed contact agent on whatsapp,fake
Punjab Board declared exam dates for all districts of Pakistan,real
Sindh Board started registration process via official website,real
KPK Education Department published merit list for academic session 2025,real
free admission guaranteed 100% guaranteed join whatsapp group,fake
HEC Pakistan announced exam schedule for academic session 2025,real
get free laptop instantly no merit needed click unknown link,fake
get job without exam no test required join whatsapp group,fake
get job without exam without verification contact agent on whatsapp,fake
earn 5000 rupees daily 100% guaranteed contact agent on whatsapp,fake
free admission guaranteed without verification register via telegram,fake
earn 5000 rupees daily without verification click unknown link,fake
Sindh Board approved scholarship program for intermediate students,real
get job without exam 100% guaranteed send money on easypaisa,fake
FBISE issued official circular for intermediate students,real
KPK Education Department declared exam dates under government policy,real
free admission guaranteed no test required send money on easypaisa,fake
Punjab Board published merit list for university admissions,real
FBISE issued official circular under government policy,real
Ministry of Education Pakistan started registration process for intermediate students,real
earn 5000 rupees daily no merit needed send money on easypaisa,fake
Punjab Board declared exam dates for university admissions,real
earn 5000 rupees daily 100% guaranteed send money on easypaisa,fake
Sindh Board approved scholarship program for intermediate students,real
FBISE opened admission portal for academic session 2025,real
earn 5000 rupees daily instant approval pay registration fee,fake
HEC Pakistan started registration process for academic session 2025,real
get job without exam 100% guaranteed click unknown link,fake
receive cash reward instant approval pay registration fee,fake
KPK Education Department started registration process via official website,real
HEC Pakistan issued official circular for academic session 2025,real
receive cash reward instant approval click unknown link,fake
earn 5000 rupees daily no merit needed contact agent on whatsapp,fake
free admission guaranteed 100% guaranteed click unknown link,fake
free admission guaranteed no test required join whatsapp group,fake
HEC Pakistan announced exam schedule for all districts of Pakistan,real
HEC Pakistan announced exam schedule for all districts of Pakistan,real
get free laptop instantly 100% guaranteed click unknown link,fake
earn 5000 rupees daily instant approval pay registration fee,fake
Sindh Board declared exam dates for all districts of Pakistan,real
HEC Pakistan opened admission portal under government policy,real
get scholarship without merit without verification join whatsapp group,fake
KPK Education Department issued official circular for university admissions,real
receive cash reward no merit needed click unknown link,fake
Sindh Board published merit list for all districts of Pakistan,real
KPK Education Department started registration process via official website,real
get scholarship without merit no test required pay registration fee,fake
get job without exam instant approval click unknown link,fake
HEC Pakistan released result notification under government policy,real
earn 5000 rupees daily no merit needed send money on easypaisa,fake
get free laptop instantly without verification contact agent on whatsapp,fake
University of Punjab announced exam schedule for university admissions,real
get job without exam without verification pay registration fee,fake
get scholarship without merit no merit needed send money on easypaisa,fake
Ministry of Education Pakistan published merit list via official website,real
get free laptop instantly instant approval pay registration fee,fake
free admission guaranteed 100% guaranteed join whatsapp group,fake
Punjab Board declared exam dates under government policy,real
Punjab Board opened admission portal for intermediate students,real
earn 5000 rupees daily without verification click unknown link,fake
get job without exam instant approval join whatsapp group,fake
receive cash reward no test required click unknown link,fake
Punjab Board issued official circular for university admissions,real
receive cash reward instant approval join whatsapp group,fake
earn 5000 rupees daily without verification join whatsapp group,fake
receive cash reward without verification contact agent on whatsapp,fake
Ministry of Education Pakistan started registration process for academic session 2025,real
get free laptop instantly no merit needed pay registration fee,fake
get scholarship without merit instant approval join whatsapp group,fake
HEC Pakistan started registration process for all districts of Pakistan,real
HEC Pakistan opened admission portal via official website,real
get scholarship without merit no test required pay registration fee,fake
Sindh Board updated curriculum under government policy,real
Sindh Board declared exam dates for all districts of Pakistan,real
get free laptop instantly no test required contact agent on whatsapp,fake
Ministry of Education Pakistan published merit list for intermediate students,real
FBISE declared exam dates under government policy,real
receive cash reward no merit needed join whatsapp group,fake
get scholarship without merit instant approval register via telegram,fake
free admission guaranteed 100% guaranteed click unknown link,fake
get scholarship without merit no test required register via telegram,fake
free admission guaranteed instant approval pay registration fee,fake
Ministry of Education Pakistan released result notification for academic session 2025,real
earn 5000 rupees daily without verification contact agent on whatsapp,fake
HEC Pakistan published merit list via official website,real
Ministry of Education Pakistan approved scholarship program for intermediate students,real
free admission guaranteed no merit needed click unknown link,fake
Sindh Board published merit list under government policy,real
HEC Pakistan updated curriculum for intermediate students,real
University of Punjab opened admission portal for intermediate students,real
get free laptop instantly no merit needed join whatsapp group,fake
get free laptop instantly instant approval send money on easypaisa,fake
free admission guaranteed no merit needed register via telegram,fake
free admission guaranteed instant approval click unknown link,fake
free admission guaranteed no test required register via telegram,fake
Punjab Board released result notification for all districts of Pakistan,real
KPK Education Department released result notification via official website,real
earn 5000 rupees daily no test required contact agent on whatsapp,fake
University of Punjab published merit list under government policy,real
free admission guaranteed 100% guaranteed contact agent on whatsapp,fake
FBISE issued official circular for university admissions,real
free admission guaranteed 100% guaranteed click unknown link,fake
get free laptop instantly no test required register via telegram,fake
get scholarship without merit no test required send money on easypaisa,fake
earn 5000 rupees daily without verification click unknown link,fake
get free laptop instantly instant approval send money on easypaisa,fake
free admission guaranteed without verification contact agent on whatsapp,fake
earn 5000 rupees daily no test required contact agent on whatsapp,fake
earn 5000 rupees daily without verification pay registration fee,fake
University of Punjab released result notification via official website,real
get scholarship without merit no merit needed contact agent on whatsapp,fake
Punjab Board declared exam dates for academic session 2025,real
get free laptop instantly instant approval contact agent on whatsapp,fake
receive cash reward without verification send money on easypaisa,fake
Sindh Board announced exam schedule under government policy,real
get free laptop instantly without verification send money on easypaisa,fake
FBISE opened admission portal for all districts of Pakistan,real
Sindh Board started registration process for academic session 2025,real
Sindh Board approved scholarship program for all districts of Pakistan,real
receive cash reward no test required join whatsapp group,fake
University of Punjab declared exam dates via official website,real
Punjab Board published merit list for all districts of Pakistan,real
get free laptop instantly no merit needed join whatsapp group,fake
University of Punjab approved scholarship program for intermediate students,real
Punjab Board started registration process via official website,real
University of Punjab released result notification via official website,real
get scholarship without merit 100% guaranteed register via telegram,fake
University of Punjab updated curriculum via official website,real
free admission guaranteed 100% guaranteed send money on easypaisa,fake
get free laptop instantly 100% guaranteed pay registration fee,fake
University of Punjab released result notification for all districts of Pakistan,real
Punjab Board announced exam schedule for university admissions,real
KPK Education Department declared exam dates via official website,real
earn 5000 rupees daily no merit needed send money on easypaisa,fake
earn 5000 rupees daily instant approval pay registration fee,fake
University of Punjab declared exam dates for academic session 2025,real
receive cash reward instant approval contact agent on whatsapp,fake
free admission guaranteed 100% guaranteed register via telegram,fake
earn 5000 rupees daily without verification register via telegram,fake
KPK Education Department announced exam schedule under government policy,real
University of Punjab issued official circular under government policy,real
earn 5000 rupees daily no test required click unknown link,fake
get job without exam without verification click unknown link,fake
KPK Education Department opened admission portal under government policy,real
KPK Education Department approved scholarship program for intermediate students,real
Sindh Board updated curriculum via official website,real
get scholarship without merit no merit needed join whatsapp group,fake
KPK Education Department issued official circular for intermediate students,real
Sindh Board updated curriculum under government policy,real
get scholarship without merit without verification join whatsapp group,fake
HEC Pakistan announced exam schedule via official website,real
earn 5000 rupees daily 100% guaranteed contact agent on whatsapp,fake
Sindh Board published merit list for academic session 2025,real
KPK Education Department opened admission portal via official website,real
HEC Pakistan approved scholarship program under government policy,real
free admission guaranteed no merit needed join whatsapp group,fake
free admission guaranteed 100% guaranteed send money on easypaisa,fake
get job without exam without verification send money on easypaisa,fake
get job without exam instant approval contact agent on whatsapp,fake
get scholarship without merit instant approval click unknown link,fake
KPK Education Department approved scholarship program for intermediate students,real
Ministry of Education Pakistan opened admission portal for intermediate students,real
University of Punjab announced exam schedule for intermediate students,real
Ministry of Education Pakistan issued official circular for university admissions,real
Sindh Board released date sheet via official website,real
Sindh Board announced exam schedule via official website,real
get scholarship without merit instant approval send money on easypaisa,fake
get job without exam without verification pay registration fee,fake
get scholarship without merit without verification register via telegram,fake
receive cash reward instant approval click unknown link,fake
Ministry of Education Pakistan opened admission portal via official website,real
KPK Education Department announced exam schedule for university admissions,real
get job without exam no merit needed click unknown link,fake
KPK Education Department approved scholarship program for intermediate students,real
Sindh Board opened admission portal for all districts of Pakistan,real
Punjab Board updated curriculum via official website,real
University of Punjab opened admission portal for university admissions,real
get free laptop instantly no test required pay registration fee,fake
get scholarship without merit 100% guaranteed pay registration fee,fake
HEC Pakistan issued official circular for university admissions,real
Sindh Board issued official circular for all districts of Pakistan,real
Punjab Board approved scholarship program for all districts of Pakistan,real
get free laptop instantly no test required register via telegram,fake
HEC Pakistan released result notification via official website,real
FBISE issued official circular under government policy,real
Ministry of Education Pakistan opened admission portal for all districts of Pakistan,real
KPK Education Department approved scholarship program via official website,real
Punjab Board approved scholarship program for academic session 2025,real
FBISE opened admission portal for all districts of Pakistan,real
HEC Pakistan released result notification for academic session 2025,real
HEC Pakistan opened admission portal for university admissions,real
Ministry of Education Pakistan declared exam dates for university admissions,real
FBISE released date sheet via official website,real
free admission guaranteed instant approval join whatsapp group,fake
get job without exam no test required pay registration fee,fake
free admission guaranteed instant approval click unknown link,fake
free admission guaranteed instant approval send money on easypaisa,fake
University of Punjab started registration process via official website,real
KPK Education Department approved scholarship program for academic session 2025,real
Ministry of Education Pakistan started registration process for university admissions,real
earn 5000 rupees daily no test required contact agent on whatsapp,fake
KPK Education Department issued official circular for all districts of Pakistan,real
HEC Pakistan released date sheet under government policy,real
get scholarship without merit 100% guaranteed pay registration fee,fake
Sindh Board issued official circular for intermediate students,real
KPK Education Department released result notification via official website,real
get free laptop instantly 100% guaranteed join whatsapp group,fake
get job without exam without verification pay registration fee,fake
University of Punjab issued official circular for academic session 2025,real
earn 5000 rupees daily 100% guaranteed pay registration fee,fake
KPK Education Department opened admission portal for all districts of Pakistan,real
HEC Pakistan opened admission portal for academic session 2025,real
University of Punjab issued official circular for university admissions,real
Ministry of Education Pakistan released result notification for intermediate students,real
Sindh Board updated curriculum via official website,real
free admission guaranteed no merit needed pay registration fee,fake
earn 5000 rupees daily no merit needed join whatsapp group,fake
earn 5000 rupees daily instant approval join whatsapp group,fake
get job without exam no merit needed contact agent on whatsapp,fake
receive cash reward without verification send money on easypaisa,fake
get job without exam no merit needed register via telegram,fake
get job without exam without verification send money on easypaisa,fake
earn 5000 rupees daily without verification register via telegram,fake
free admission guaranteed instant approval contact agent on whatsapp,fake
earn 5000 rupees daily no merit needed join whatsapp group,fake
get scholarship without merit instant approval register via telegram,fake
Ministry of Education Pakistan approved scholarship program for academic session 2025,real
receive cash reward no test required register via telegram,fake
FBISE opened admission portal for all districts of Pakistan,real
get free laptop instantly instant approval contact agent on whatsapp,fake
get scholarship without merit 100% guaranteed contact agent on whatsapp,fake
Punjab Board declared exam dates for all districts of Pakistan,real
Ministry of Education Pakistan opened admission portal for university admissions,real
earn 5000 rupees daily 100% guaranteed send money on easypaisa,fake
free admission guaranteed instant approval click unknown link,fake
University of Punjab issued official circular for all districts of Pakistan,real
get job without exam without verification pay registration fee,fake
earn 5000 rupees daily no merit needed contact agent on whatsapp,fake
HEC Pakistan released date sheet for academic session 2025,real
Ministry of Education Pakistan released date sheet for academic session 2025,real
HEC Pakistan started registration process for intermediate students,real
get free laptop instantly no test required click unknown link,fake
receive cash reward instant approval register via telegram,fake
get scholarship without merit no merit needed pay registration fee,fake
free admission guaranteed no merit needed contact agent on whatsapp,fake
get free laptop instantly without verification send money on easypaisa,fake
Ministry of Education Pakistan announced exam schedule via official website,real
HEC Pakistan approved scholarship program for intermediate students,real
earn 5000 rupees daily without verification contact agent on whatsapp,fake
free admission guaranteed no test required join whatsapp group,fake
free admission guaranteed instant approval join whatsapp group,fake
FBISE issued official circular for academic session 2025,real
get scholarship without merit no merit needed register via telegram,fake
get scholarship without merit no merit needed contact agent on whatsapp,fake
Sindh Board announced exam schedule via official website,real
earn 5000 rupees daily no test required pay registration fee,fake
free admission guaranteed no test required register via telegram,fake
Ministry of Education Pakistan issued official circular for intermediate students,real
Sindh Board started registration process via official website,real
get free laptop instantly without verification register via telegram,fake
Ministry of Education Pakistan published merit list via official website,real
University of Punjab released date sheet for university admissions,real
free admission guaranteed no test required click unknown link,fake
Punjab Board updated curriculum for academic session 2025,real
Punjab Board published merit list via official website,real
Ministry of Education Pakistan issued official circular for intermediate students,real
Ministry of Education Pakistan approved scholarship program under government policy,real
receive cash reward instant approval send money on easypaisa,fake
University of Punjab released result notification via official website,real
get scholarship without merit without verification register via telegram,fake
HEC Pakistan declared exam dates for academic session 2025,real
free admission guaranteed no merit needed click unknown link,fake
get free laptop instantly no merit needed contact agent on whatsapp,fake
Sindh Board declared exam dates for university admissions,real
Ministry of Education Pakistan published merit list for academic session 2025,real
Punjab Board opened admission portal for all districts of Pakistan,real
receive cash reward 100% guaranteed join whatsapp group,fake
University of Punjab declared exam dates for academic session 2025,real
receive cash reward no merit needed join whatsapp group,fake
Punjab Board released date sheet for university admissions,real
get scholarship without merit 100% guaranteed join whatsapp group,fake
KPK Education Department declared exam dates under government policy,real
Sindh Board released date sheet for all districts of Pakistan,real
get scholarship without merit 100% guaranteed register via telegram,fake
receive cash reward 100% guaranteed send money on easypaisa,fake
KPK Education Department started registration process for academic session 2025,real
free admission guaranteed instant approval join whatsapp group,fake
Sindh Board opened admission portal for academic session 2025,real
FBISE announced exam schedule for university admissions,real
get free laptop instantly without verification click unknown link,fake
KPK Education Department announced exam schedule for all districts of Pakistan,real
receive cash reward no test required click unknown link,fake
receive cash reward instant approval contact agent on whatsapp,fake
get free laptop instantly no merit needed click unknown link,fake
Ministry of Education Pakistan approved scholarship program for intermediate students,real
Punjab Board opened admission portal for all districts of Pakistan,real
get job without exam without verification send money on easypaisa,fake
University of Punjab published merit list for all districts of Pakistan,real
Punjab Board updated curriculum via official website,real
free admission guaranteed instant approval contact agent on whatsapp,fake
Ministry of Education Pakistan issued official circular via official website,real
FBISE declared exam dates for all districts of Pakistan,real
Ministry of Education Pakistan started registration process for academic session 2025,real
get scholarship without merit without verification register via telegram,fake
earn 5000 rupees daily no test required contact agent on whatsapp,fake
get free laptop instantly without verification contact agent on whatsapp,fake
Ministry of Education Pakistan declared exam dates under government policy,real
free admission guaranteed no test required register via telegram,fake
receive cash reward without verification send money on easypaisa,fake
receive cash reward no merit needed send money on easypaisa,fake
free admission guaranteed no test required contact agent on whatsapp,fake
receive cash reward no test required click unknown link,fake
get job without exam 100% guaranteed contact agent on whatsapp,fake
receive cash reward instant approval join whatsapp group,fake
get scholarship without merit 100% guaranteed send money on easypaisa,fake
earn 5000 rupees daily no test required click unknown link,fake
earn 5000 rupees daily no test required click unknown link,fake
get scholarship without merit no test required contact agent on whatsapp,fake
HEC Pakistan declared exam dates via official website,real
KPK Education Department issued official circular for academic session 2025,real
get scholarship without merit 100% guaranteed register via telegram,fake
earn 5000 rupees daily no test required contact agent on whatsapp,fake
get job without exam no test required register via telegram,fake
receive cash reward without verification contact agent on whatsapp,fake
KPK Education Department updated curriculum under government policy,real
receive cash reward without verification join whatsapp group,fake
get job without exam instant approval contact agent on whatsapp,fake
free admission guaranteed no merit needed register via telegram,fake
KPK Education Department issued official circular for intermediate students,real
Sindh Board released date sheet for intermediate students,real
Punjab Board opened admission portal under government policy,real
earn 5000 rupees daily without verification send money on easypaisa,fake
University of Punjab released date sheet for academic session 2025,real
HEC Pakistan updated curriculum for intermediate students,real
University of Punjab approved scholarship program via official website,real
Sindh Board issued official circular for all districts of Pakistan,real
Sindh Board started registration process for intermediate students,real
get free laptop instantly instant approval send money on easypaisa,fake
KPK Education Department issued official circular under government policy,real
get scholarship without merit 100% guaranteed contact agent on whatsapp,fake
HEC Pakistan issued official circular for all districts of Pakistan,real
Ministry of Education Pakistan released result notification for academic session 2025,real
KPK Education Department opened admission portal under government policy,real
University of Punjab started registration process for academic session 2025,real
get scholarship without merit no merit needed join whatsapp group,fake
University of Punjab started registration process for intermediate students,real
KPK Education Department published merit list under government policy,real
receive cash reward instant approval click unknown link,fake
get scholarship without merit without verification contact agent on whatsapp,fake
receive cash reward no test required register via telegram,fake
KPK Education Department declared exam dates for university admissions,real
free admission guaranteed instant approval contact agent on whatsapp,fake
get free laptop instantly instant approval contact agent on whatsapp,fake
Punjab Board published merit list for intermediate students,real
receive cash reward without verification join whatsapp group,fake
Punjab Board announced exam schedule for academic session 2025,real
get free laptop instantly 100% guaranteed contact agent on whatsapp,fake
Ministry of Education Pakistan updated curriculum via official website,real
Ministry of Education Pakistan published merit list for academic session 2025,real
HEC Pakistan announced exam schedule for intermediate students,real
Punjab Board issued official circular for academic session 2025,real
Sindh Board updated curriculum for university admissions,real
get free laptop instantly no merit needed send money on easypaisa,fake
University of Punjab released date sheet for intermediate students,real
University of Punjab declared exam dates for university admissions,real
FBISE approved scholarship program for university admissions,real
KPK Education Department declared exam dates for university admissions,real
receive cash reward without verification send money on easypaisa,fake
KPK Education Department issued official circular for intermediate students,real
Punjab Board released date sheet via official website,real
free admission guaranteed 100% guaranteed register via telegram,fake
get free laptop instantly no merit needed join whatsapp group,fake
Ministry of Education Pakistan declared exam dates via official website,real
receive cash reward no merit needed pay registration fee,fake
free admission guaranteed without verification click unknown link,fake
get free laptop instantly no test required pay registration fee,fake
University of Punjab published merit list under government policy,real
get free laptop instantly no merit needed pay registration fee,fake
Punjab Board released result notification for all districts of Pakistan,real
KPK Education Department opened admission portal under government policy,real
KPK Education Department published merit list under government policy,real
receive cash reward no test required join whatsapp group,fake
earn 5000 rupees daily no merit needed send money on easypaisa,fake
earn 5000 rupees daily without verification contact agent on whatsapp,fake
University of Punjab opened admission portal for all districts of Pakistan,real
KPK Education Department updated curriculum via official website,real
get scholarship without merit no test required register via telegram,fake
get free laptop instantly without verification click unknown link,fake
free admission guaranteed no merit needed join whatsapp group,fake
free admission guaranteed without verification click unknown link,fake
Sindh Board published merit list for all districts of Pakistan,real
receive cash reward no merit needed click unknown link,fake
receive cash reward no merit needed contact agent on whatsapp,fake
earn 5000 rupees daily no test required send money on easypaisa,fake
get scholarship without merit no merit needed contact agent on whatsapp,fake
get job without exam no test required send money on easypaisa,fake
Punjab Board released date sheet for academic session 2025,real
earn 5000 rupees daily without verification contact agent on whatsapp,fake
get job without exam without verification send money on easypaisa,fake
Sindh Board published merit list for all districts of Pakistan,real
Punjab Board released result notification for university admissions,real
FBISE published merit list via official website,real
earn 5000 rupees daily no merit needed click unknown link,fake
earn 5000 rupees daily without verification join whatsapp group,fake
University of Punjab opened admission portal for academic session 2025,real
get free laptop instantly instant approval send money on easypaisa,fake
University of Punjab approved scholarship program for intermediate students,real
HEC Pakistan approved scholarship program for university admissions,real
University of Punjab issued official circular for intermediate students,real
receive cash reward 100% guaranteed contact agent on whatsapp,fake
University of Punjab announced exam schedule under government policy,real
FBISE started registration process under government policy,real
Sindh Board released date sheet for academic session 2025,real
Ministry of Education Pakistan published merit list for university admissions,real
Ministry of Education Pakistan approved scholarship program for university admissions,real
FBISE approved scholarship program under government policy,real
University of Punjab declared exam dates via official website,real
FBISE issued official circular for intermediate students,real
free admission guaranteed instant approval register via telegram,fake
Ministry of Education Pakistan released result notification for university admissions,real
get job without exam no test required join whatsapp group,fake
get job without exam no test required register via telegram,fake
FBISE opened admission portal via official website,real
earn 5000 rupees daily no test required contact agent on whatsapp,fake
Sindh Board started registration process for university admissions,real
receive cash reward instant approval contact agent on whatsapp,fake
receive cash reward without verification send money on easypaisa,fake
Sindh Board declared exam dates under government policy,real
Ministry of Education Pakistan declared exam dates for all districts of Pakistan,real
earn 5000 rupees daily no test required join whatsapp group,fake
HEC Pakistan opened admission portal for all districts of Pakistan,real
KPK Education Department published merit list via official website,real
get job without exam no test required register via telegram,fake
get scholarship without merit no merit needed send money on easypaisa,fake
free admission guaranteed instant approval pay registration fee,fake
FBISE published merit list for university admissions,real
KPK Education Department opened admission portal for academic session 2025,real
get free laptop instantly no test required contact agent on whatsapp,fake
get free laptop instantly no merit needed pay registration fee,fake
HEC Pakistan published merit list for university admissions,real
earn 5000 rupees daily no test required join whatsapp group,fake
University of Punjab announced exam schedule for academic session 2025,real
get free laptop instantly instant approval register via telegram,fake
University of Punjab released result notification via official website,real
receive cash reward no test required join whatsapp group,fake
HEC Pakistan released result notification for intermediate students,real
Sindh Board declared exam dates via official website,real
get job without exam 100% guaranteed pay registration fee,fake
free admission guaranteed 100% guaranteed join whatsapp group,fake
HEC Pakistan opened admission portal for academic session 2025,real
get free laptop instantly no merit needed join whatsapp group,fake
Sindh Board released date sheet for academic session 2025,real
get free laptop instantly 100% guaranteed join whatsapp group,fake
KPK Education Department opened admission portal via official website,real
earn 5000 rupees daily no test required register via telegram,fake
earn 5000 rupees daily no merit needed send money on easypaisa,fake
free admission guaranteed without verification click unknown link,fake
get free laptop instantly no test required pay registration fee,fake
FBISE issued official circular for university admissions,real
free admission guaranteed 100% guaranteed send money on easypaisa,fake
get job without exam no merit needed register via telegram,fake
free admission guaranteed no merit needed contact agent on whatsapp,fake
FBISE issued official circular for all districts of Pakistan,real
get job without exam instant approval click unknown link,fake
get job without exam instant approval register via telegram,fake
HEC Pakistan declared exam dates for intermediate students,real
FBISE published merit list for academic session 2025,real
HEC Pakistan declared exam dates via official website,real
get free laptop instantly without verification pay registration fee,fake
get scholarship without merit no merit needed click unknown link,fake
Sindh Board released result notification for university admissions,real
free admission guaranteed without verification click unknown link,fake
KPK Education Department declared exam dates for academic session 2025,real
earn 5000 rupees daily instant approval join whatsapp group,fake
free admission guaranteed without verification join whatsapp group,fake
KPK Education Department declared exam dates for academic session 2025,real
receive cash reward instant approval contact agent on whatsapp,fake
HEC Pakistan updated curriculum under government policy,real
KPK Education Department published merit list via official website,real
HEC Pakistan started registration process for university admissions,real
HEC Pakistan started registration process for university admissions,real
Ministry of Education Pakistan announced exam schedule for academic session 2025,real
University of Punjab started registration process for all districts of Pakistan,real
get scholarship without merit no merit needed click unknown link,fake
Punjab Board updated curriculum for academic session 2025,real
free admission guaranteed no test required contact agent on whatsapp,fake
get job without exam no test required join whatsapp group,fake
free admission guaranteed 100% guaranteed send money on easypaisa,fake
get job without exam no merit needed send money on easypaisa,fake
get free laptop instantly instant approval click unknown link,fake
Punjab Board updated curriculum for university admissions,real
Punjab Board opened admission portal for academic session 2025,real
University of Punjab published merit list for academic session 2025,real
Sindh Board released result notification for university admissions,real
KPK Education Department approved scholarship program for intermediate students,real
KPK Education Department opened admission portal for intermediate students,real
FBISE started registration process for university admissions,real
get scholarship without merit instant approval click unknown link,fake
get job without exam no test required join whatsapp group,fake
HEC Pakistan issued official circular for intermediate students,real
earn 5000 rupees daily no merit needed register via telegram,fake
KPK Education Department updated curriculum for academic session 2025,real
Punjab Board opened admission portal for academic session 2025,real
receive cash reward 100% guaranteed contact agent on whatsapp,fake
Sindh Board started registration process for university admissions,real
free admission guaranteed no test required pay registration fee,fake
Ministry of Education Pakistan opened admission portal for academic session 2025,real
University of Punjab published merit list for academic session 2025,real
get scholarship without merit 100% guaranteed register via telegram,fake
receive cash reward no test required contact agent on whatsapp,fake
get job without exam without verification send money on easypaisa,fake
get free laptop instantly instant approval click unknown link,fake
get scholarship without merit no merit needed pay registration fee,fake
Ministry of Education Pakistan started registration process for all districts of Pakistan,real
FBISE declared exam dates for intermediate students,real
get scholarship without merit without verification send money on easypaisa,fake
University of Punjab approved scholarship program under government policy,real
Punjab Board opened admission portal via official website,real
University of Punjab updated curriculum under government policy,real
free admission guaranteed no test required register via telegram,fake
receive cash reward 100% guaranteed join whatsapp group,fake
earn 5000 rupees daily instant approval contact agent on whatsapp,fake
get scholarship without merit 100% guaranteed click unknown link,fake
get scholarship without merit 100% guaranteed register via telegram,fake
receive cash reward without verification send money on easypaisa,fake
HEC Pakistan issued official circular for intermediate students,real
Punjab Board issued official circular for university admissions,real
free admission guaranteed instant approval register via telegram,fake
FBISE started registration process for university admissions,real
earn 5000 rupees daily no merit needed send money on easypaisa,fake
University of Punjab published merit list for university admissions,real
get scholarship without merit instant approval contact agent on whatsapp,fake
receive cash reward instant approval click unknown link,fake
get job without exam 100% guaranteed pay registration fee,fake
Sindh Board released result notification via official website,real
earn 5000 rupees daily instant approval click unknown link,fake
Ministry of Education Pakistan approved scholarship program for academic session 2025,real
University of Punjab issued official circular via official website,real
get free laptop instantly no merit needed pay registration fee,fake
Sindh Board declared exam dates under government policy,real
Sindh Board started registration process for all districts of Pakistan,real
Sindh Board announced exam schedule under government policy,real
FBISE announced exam schedule for university admissions,real
Ministry of Education Pakistan opened admission portal for all districts of Pakistan,real
free admission guaranteed 100% guaranteed register via telegram,fake
Ministry of Education Pakistan started registration process for intermediate students,real
earn 5000 rupees daily without verification click unknown link,fake
FBISE updated curriculum for university admissions,real
get scholarship without merit instant approval join whatsapp group,fake
University of Punjab updated curriculum under government policy,real
receive cash reward no merit needed pay registration fee,fake
KPK Education Department released result notification for all districts of Pakistan,real
get scholarship without merit 100% guaranteed join whatsapp group,fake
KPK Education Department released result notification via official website,real
Sindh Board started registration process for all districts of Pakistan,real
FBISE announced exam schedule for all districts of Pakistan,real
KPK Education Department published merit list for all districts of Pakistan,real
earn 5000 rupees daily no merit needed pay registration fee,fake
get job without exam instant approval join whatsapp group,fake
Ministry of Education Pakistan approved scholarship program for university admissions,real
free admission guaranteed 100% guaranteed send money on easypaisa,fake
get job without exam instant approval pay registration fee,fake
HEC Pakistan published merit list for all districts of Pakistan,real
University of Punjab released result notification for university admissions,real
FBISE published merit list under government policy,real
HEC Pakistan opened admission portal for academic session 2025,real
earn 5000 rupees daily 100% guaranteed click unknown link,fake
Ministry of Education Pakistan updated curriculum for academic session 2025,real
Punjab Board announced exam schedule for all districts of Pakistan,real
free admission guaranteed no test required pay registration fee,fake
get job without exam 100% guaranteed click unknown link,fake
KPK Education Department issued official circular via official website,real
receive cash reward no merit needed pay registration fee,fake
FBISE declared exam dates under government policy,real
receive cash reward no test required register via telegram,fake
get free laptop instantly no merit needed pay registration fee,fake
Sindh Board issued official circular for university admissions,real
get scholarship without merit without verification register via telegram,fake
get job without exam no test required register via telegram,fake
earn 5000 rupees daily without verification send money on easypaisa,fake
earn 5000 rupees daily no merit needed send money on easypaisa,fake
receive cash reward no test required register via telegram,fake
KPK Education Department published merit list under government policy,real
Sindh Board opened admission portal for university admissions,real
KPK Education Department released date sheet via official website,real
FBISE opened admission portal via official website,real
KPK Education Department approved scholarship program under government policy,real
KPK Education Department published merit list for intermediate students,real
earn 5000 rupees daily no test required click unknown link,fake
get free laptop instantly no test required pay registration fee,fake
get free laptop instantly no test required send money on easypaisa,fake
KPK Education Department opened admission portal for intermediate students,real
get job without exam 100% guaranteed join whatsapp group,fake
HEC Pakistan issued official circular for all districts of Pakistan,real
get job without exam without verification register via telegram,fake
KPK Education Department updated curriculum for intermediate students,real
Sindh Board approved scholarship program for academic session 2025,real
FBISE published merit list under government policy,real
HEC Pakistan declared exam dates for intermediate students,real
get scholarship without merit without verification join whatsapp group,fake
University of Punjab published merit list via official website,real
earn 5000 rupees daily no merit needed send money on easypaisa,fake
earn 5000 rupees daily no test required send money on easypaisa,fake
free admission guaranteed no merit needed register via telegram,fake
free admission guaranteed instant approval register via telegram,fake
Ministry of Education Pakistan approved scholarship program for all districts of Pakistan,real
get free laptop instantly no test required pay registration fee,fake
Punjab Board released result notification for academic session 2025,real
earn 5000 rupees daily 100% guaranteed click unknown link,fake
Punjab Board approved scholarship program for intermediate students,real
HEC Pakistan released result notification for university admissions,real
earn 5000 rupees daily no test required contact agent on whatsapp,fake
get free laptop instantly 100% guaranteed register via telegram,fake
Sindh Board released result notification via official website,real
get free laptop instantly no test required join whatsapp group,fake
KPK Education Department declared exam dates under government policy,real
Punjab Board published merit list for intermediate students,real
University of Punjab updated curriculum for all districts of Pakistan,real
earn 5000 rupees daily no test required pay registration fee,fake
receive cash reward instant approval contact agent on whatsapp,fake
KPK Education Department announced exam schedule for university admissions,real
Ministry of Education Pakistan approved scholarship program for university admissions,real
receive cash reward instant approval contact agent on whatsapp,fake
University of Punjab released result notification via official website,real
FBISE approved scholarship program for academic session 2025,real
HEC Pakistan approved scholarship program for university admissions,real
earn 5000 rupees daily no test required pay registration fee,fake
earn 5000 rupees daily no test required register via telegram,fake
free admission guaranteed no test required register via telegram,fake
Sindh Board declared exam dates for intermediate students,real
Punjab Board released result notification under government policy,real
University of Punjab published merit list for academic session 2025,real
get scholarship without merit no merit needed register via telegram,fake
University of Punjab opened admission portal for university admissions,real
get scholarship without merit without verification send money on easypaisa,fake
get scholarship without merit no test required pay registration fee,fake
KPK Education Department started registration process via official website,real
get scholarship without merit no merit needed join whatsapp group,fake
get scholarship without merit no test required pay registration fee,fake
earn 5000 rupees daily no test required click unknown link,fake
Punjab Board published merit list for university admissions,real
FBISE announced exam schedule for academic session 2025,real
KPK Education Department updated curriculum for academic session 2025,real
earn 5000 rupees daily no test required pay registration fee,fake
Ministry of Education Pakistan started registration process for all districts of Pakistan,real
Sindh Board announced exam schedule for academic session 2025,real
receive cash reward no merit needed register via telegram,fake
KPK Education Department approved scholarship program via official website,real
get job without exam instant approval click unknown link,fake
get job without exam no merit needed pay registration fee,fake
get job without exam instant approval contact agent on whatsapp,fake
Punjab Board updated curriculum for academic session 2025,real
free admission guaranteed 100% guaranteed join whatsapp group,fake
Ministry of Education Pakistan started registration process for academic session 2025,real
get free laptop instantly instant approval contact agent on whatsapp,fake
Punjab Board released date sheet under government policy,real
get free laptop instantly no test required contact agent on whatsapp,fake
earn 5000 rupees daily 100% guaranteed click unknown link,fake
Punjab Board declared exam dates for all districts of Pakistan,real
get scholarship without merit no merit needed pay registration fee,fake
get scholarship without merit no merit needed click unknown link,fake
KPK Education Department announced exam schedule via official website,real
Punjab Board updated curriculum via official website,real
FBISE updated curriculum for intermediate students,real
FBISE issued official circular for academic session 2025,real
get scholarship without merit instant approval click unknown link,fake
KPK Education Department issued official circular for university admissions,real
free admission guaranteed without verification register via telegram,fake
earn 5000 rupees daily no merit needed contact agent on whatsapp,fake
HEC Pakistan started registration process for academic session 2025,real
Ministry of Education Pakistan approved scholarship program via official website,real
Punjab Board approved scholarship program under government policy,real
get free laptop instantly without verification pay registration fee,fake
KPK Education Department released date sheet via official website,real
Punjab Board started registration process under government policy,real
University of Punjab announced exam schedule for intermediate students,real
University of Punjab updated curriculum under government policy,real
get job without exam no test required contact agent on whatsapp,fake
Sindh Board opened admission portal via official website,real
Punjab Board published merit list for academic session 2025,real
Sindh Board announced exam schedule for university admissions,real
Sindh Board approved scholarship program for academic session 2025,real
HEC Pakistan opened admission portal for university admissions,real
FBISE published merit list for academic session 2025,real
get free laptop instantly 100% guaranteed register via telegram,fake
KPK Education Department updated curriculum via official website,real
Ministry of Education Pakistan updated curriculum via official website,real
get scholarship without merit without verification pay registration fee,fake
free admission guaranteed 100% guaranteed contact agent on whatsapp,fake
earn 5000 rupees daily no merit needed pay registration fee,fake
University of Punjab started registration process for university admissions,real
HEC Pakistan issued official circular for all districts of Pakistan,real
earn 5000 rupees daily no test required register via telegram,fake
get free laptop instantly no merit needed click unknown link,fake
get free laptop instantly no merit needed join whatsapp group,fake
earn 5000 rupees daily no merit needed send money on easypaisa,fake
get free laptop instantly 100% guaranteed pay registration fee,fake
KPK Education Department released result notification for academic session 2025,real
get free laptop instantly 100% guaranteed join whatsapp group,fake
HEC Pakistan opened admission portal for all districts of Pakistan,real
free admission guaranteed instant approval register via telegram,fake
get scholarship without merit no test required contact agent on whatsapp,fake
get job without exam no merit needed register via telegram,fake
Punjab Board opened admission portal for academic session 2025,real
University of Punjab started registration process for all districts of Pakistan,real
get scholarship without merit no test required contact agent on whatsapp,fake
get free laptop instantly without verification send money on easypaisa,fake
free admission guaranteed no test required join whatsapp group,fake
Sindh Board started registration process for university admissions,real
KPK Education Department issued official circular under government policy,real
Ministry of Education Pakistan approved scholarship program for university admissions,real
get job without exam without verification register via telegram,fake
get free laptop instantly no merit needed register via telegram,fake
Punjab Board issued official circular for university admissions,real
FBISE started registration process under government policy,real
FBISE released result notification for university admissions,real
get free laptop instantly without verification click unknown link,fake
University of Punjab opened admission portal via official website,real
earn 5000 rupees daily no test required register via telegram,fake
earn 5000 rupees daily no merit needed join whatsapp group,fake
get free laptop instantly no merit needed click unknown link,fake
earn 5000 rupees daily no test required click unknown link,fake
receive cash reward 100% guaranteed send money on easypaisa,fake
KPK Education Department released result notification for intermediate students,real
get job without exam no merit needed register via telegram,fake
Ministry of Education Pakistan released result notification for university admissions,real
Ministry of Education Pakistan issued official circular under government policy,real
get job without exam 100% guaranteed contact agent on whatsapp,fake
get free laptop instantly 100% guaranteed join whatsapp group,fake
get free laptop instantly 100% guaranteed register via telegram,fake
Punjab Board published merit list for academic session 2025,real
get free laptop instantly 100% guaranteed pay registration fee,fake
Punjab Board opened admission portal via official website,real
get job without exam no merit needed send money on easypaisa,fake
get scholarship without merit instant approval contact agent on whatsapp,fake
Punjab Board published merit list for intermediate students,real
FBISE announced exam schedule for academic session 2025,real
Ministry of Education Pakistan released result notification under government policy,real
Punjab Board released result notification for intermediate students,real
KPK Education Department published merit list under government policy,real
Ministry of Education Pakistan released date sheet for academic session 2025,real
HEC Pakistan published merit list for academic session 2025,real
Ministry of Education Pakistan announced exam schedule for academic session 2025,real
get scholarship without merit no merit needed click unknown link,fake
get scholarship without merit instant approval contact agent on whatsapp,fake
FBISE declared exam dates via official website,real
get job without exam no merit needed click unknown link,fake
receive cash reward no test required contact agent on whatsapp,fake
KPK Education Department issued official circular for university admissions,real
Ministry of Education Pakistan announced exam schedule via official website,real
receive cash reward 100% guaranteed pay registration fee,fake
get free laptop instantly no merit needed click unknown link,fake
get scholarship without merit instant approval click unknown link,fake
HEC Pakistan updated curriculum for intermediate students,real
get scholarship without merit without verification register via telegram,fake
University of Punjab opened admission portal under government policy,real
HEC Pakistan updated curriculum via official website,real
Punjab Board approved scholarship program via official website,real
Punjab Board approved scholarship program for university admissions,real
FBISE updated curriculum under government policy,real
earn 5000 rupees daily no merit needed click unknown link,fake
receive cash reward instant approval join whatsapp group,fake
get scholarship without merit no merit needed click unknown link,fake
get free laptop instantly 100% guaranteed join whatsapp group,fake
HEC Pakistan published merit list for all districts of Pakistan,real
HEC Pakistan released result notification via official website,real
free admission guaranteed instant approval join whatsapp group,fake
get scholarship without merit instant approval join whatsapp group,fake
get job without exam no test required contact agent on whatsapp,fake
earn 5000 rupees daily no test required join whatsapp group,fake
get job without exam 100% guaranteed register via telegram,fake
get free laptop instantly no test required join whatsapp group,fake
HEC Pakistan released date sheet under government policy,real
Ministry of Education Pakistan released result notification via official website,real
get job without exam no test required contact agent on whatsapp,fake
free admission guaranteed without verification pay registration fee,fake
Punjab Board started registration process via official website,real
KPK Education Department opened admission portal under government policy,real
get free laptop instantly without verification contact agent on whatsapp,fake
Sindh Board opened admission portal under government policy,real
earn 5000 rupees daily without verification contact agent on whatsapp,fake
get scholarship without merit instant approval click unknown link,fake
receive cash reward 100% guaranteed send money on easypaisa,fake
get job without exam no test required contact agent on whatsapp,fake
HEC Pakistan updated curriculum for intermediate students,real
earn 5000 rupees daily 100% guaranteed send money on easypaisa,fake
get job without exam instant approval join whatsapp group,fake
University of Punjab approved scholarship program for university admissions,real
HEC Pakistan declared exam dates via official website,real
free admission guaranteed no test required register via telegram,fake
HEC Pakistan released result notification for academic session 2025,real
earn 5000 rupees daily instant approval join whatsapp group,fake
earn 5000 rupees daily without verification click unknown link,fake
get job without exam no test required register via telegram,fake
Punjab Board announced exam schedule for all districts of Pakistan,real
Sindh Board published merit list for university admissions,real
University of Punjab started registration process for all districts of Pakistan,real
free admission guaranteed 100% guaranteed register via telegram,fake
University of Punjab issued official circular for academic session 2025,real
get free laptop instantly instant approval click unknown link,fake
get free laptop instantly without verification join whatsapp group,fake
get job without exam no merit needed pay registration fee,fake
KPK Education Department released result notification for university admissions,real
Punjab Board updated curriculum for university admissions,real
get scholarship without merit instant approval join whatsapp group,fake
earn 5000 rupees daily no test required join whatsapp group,fake
University of Punjab issued official circular for intermediate students,real
Sindh Board released result notification via official website,real
earn 5000 rupees daily instant approval register via telegram,fake
HEC Pakistan issued official circular under government policy,real
University of Punjab released result notification for all districts of Pakistan,real
get scholarship without merit no merit needed register via telegram,fake
get scholarship without merit without verification contact agent on whatsapp,fake
earn 5000 rupees daily no test required click unknown link,fake
get job without exam no merit needed send money on easypaisa,fake
University of Punjab published merit list for all districts of Pakistan,real
Ministry of Education Pakistan released result notification for university admissions,real
FBISE updated curriculum via official website,real
free admission guaranteed instant approval register via telegram,fake
Ministry of Education Pakistan announced exam schedule for university admissions,real
University of Punjab issued official circular under government policy,real
University of Punjab issued official circular for intermediate students,real
FBISE started registration process via official website,real
Punjab Board announced exam schedule for academic session 2025,real
HEC Pakistan started registration process via official website,real
receive cash reward no test required click unknown link,fake
KPK Education Department opened admission portal for all districts of Pakistan,real
receive cash reward instant approval contact agent on whatsapp,fake
Sindh Board updated curriculum for all districts of Pakistan,real
get free laptop instantly no test required contact agent on whatsapp,fake
receive cash reward no merit needed contact agent on whatsapp,fake
Punjab Board released result notification via official website,real
Punjab Board updated curriculum for intermediate students,real
receive cash reward instant approval register via telegram,fake
get free laptop instantly without verification register via telegram,fake
Ministry of Education Pakistan published merit list under government policy,real
Ministry of Education Pakistan published merit list for all districts of Pakistan,real
get job without exam instant approval contact agent on whatsapp,fake
earn 5000 rupees daily no merit needed join whatsapp group,fake
FBISE approved scholarship program for all districts of Pakistan,real
HEC Pakistan announced exam schedule under government policy,real
free admission guaranteed no test required click unknown link,fake
get free laptop instantly instant approval register via telegram,fake
earn 5000 rupees daily 100% guaranteed send money on easypaisa,fake
get job without exam no test required pay registration fee,fake
Ministry of Education Pakistan issued official circular for academic session 2025,real
Ministry of Education Pakistan started registration process for all districts of Pakistan,real
Punjab Board issued official circular for academic session 2025,real
receive cash reward without verification pay registration fee,fake
University of Punjab declared exam dates via official website,real
get free laptop instantly instant approval send money on easypaisa,fake
get scholarship without merit without verification join whatsapp group,fake
get scholarship without merit no test required click unknown link,fake
Punjab Board updated curriculum for intermediate students,real
receive cash reward 100% guaranteed contact agent on whatsapp,fake
Sindh Board released result notification under government policy,real
FBISE started registration process for university admissions,real
earn 5000 rupees daily instant approval send money on easypaisa,fake
free admission guaranteed 100% guaranteed join whatsapp group,fake
get job without exam without verification join whatsapp group,fake
HEC Pakistan released date sheet for academic session 2025,real
HEC Pakistan published merit list via official website,real
earn 5000 rupees daily 100% guaranteed click unknown link,fake
KPK Education Department issued official circular for university admissions,real
HEC Pakistan approved scholarship program for academic session 2025,real
earn 5000 rupees daily no merit needed pay registration fee,fake
Punjab Board published merit list under government policy,real
HEC Pakistan announced exam schedule for intermediate students,real
earn 5000 rupees daily 100% guaranteed contact agent on whatsapp,fake
earn 5000 rupees daily no merit needed click unknown link,fake
free admission guaranteed no merit needed send money on easypaisa,fake
earn 5000 rupees daily no test required click unknown link,fake
receive cash reward 100% guaranteed register via telegram,fake
get free laptop instantly 100% guaranteed register via telegram,fake
University of Punjab released date sheet via official website,real
Sindh Board declared exam dates for all districts of Pakistan,real
KPK Education Department declared exam dates for all districts of Pakistan,real
get free laptop instantly no merit needed send money on easypaisa,fake
Sindh Board started registration process for academic session 2025,real
University of Punjab approved scholarship program for university admissions,real
HEC Pakistan updated curriculum under government policy,real
earn 5000 rupees daily 100% guaranteed register via telegram,fake
Punjab Board published merit list under government policy,real
FBISE published merit list for intermediate students,real
get scholarship without merit 100% guaranteed click unknown link,fake
Punjab Board started registration process via official website,real
get job without exam 100% guaranteed contact agent on whatsapp,fake
FBISE declared exam dates via official website,real
Ministry of Education Pakistan opened admission portal for all districts of Pakistan,real
get job without exam without verification join whatsapp group,fake
Sindh Board published merit list via official website,real
University of Punjab published merit list for all districts of Pakistan,real
Ministry of Education Pakistan updated curriculum for intermediate students,real
Punjab Board issued official circular for intermediate students,real
earn 5000 rupees daily instant approval join whatsapp group,fake
earn 5000 rupees daily instant approval contact agent on whatsapp,fake
FBISE released result notification for intermediate students,real
earn 5000 rupees daily instant approval contact agent on whatsapp,fake
Sindh Board started registration process for intermediate students,real
Sindh Board released result notification for intermediate students,real
earn 5000 rupees daily 100% guaranteed send money on easypaisa,fake
Punjab Board updated curriculum for all districts of Pakistan,real
University of Punjab released date sheet under government policy,real
receive cash reward no merit needed send money on easypaisa,fake
receive cash reward instant approval contact agent on whatsapp,fake
KPK Education Department updated curriculum for academic session 2025,real
Ministry of Education Pakistan approved scholarship program for university admissions,real
University of Punjab announced exam schedule for academic session 2025,real
University of Punjab released result notification via official website,real
Sindh Board approved scholarship program for intermediate students,real
receive cash reward instant approval join whatsapp group,fake
HEC Pakistan released date sheet under government policy,real
KPK Education Department announced exam schedule under government policy,real
University of Punjab started registration process for all districts of Pakistan,real
KPK Education Department released date sheet via official website,real
KPK Education Department announced exam schedule under government policy,real
Punjab Board declared exam dates for all districts of Pakistan,real
University of Punjab opened admission portal for university admissions,real
HEC Pakistan started registration process for university admissions,real
get free laptop instantly no merit needed click unknown link,fake
Ministry of Education Pakistan opened admission portal for academic session 2025,real
FBISE announced exam schedule for intermediate students,real
University of Punjab announced exam schedule under government policy,real
earn 5000 rupees daily no test required contact agent on whatsapp,fake
receive cash reward without verification click unknown link,fake
University of Punjab approved scholarship program for university admissions,real
earn 5000 rupees daily without verification join whatsapp group,fake
free admission guaranteed instant approval click unknown link,fake
get job without exam 100% guaranteed click unknown link,fake
free admission guaranteed without verification register via telegram,fake
free admission guaranteed no merit needed contact agent on whatsapp,fake
get scholarship without merit 100% guaranteed contact agent on whatsapp,fake
University of Punjab opened admission portal for academic session 2025,real
FBISE started registration process for academic session 2025,real
Punjab Board released result notification for intermediate students,real
KPK Education Department approved scholarship program for all districts of Pakistan,real
Sindh Board released date sheet via official website,real
Sindh Board approved scholarship program for university admissions,real
Sindh Board approved scholarship program for all districts of Pakistan,real
KPK Education Department started registration process for intermediate students,real
KPK Education Department announced exam schedule via official website,real
Punjab Board approved scholarship program via official website,real
get free laptop instantly no test required click unknown link,fake
get job without exam no test required send money on easypaisa,fake
free admission guaranteed 100% guaranteed click unknown link,fake
earn 5000 rupees daily no merit needed register via telegram,fake
get free laptop instantly without verification click unknown link,fake
get scholarship without merit no merit needed register via telegram,fake
KPK Education Department started registration process via official website,real
receive cash reward no merit needed click unknown link,fake
receive cash reward no test required register via telegram,fake
receive cash reward without verification pay registration fee,fake
Ministry of Education Pakistan released result notification via official website,real
Ministry of Education Pakistan issued official circular under government policy,real
HEC Pakistan started registration process under government policy,real
earn 5000 rupees daily no test required click unknown link,fake
get free laptop instantly 100% guaranteed send money on easypaisa,fake
receive cash reward no test required pay registration fee,fake
Sindh Board started registration process for all districts of Pakistan,real
receive cash reward 100% guaranteed join whatsapp group,fake
Sindh Board announced exam schedule for university admissions,real
free admission guaranteed 100% guaranteed join whatsapp group,fake
earn 5000 rupees daily no merit needed register via telegram,fake
Punjab Board opened admission portal for intermediate students,real
HEC Pakistan published merit list via official website,real
FBISE approved scholarship program for university admissions,real
HEC Pakistan updated curriculum under government policy,real
receive cash reward no test required send money on easypaisa,fake
Sindh Board approved scholarship program for intermediate students,real
Ministry of Education Pakistan published merit list for academic session 2025,real
KPK Education Department started registration process under government policy,real
Punjab Board updated curriculum for university admissions,real
earn 5000 rupees daily no merit needed join whatsapp group,fake
University of Punjab published merit list for intermediate students,real
HEC Pakistan published merit list for intermediate students,real
get job without exam no merit needed contact agent on whatsapp,fake
free admission guaranteed no merit needed click unknown link,fake
KPK Education Department published merit list under government policy,real
get job without exam instant approval send money on easypaisa,fake
receive cash reward 100% guaranteed click unknown link,fake
get job without exam without verification contact agent on whatsapp,fake
get free laptop instantly instant approval pay registration fee,fake
Ministry of Education Pakistan declared exam dates for university admissions,real
Punjab Board published merit list via official website,real
KPK Education Department announced exam schedule for all districts of Pakistan,real
get free laptop instantly no test required click unknown link,fake
KPK Education Department started registration process under government policy,real
earn 5000 rupees daily 100% guaranteed click unknown link,fake
earn 5000 rupees daily instant approval send money on easypaisa,fake
get free laptop instantly instant approval join whatsapp group,fake
receive cash reward 100% guaranteed contact agent on whatsapp,fake
KPK Education Department published merit list under government policy,real
Sindh Board published merit list for all districts of Pakistan,real
HEC Pakistan issued official circular for academic session 2025,real
get scholarship without merit without verification register via telegram,fake
Ministry of Education Pakistan updated curriculum for university admissions,real
Sindh Board approved scholarship program for academic session 2025,real
KPK Education Department announced exam schedule for university admissions,real
get job without exam no merit needed join whatsapp group,fake
University of Punjab released date sheet for university admissions,real
free admission guaranteed no merit needed contact agent on whatsapp,fake
HEC Pakistan approved scholarship program for intermediate students,real
free admission guaranteed no merit needed click unknown link,fake
get scholarship without merit without verification register via telegram,fake
University of Punjab announced exam schedule for university admissions,real
HEC Pakistan announced exam schedule for all districts of Pakistan,real
get scholarship without merit instant approval click unknown link,fake
HEC Pakistan declared exam dates for all districts of Pakistan,real
University of Punjab issued official circular for academic session 2025,real
HEC Pakistan released date sheet via official website,real
get scholarship without merit without verification register via telegram,fake
KPK Education Department updated curriculum for intermediate students,real
Sindh Board updated curriculum for academic session 2025,real
HEC Pakistan declared exam dates via official website,real
get job without exam 100% guaranteed join whatsapp group,fake
earn 5000 rupees daily no test required register via telegram,fake
free admission guaranteed without verification contact agent on whatsapp,fake
HEC Pakistan published merit list for academic session 2025,real
get scholarship without merit no merit needed join whatsapp group,fake
University of Punjab announced exam schedule via official website,real
receive cash reward instant approval join whatsapp group,fake
free admission guaranteed no test required contact agent on whatsapp,fake
Sindh Board opened admission portal via official website,real
Punjab Board announced exam schedule for university admissions,real
get free laptop instantly no test required register via telegram,fake
FBISE released date sheet via official website,real
HEC Pakistan issued official circular for intermediate students,real
Ministry of Education Pakistan issued official circular for academic session 2025,real
Sindh Board published merit list for intermediate students,real
HEC Pakistan started registration process via official website,real
receive cash reward no test required pay registration fee,fake
KPK Education Department declared exam dates for academic session 2025,real
FBISE opened admission portal for intermediate students,real
free admission guaranteed no test required click unknown link,fake
Punjab Board updated curriculum under government policy,real
get job without exam no merit needed click unknown link,fake
get free laptop instantly without verification click unknown link,fake
free admission guaranteed without verification click unknown link,fake
earn 5000 rupees daily 100% guaranteed contact agent on whatsapp,fake
earn 5000 rupees daily without verification send money on easypaisa,fake
KPK Education Department released date sheet for all districts of Pakistan,real
FBISE approved scholarship program under government policy,real
Ministry of Education Pakistan issued official circular for academic session 2025,real
Sindh Board released date sheet under government policy,real
free admission guaranteed no test required click unknown link,fake
get job without exam instant approval register via telegram,fake
University of Punjab approved scholarship program under government policy,real
receive cash reward instant approval join whatsapp group,fake
Ministry of Education Pakistan approved scholarship program under government policy,real
free admission guaranteed no test required contact agent on whatsapp,fake
University of Punjab released result notification for university admissions,real
HEC Pakistan approved scholarship program for all districts of Pakistan,real
free admission guaranteed instant approval register via telegram,fake
Punjab Board declared exam dates via official website,real
get free laptop instantly instant approval send money on easypaisa,fake
free admission guaranteed instant approval contact agent on whatsapp,fake
receive cash reward no test required pay registration fee,fake
HEC Pakistan started registration process for intermediate students,real
get free laptop instantly without verification contact agent on whatsapp,fake
Punjab Board opened admission portal via official website,real
Sindh Board opened admission portal under government policy,real
KPK Education Department issued official circular under government policy,real
Punjab Board issued official circular under government policy,real
HEC Pakistan opened admission portal under government policy,real
HEC Pakistan opened admission portal via official website,real
Ministry of Education Pakistan approved scholarship program under government policy,real
free admission guaranteed no merit needed contact agent on whatsapp,fake
get scholarship without merit no test required send money on easypaisa,fake
University of Punjab opened admission portal via official website,real
get job without exam instant approval click unknown link,fake
Sindh Board started registration process via official website,real
KPK Education Department released result notification for all districts of Pakistan,real
receive cash reward without verification click unknown link,fake
Punjab Board updated curriculum for all districts of Pakistan,real
University of Punjab released date sheet for academic session 2025,real
get free laptop instantly instant approval pay registration fee,fake
get free laptop instantly 100% guaranteed send money on easypaisa,fake
earn 5000 rupees daily without verification register via telegram,fake
earn 5000 rupees daily instant approval join whatsapp group,fake
get scholarship without merit instant approval pay registration fee,fake
free admission guaranteed no merit needed send money on easypaisa,fake
HEC Pakistan released date sheet for university admissions,real
get scholarship without merit 100% guaranteed pay registration fee,fake
HEC Pakistan released result notification for intermediate students,real
get scholarship without merit instant approval join whatsapp group,fake
earn 5000 rupees daily without verification contact agent on whatsapp,fake
FBISE updated curriculum for intermediate students,real
Punjab Board released result notification for intermediate students,real
Punjab Board declared exam dates for academic session 2025,real
earn 5000 rupees daily 100% guaranteed contact agent on whatsapp,fake
get free laptop instantly instant approval register via telegram,fake
receive cash reward no merit needed send money on easypaisa,fake
free admission guaranteed without verification contact agent on whatsapp,fake
KPK Education Department updated curriculum for academic session 2025,real
receive cash reward no test required register via telegram,fake
HEC Pakistan declared exam dates for all districts of Pakistan,real
KPK Education Department released date sheet under government policy,real
Punjab Board announced exam schedule for academic session 2025,real
Ministry of Education Pakistan issued official circular via official website,real
get free laptop instantly instant approval contact agent on whatsapp,fake
get free laptop instantly no merit needed send money on easypaisa,fake
get free laptop instantly no merit needed register via telegram,fake
FBISE updated curriculum under government policy,real
HEC Pakistan approved scholarship program via official website,real
earn 5000 rupees daily without verification click unknown link,fake
KPK Education Department updated curriculum for academic session 2025,real
receive cash reward 100% guaranteed contact agent on whatsapp,fake
Sindh Board announced exam schedule for intermediate students,real
KPK Education Department updated curriculum for intermediate students,real
Sindh Board declared exam dates for intermediate students,real
FBISE published merit list for academic session 2025,real
free admission guaranteed 100% guaranteed send money on easypaisa,fake
Punjab Board issued official circular for all districts of Pakistan,real
Sindh Board published merit list for academic session 2025,real
free admission guaranteed 100% guaranteed register via telegram,fake
University of Punjab opened admission portal for academic session 2025,real
earn 5000 rupees daily without verification pay registration fee,fake
get job without exam 100% guaranteed join whatsapp group,fake
get scholarship without merit no merit needed pay registration fee,fake
KPK Education Department issued official circular for university admissions,real
HEC Pakistan announced exam schedule via official website,real
get job without exam 100% guaranteed click unknown link,fake
receive cash reward no test required contact agent on whatsapp,fake
get scholarship without merit no merit needed click unknown link,fake
get free laptop instantly 100% guaranteed click unknown link,fake
receive cash reward instant approval register via telegram,fake
earn 5000 rupees daily 100% guaranteed send money on easypaisa,fake
get free laptop instantly without verification send money on easypaisa,fake
FBISE released result notification via official website,real
University of Punjab started registration process under government policy,real
free admission guaranteed instant approval pay registration fee,fake
Ministry of Education Pakistan announced exam schedule under government policy,real
Sindh Board approved scholarship program via official website,real
University of Punjab declared exam dates under government policy,real
KPK Education Department published merit list for intermediate students,real
HEC Pakistan started registration process under government policy,real
KPK Education Department announced exam schedule for academic session 2025,real
FBISE released date sheet for intermediate students,real
KPK Education Department declared exam dates via official website,real
earn 5000 rupees daily instant approval send money on easypaisa,fake
get free laptop instantly no test required register via telegram,fake
receive cash reward no test required register via telegram,fake
get free laptop instantly no merit needed send money on easypaisa,fake
KPK Education Department opened admission portal via official website,real
HEC Pakistan approved scholarship program for all districts of Pakistan,real
Ministry of Education Pakistan approved scholarship program for academic session 2025,real
Sindh Board updated curriculum for all districts of Pakistan,real
KPK Education Department released date sheet for university admissions,real
earn 5000 rupees daily 100% guaranteed register via telegram,fake
HEC Pakistan released result notification under government policy,real
FBISE issued official circular for intermediate students,real
KPK Education Department published merit list for academic session 2025,real
Punjab Board released result notification for university admissions,real
free admission guaranteed 100% guaranteed send money on easypaisa,fake
University of Punjab declared exam dates for university admissions,real
get scholarship without merit no test required click unknown link,fake
receive cash reward no merit needed join whatsapp group,fake
Sindh Board declared exam dates for intermediate students,real
earn 5000 rupees daily without verification join whatsapp group,fake
FBISE updated curriculum for university admissions,real
get job without exam without verification pay registration fee,fake
earn 5000 rupees daily without verification pay registration fee,fake
receive cash reward instant approval click unknown link,fake
Punjab Board started registration process under government policy,real
get job without exam instant approval click unknown link,fake
get free laptop instantly no merit needed join whatsapp group,fake
University of Punjab updated curriculum for all districts of Pakistan,real
free admission guaranteed instant approval send money on easypaisa,fake
receive cash reward instant approval click unknown link,fake
FBISE released date sheet for university admissions,real
FBISE announced exam schedule via official website,real
earn 5000 rupees daily instant approval join whatsapp group,fake
Punjab Board updated curriculum for university admissions,real
Ministry of Education Pakistan announced exam schedule for intermediate students,real
KPK Education Department published merit list for intermediate students,real
receive cash reward no merit needed join whatsapp group,fake
get job without exam 100% guaranteed join whatsapp group,fake
FBISE opened admission portal for intermediate students,real
receive cash reward no test required send money on easypaisa,fake
Punjab Board announced exam schedule for academic session 2025,real
get job without exam without verification join whatsapp group,fake
FBISE released date sheet under government policy,real
free admission guaranteed 100% guaranteed pay registration fee,fake
get scholarship without merit no merit needed pay registration fee,fake
Punjab Board published merit list via official website,real
free admission guaranteed without verification click unknown link,fake
get scholarship without merit no test required pay registration fee,fake
earn 5000 rupees daily instant approval click unknown link,fake
earn 5000 rupees daily instant approval contact agent on whatsapp,fake
get scholarship without merit instant approval register via telegram,fake
HEC Pakistan started registration process for academic session 2025,real
earn 5000 rupees daily instant approval click unknown link,fake
KPK Education Department released date sheet for academic session 2025,real
KPK Education Department declared exam dates for all districts of Pakistan,real
University of Punjab published merit list for intermediate students,real
free admission guaranteed no merit needed pay registration fee,fake
University of Punjab updated curriculum for academic session 2025,real
receive cash reward 100% guaranteed register via telegram,fake
get job without exam no test required pay registration fee,fake
earn 5000 rupees daily no merit needed contact agent on whatsapp,fake
Ministry of Education Pakistan opened admission portal for all districts of Pakistan,real
get scholarship without merit 100% guaranteed register via telegram,fake
Punjab Board released date sheet under government policy,real
HEC Pakistan released result notification under government policy,real
University of Punjab declared exam dates under government policy,real
University of Punjab declared exam dates for academic session 2025,real
free admission guaranteed without verification register via telegram,fake
Ministry of Education Pakistan approved scholarship program under government policy,real
KPK Education Department issued official circular via official website,real
HEC Pakistan updated curriculum for intermediate students,real
University of Punjab opened admission portal for academic session 2025,real
HEC Pakistan issued official circular for academic session 2025,real
receive cash reward no merit needed send money on easypaisa,fake
HEC Pakistan announced exam schedule for all districts of Pakistan,real
earn 5000 rupees daily without verification join whatsapp group,fake
Sindh Board updated curriculum under government policy,real
earn 5000 rupees daily instant approval pay registration fee,fake
Punjab Board updated curriculum via official website,real
earn 5000 rupees daily no test required contact agent on whatsapp,fake
University of Punjab updated curriculum via official website,real
free admission guaranteed 100% guaranteed click unknown link,fake
Sindh Board released date sheet for all districts of Pakistan,real
free admission guaranteed without verification contact agent on whatsapp,fake
KPK Education Department released result notification for all districts of Pakistan,real
University of Punjab declared exam dates for university admissions,real
Ministry of Education Pakistan released date sheet for academic session 2025,real
free admission guaranteed no test required send money on easypaisa,fake
University of Punjab started registration process for university admissions,real
Sindh Board published merit list under government policy,real
HEC Pakistan released result notification for university admissions,real
get job without exam no test required send money on easypaisa,fake
receive cash reward no test required join whatsapp group,fake
University of Punjab approved scholarship program for all districts of Pakistan,real
get scholarship without merit 100% guaranteed register via telegram,fake
University of Punjab approved scholarship program under government policy,real
University of Punjab released date sheet for academic session 2025,real
FBISE opened admission portal for academic session 2025,real
Sindh Board issued official circular via official website,real
HEC Pakistan issued official circular for all districts of Pakistan,real
FBISE updated curriculum for academic session 2025,real
free admission guaranteed no merit needed pay registration fee,fake
Punjab Board issued official circular for intermediate students,real
free admission guaranteed 100% guaranteed send money on easypaisa,fake
get scholarship without merit instant approval click unknown link,fake
receive cash reward no test required send money on easypaisa,fake
earn 5000 rupees daily instant approval send money on easypaisa,fake
HEC Pakistan declared exam dates for academic session 2025,real
HEC Pakistan announced exam schedule for all districts of Pakistan,real
Punjab Board started registration process via official website,real
KPK Education Department approved scholarship program for university admissions,real
FBISE approved scholarship program for university admissions,real
Sindh Board released result notification for all districts of Pakistan,real
receive cash reward without verification register via telegram,fake
FBISE released result notification for university admissions,real
University of Punjab issued official circular via official website,real
get free laptop instantly without verification contact agent on whatsapp,fake
get scholarship without merit 100% guaranteed send money on easypaisa,fake
Sindh Board opened admission portal for academic session 2025,real
get free laptop instantly no merit needed join whatsapp group,fake
Sindh Board released date sheet under government policy,real
free admission guaranteed 100% guaranteed send money on easypaisa,fake
free admission guaranteed no test required join whatsapp group,fake
get job without exam without verification join whatsapp group,fake
HEC Pakistan released result notification under government policy,real
Sindh Board declared exam dates for intermediate students,real
Punjab Board approved scholarship program via official website,real
Ministry of Education Pakistan updated curriculum for university admissions,real
earn 5000 rupees daily no test required click unknown link,fake
earn 5000 rupees daily no test required send money on easypaisa,fake
earn 5000 rupees daily no test required join whatsapp group,fake
Punjab Board approved scholarship program under government policy,real
get scholarship without merit without verification contact agent on whatsapp,fake
receive cash reward 100% guaranteed join whatsapp group,fake
earn 5000 rupees daily instant approval click unknown link,fake
HEC Pakistan issued official circular for academic session 2025,real
KPK Education Department approved scholarship program for academic session 2025,real
get scholarship without merit 100% guaranteed pay registration fee,fake
Sindh Board issued official circular under government policy,real
earn 5000 rupees daily without verification register via telegram,fake
free admission guaranteed without verification send money on easypaisa,fake
FBISE announced exam schedule via official website,real
University of Punjab approved scholarship program for academic session 2025,real
earn 5000 rupees daily instant approval join whatsapp group,fake
get free laptop instantly no test required join whatsapp group,fake
get job without exam instant approval click unknown link,fake
HEC Pakistan updated curriculum via official website,real
Sindh Board declared exam dates via official website,real
free admission guaranteed without verification click unknown link,fake
get free laptop instantly without verification pay registration fee,fake
University of Punjab started registration process for academic session 2025,real
HEC Pakistan updated curriculum for academic session 2025,real
Ministry of Education Pakistan released result notification via official website,real
get scholarship without merit no test required join whatsapp group,fake
receive cash reward no test required click unknown link,fake
earn 5000 rupees daily 100% guaranteed click unknown link,fake
Punjab Board started registration process for intermediate students,real
Sindh Board opened admission portal for all districts of Pakistan,real
earn 5000 rupees daily instant approval join whatsapp group,fake
FBISE issued official circular for intermediate students,real
get free laptop instantly instant approval register via telegram,fake
Punjab Board announced exam schedule for academic session 2025,real
get job without exam without verification register via telegram,fake
HEC Pakistan released date sheet via official website,real
earn 5000 rupees daily no merit needed contact agent on whatsapp,fake
receive cash reward no merit needed join whatsapp group,fake
Sindh Board declared exam dates for intermediate students,real
Punjab Board released result notification for university admissions,real
FBISE declared exam dates under government policy,real
earn 5000 rupees daily without verification contact agent on whatsapp,fake
FBISE opened admission portal for all districts of Pakistan,real
get scholarship without merit no test required join whatsapp group,fake
get free laptop instantly without verification send money on easypaisa,fake
get free laptop instantly instant approval send money on easypaisa,fake
free admission guaranteed instant approval join whatsapp group,fake
Ministry of Education Pakistan published merit list under government policy,real
HEC Pakistan declared exam dates under government policy,real
FBISE updated curriculum for academic session 2025,real
get free laptop instantly 100% guaranteed register via telegram,fake
earn 5000 rupees daily 100% guaranteed contact agent on whatsapp,fake
get free laptop instantly no test required contact agent on whatsapp,fake
get job without exam no merit needed pay registration fee,fake
Sindh Board declared exam dates for university admissions,real
KPK Education Department published merit list for university admissions,real
get free laptop instantly without verification join whatsapp group,fake
KPK Education Department approved scholarship program for intermediate students,real
receive cash reward no merit needed join whatsapp group,fake
receive cash reward instant approval contact agent on whatsapp,fake
get free laptop instantly 100% guaranteed join whatsapp group,fake
Punjab Board updated curriculum via official website,real
get scholarship without merit without verification register via telegram,fake
get free laptop instantly without verification register via telegram,fake
University of Punjab opened admission portal for university admissions,real
FBISE released result notification for intermediate students,real
Ministry of Education Pakistan started registration process for all districts of Pakistan,real
get free laptop instantly without verification register via telegram,fake
receive cash reward no test required click unknown link,fake
get job without exam instant approval send money on easypaisa,fake
earn 5000 rupees daily 100% guaranteed click unknown link,fake
University of Punjab published merit list via official website,real
get job without exam without verification send money on easypaisa,fake
University of Punjab issued official circular for university admissions,real
get free laptop instantly no test required click unknown link,fake
get job without exam 100% guaranteed join whatsapp group,fake
earn 5000 rupees daily without verification register via telegram,fake
get job without exam no merit needed contact agent on whatsapp,fake
University of Punjab approved scholarship program for all districts of Pakistan,real
free admission guaranteed no test required join whatsapp group,fake
get free laptop instantly instant approval contact agent on whatsapp,fake
Punjab Board declared exam dates for university admissions,real
receive cash reward no test required join whatsapp group,fake
receive cash reward without verification click unknown link,fake
University of Punjab started registration process under government policy,real
Sindh Board published merit list under government policy,real
earn 5000 rupees daily no merit needed click unknown link,fake
HEC Pakistan announced exam schedule for academic session 2025,real
get scholarship without merit no merit needed join whatsapp group,fake
University of Punjab started registration process for university admissions,real
University of Punjab announced exam schedule for intermediate students,real
receive cash reward instant approval pay registration fee,fake
FBISE released result notification for university admissions,real
FBISE issued official circular for all districts of Pakistan,real
earn 5000 rupees daily without verification click unknown link,fake
HEC Pakistan announced exam schedule for all districts of Pakistan,real
Punjab Board published merit list for academic session 2025,real
get free laptop instantly 100% guaranteed click unknown link,fake
HEC Pakistan issued official circular for all districts of Pakistan,real
free admission guaranteed no test required send money on easypaisa,fake
receive cash reward 100% guaranteed contact agent on whatsapp,fake
get scholarship without merit 100% guaranteed register via telegram,fake
Punjab Board released date sheet for intermediate students,real
Sindh Board released result notification via official website,real
get job without exam no test required pay registration fee,fake
get scholarship without merit no merit needed send money on easypaisa,fake
earn 5000 rupees daily without verification pay registration fee,fake
free admission guaranteed 100% guaranteed contact agent on whatsapp,fake
University of Punjab opened admission portal for intermediate students,real
earn 5000 rupees daily 100% guaranteed send money on easypaisa,fake
get job without exam no test required pay registration fee,fake
get job without exam 100% guaranteed click unknown link,fake
University of Punjab declared exam dates via official website,real
University of Punjab declared exam dates for university admissions,real
earn 5000 rupees daily no merit needed click unknown link,fake
University of Punjab released result notification for university admissions,real
KPK Education Department started registration process for all districts of Pakistan,real
FBISE declared exam dates for academic session 2025,real
Sindh Board opened admission portal via official website,real
University of Punjab approved scholarship program under government policy,real
KPK Education Department released date sheet for university admissions,real
Sindh Board declared exam dates under government policy,real
University of Punjab updated curriculum via official website,real
KPK Education Department updated curriculum for academic session 2025,real
FBISE announced exam schedule for intermediate students,real
KPK Education Department approved scholarship program for all districts of Pakistan,real
get free laptop instantly no test required join whatsapp group,fake
get scholarship without merit no test required click unknown link,fake
University of Punjab started registration process via official website,real
earn 5000 rupees daily instant approval join whatsapp group,fake
get scholarship without merit without verification register via telegram,fake
FBISE approved scholarship program via official website,real
free admission guaranteed instant approval contact agent on whatsapp,fake
FBISE released result notification via official website,real
earn 5000 rupees daily no test required send money on easypaisa,fake
Sindh Board started registration process for all districts of Pakistan,real
FBISE released date sheet for all districts of Pakistan,real
HEC Pakistan started registration process for university admissions,real
Ministry of Education Pakistan started registration process for academic session 2025,real
Sindh Board opened admission portal for academic session 2025,real
get scholarship without merit instant approval join whatsapp group,fake
Punjab Board released date sheet via official website,real
HEC Pakistan started registration process for all districts of Pakistan,real
get free laptop instantly no test required register via telegram,fake
KPK Education Department published merit list for academic session 2025,real
get scholarship without merit instant approval register via telegram,fake
get free laptop instantly 100% guaranteed join whatsapp group,fake
University of Punjab released date sheet for university admissions,real
KPK Education Department released date sheet for university admissions,real
Punjab Board announced exam schedule via official website,real
Sindh Board announced exam schedule under government policy,real
get free laptop instantly no merit needed click unknown link,fake
free admission guaranteed no test required join whatsapp group,fake
FBISE opened admission portal via official website,real
free admission guaranteed no test required send money on easypaisa,fake
University of Punjab issued official circular for university admissions,real
get free laptop instantly 100% guaranteed pay registration fee,fake
earn 5000 rupees daily no merit needed pay registration fee,fake
Ministry of Education Pakistan started registration process for intermediate students,real
get job without exam instant approval send money on easypaisa,fake
get job without exam 100% guaranteed send money on easypaisa,fake
free admission guaranteed no merit needed send money on easypaisa,fake
University of Punjab opened admission portal for all districts of Pakistan,real
get scholarship without merit no merit needed contact agent on whatsapp,fake
HEC Pakistan issued official circular for all districts of Pakistan,real
Punjab Board issued official circular under government policy,real
FBISE released result notification for academic session 2025,real
get scholarship without merit instant approval register via telegram,fake
earn 5000 rupees daily without verification join whatsapp group,fake
get scholarship without merit without verification register via telegram,fake
receive cash reward instant approval click unknown link,fake
free admission guaranteed no merit needed register via telegram,fake
Punjab Board issued official circular under government policy,real
Sindh Board updated curriculum for academic session 2025,real
free admission guaranteed no test required send money on easypaisa,fake
free admission guaranteed no test required contact agent on whatsapp,fake
Ministry of Education Pakistan started registration process for academic session 2025,real
get scholarship without merit no test required contact agent on whatsapp,fake
get free laptop instantly without verification send money on easypaisa,fake
get free laptop instantly no merit needed click unknown link,fake
HEC Pakistan declared exam dates via official website,real
HEC Pakistan released date sheet for intermediate students,real
free admission guaranteed no merit needed contact agent on whatsapp,fake
KPK Education Department declared exam dates for university admissions,real
University of Punjab updated curriculum for all districts of Pakistan,real
get job without exam instant approval pay registration fee,fake
HEC Pakistan issued official circular for university admissions,real
get scholarship without merit instant approval pay registration fee,fake
HEC Pakistan announced exam schedule for university admissions,real
get free laptop instantly without verification pay registration fee,fake
earn 5000 rupees daily without verification pay registration fee,fake
KPK Education Department published merit list for academic session 2025,real
Sindh Board issued official circular for academic session 2025,real
earn 5000 rupees daily instant approval send money on easypaisa,fake
get job without exam no test required click unknown link,fake
Sindh Board released result notification for academic session 2025,real
get job without exam no merit needed click unknown link,fake
free admission guaranteed no test required join whatsapp group,fake
earn 5000 rupees daily no merit needed send money on easypaisa,fake
Punjab Board opened admission portal for all districts of Pakistan,real
KPK Education Department updated curriculum under government policy,real
University of Punjab released result notification for intermediate students,real
University of Punjab published merit list via official website,real
Ministry of Education Pakistan started registration process for all districts of Pakistan,real
Ministry of Education Pakistan declared exam dates for intermediate students,real
Sindh Board updated curriculum under government policy,real
free admission guaranteed 100% guaranteed pay registration fee,fake
Punjab Board released result notification for academic session 2025,real
FBISE declared exam dates for intermediate students,real
Punjab Board announced exam schedule for all districts of Pakistan,real
Punjab Board issued official circular for all districts of Pakistan,real
receive cash reward without verification send money on easypaisa,fake
free admission guaranteed without verification click unknown link,fake
free admission guaranteed no test required send money on easypaisa,fake
get job without exam 100% guaranteed join whatsapp group,fake
get free laptop instantly without verification pay registration fee,fake
free admission guaranteed instant approval pay registration fee,fake
free admission guaranteed no test required send money on easypaisa,fake
HEC Pakistan started registration process via official website,real
free admission guaranteed 100% guaranteed contact agent on whatsapp,fake
Punjab Board started registration process for all districts of Pakistan,real
free admission guaranteed no test required send money on easypaisa,fake
Ministry of Education Pakistan approved scholarship program for intermediate students,real
receive cash reward 100% guaranteed send money on easypaisa,fake
Punjab Board updated curriculum for intermediate students,real
Ministry of Education Pakistan approved scholarship program for all districts of Pakistan,real
KPK Education Department issued official circular under government policy,real
get free laptop instantly instant approval contact agent on whatsapp,fake
get free laptop instantly no test required register via telegram,fake
HEC Pakistan issued official circular for academic session 2025,real
get job without exam 100% guaranteed send money on easypaisa,fake
earn 5000 rupees daily without verification join whatsapp group,fake
Punjab Board released date sheet for intermediate students,real
Ministry of Education Pakistan announced exam schedule for all districts of Pakistan,real
KPK Education Department announced exam schedule for academic session 2025,real
get job without exam 100% guaranteed join whatsapp group,fake
KPK Education Department updated curriculum for intermediate students,real
earn 5000 rupees daily 100% guaranteed join whatsapp group,fake
FBISE issued official circular under government policy,real
KPK Education Department published merit list for academic session 2025,real
Sindh Board opened admission portal for all districts of Pakistan,real
Punjab Board released result notification for all districts of Pakistan,real
free admission guaranteed no merit needed join whatsapp group,fake
University of Punjab released date sheet under government policy,real
HEC Pakistan published merit list for university admissions,real
University of Punjab released result notification via official website,real
KPK Education Department announced exam schedule via official website,real
get free laptop instantly instant approval join whatsapp group,fake
KPK Education Department started registration process for academic session 2025,real
get free laptop instantly no merit needed register via telegram,fake
get scholarship without merit no test required contact agent on whatsapp,fake
get scholarship without merit 100% guaranteed join whatsapp group,fake
get job without exam 100% guaranteed pay registration fee,fake
get free laptop instantly without verification click unknown link,fake
University of Punjab issued official circular for all districts of Pakistan,real
receive cash reward no test required pay registration fee,fake
get free laptop instantly no test required click unknown link,fake
get job without exam instant approval click unknown link,fake
get scholarship without merit no test required contact agent on whatsapp,fake
get free laptop instantly 100% guaranteed contact agent on whatsapp,fake
University of Punjab released date sheet for intermediate students,real
University of Punjab approved scholarship program for academic session 2025,real
get job without exam no merit needed click unknown link,fake
get free laptop instantly 100% guaranteed contact agent on whatsapp,fake
KPK Education Department issued official circular for intermediate students,real
KPK Education Department updated curriculum for academic session 2025,real
get free laptop instantly 100% guaranteed send money on easypaisa,fake
get scholarship without merit 100% guaranteed register via telegram,fake
KPK Education Department announced exam schedule for university admissions,real
Ministry of Education Pakistan released date sheet via official website,real
University of Punjab declared exam dates for academic session 2025,real
KPK Education Department released date sheet for all districts of Pakistan,real
University of Punjab approved scholarship program for all districts of Pakistan,real
receive cash reward without verification pay registration fee,fake
earn 5000 rupees daily instant approval click unknown link,fake
University of Punjab opened admission portal for intermediate students,real
get job without exam instant approval send money on easypaisa,fake
FBISE published merit list for intermediate students,real
University of Punjab published merit list for academic session 2025,real
KPK Education Department started registration process for university admissions,real
get job without exam instant approval register via telegram,fake
earn 5000 rupees daily instant approval contact agent on whatsapp,fake
HEC Pakistan started registration process for all districts of Pakistan,real
receive cash reward without verification contact agent on whatsapp,fake
KPK Education Department started registration process for all districts of Pakistan,real
get scholarship without merit no test required join whatsapp group,fake
get job without exam without verification pay registration fee,fake
Sindh Board declared exam dates under government policy,real
earn 5000 rupees daily without verification pay registration fee,fake
University of Punjab started registration process under government policy,real
get scholarship without merit no merit needed register via telegram,fake
earn 5000 rupees daily without verification join whatsapp group,fake
Punjab Board opened admission portal via official website,real
Sindh Board released date sheet under government policy,real
get free laptop instantly instant approval click unknown link,fake
KPK Education Department started registration process under government policy,real
receive cash reward no merit needed contact agent on whatsapp,fake
KPK Education Department declared exam dates for academic session 2025,real
Ministry of Education Pakistan released date sheet for academic session 2025,real
get free laptop instantly no test required send money on easypaisa,fake
KPK Education Department updated curriculum for academic session 2025,real
Sindh Board declared exam dates for academic session 2025,real
get job without exam instant approval click unknown link,fake
get free laptop instantly no test required join whatsapp group,fake
get job without exam instant approval register via telegram,fake
receive cash reward without verification send money on easypaisa,fake
earn 5000 rupees daily no test required register via telegram,fake
get job without exam 100% guaranteed pay registration fee,fake
KPK Education Department approved scholarship program for all districts of Pakistan,real
get free laptop instantly no merit needed pay registration fee,fake
free admission guaranteed no test required pay registration fee,fake
KPK Education Department declared exam dates for all districts of Pakistan,real
receive cash reward no test required join whatsapp group,fake
FBISE published merit list via official website,real
earn 5000 rupees daily 100% guaranteed join whatsapp group,fake
Sindh Board declared exam dates for university admissions,real
get scholarship without merit without verification click unknown link,fake
Sindh Board published merit list for academic session 2025,real
Sindh Board released result notification for university admissions,real
receive cash reward no test required click unknown link,fake
receive cash reward no merit needed register via telegram,fake
get free laptop instantly no test required click unknown link,fake
free admission guaranteed 100% guaranteed register via telegram,fake
HEC Pakistan declared exam dates for intermediate students,real
get scholarship without merit without verification contact agent on whatsapp,fake
get free laptop instantly without verification pay registration fee,fake
free admission guaranteed instant approval pay registration fee,fake
get job without exam 100% guaranteed join whatsapp group,fake
get job without exam 100% guaranteed click unknown link,fake
receive cash reward no merit needed contact agent on whatsapp,fake
get free laptop instantly no test required register via telegram,fake
Punjab Board announced exam schedule for academic session 2025,real
Sindh Board published merit list via official website,real
get scholarship without merit without verification click unknown link,fake
get free laptop instantly no test required contact agent on whatsapp,fake
get scholarship without merit no test required register via telegram,fake
University of Punjab released date sheet for all districts of Pakistan,real
HEC Pakistan issued official circular under government policy,real
KPK Education Department announced exam schedule for intermediate students,real
get job without exam 100% guaranteed click unknown link,fake
earn 5000 rupees daily instant approval join whatsapp group,fake
Punjab Board approved scholarship program via official website,real
University of Punjab released date sheet under government policy,real
get free laptop instantly instant approval click unknown link,fake
free admission guaranteed no merit needed pay registration fee,fake
free admission guaranteed no test required register via telegram,fake
Ministry of Education Pakistan approved scholarship program for university admissions,real
KPK Education Department released result notification for intermediate students,real
get job without exam instant approval click unknown link,fake
get job without exam without verification join whatsapp group,fake
Ministry of Education Pakistan published merit list for academic session 2025,real
University of Punjab started registration process for academic session 2025,real
get free laptop instantly 100% guaranteed send money on easypaisa,fake
KPK Education Department released date sheet via official website,real
Sindh Board started registration process for intermediate students,real
Sindh Board released date sheet under government policy,real
KPK Education Department declared exam dates under government policy,real
FBISE published merit list for intermediate students,real
get free laptop instantly instant approval contact agent on whatsapp,fake
FBISE published merit list for all districts of Pakistan,real
University of Punjab approved scholarship program for university admissions,real
get job without exam instant approval join whatsapp group,fake
HEC Pakistan released result notification for university admissions,real
Sindh Board started registration process under government policy,real
HEC Pakistan issued official circular for university admissions,real
receive cash reward without verification click unknown link,fake
KPK Education Department declared exam dates for university admissions,real
Punjab Board announced exam schedule for academic session 2025,real
get free laptop instantly no merit needed pay registration fee,fake
get job without exam instant approval pay registration fee,fake
FBISE opened admission portal for university admissions,real
free admission guaranteed no test required send money on easypaisa,fake
HEC Pakistan published merit list under government policy,real
KPK Education Department opened admission portal under government policy,real
receive cash reward without verification register via telegram,fake
Punjab Board started registration process for intermediate students,real
Sindh Board started registration process for university admissions,real
receive cash reward without verification pay registration fee,fake
University of Punjab released date sheet under government policy,real
Ministry of Education Pakistan published merit list for intermediate students,real
earn 5000 rupees daily 100% guaranteed click unknown link,fake
FBISE declared exam dates for university admissions,real
Punjab Board published merit list for academic session 2025,real
receive cash reward 100% guaranteed click unknown link,fake
Sindh Board updated curriculum for academic session 2025,real
Sindh Board released result notification for university admissions,real
earn 5000 rupees daily instant approval register via telegram,fake
HEC Pakistan announced exam schedule for academic session 2025,real
receive cash reward 100% guaranteed send money on easypaisa,fake
get job without exam instant approval send money on easypaisa,fake
University of Punjab started registration process under government policy,real
earn 5000 rupees daily without verification send money on easypaisa,fake
earn 5000 rupees daily instant approval pay registration fee,fake
Ministry of Education Pakistan opened admission portal under government policy,real
Sindh Board approved scholarship program for intermediate students,real
get scholarship without merit instant approval click unknown link,fake
Ministry of Education Pakistan issued official circular for all districts of Pakistan,real
get free laptop instantly 100% guaranteed contact agent on whatsapp,fake
Sindh Board opened admission portal under government policy,real
FBISE opened admission portal for all districts of Pakistan,real
get scholarship without merit 100% guaranteed click unknown link,fake
FBISE opened admission portal for academic session 2025,real
FBISE declared exam dates for intermediate students,real
free admission guaranteed no test required send money on easypaisa,fake
get job without exam 100% guaranteed send money on easypaisa,fake
get scholarship without merit no test required contact agent on whatsapp,fake
free admission guaranteed instant approval send money on easypaisa,fake
get free laptop instantly without verification register via telegram,fake
HEC Pakistan opened admission portal for university admissions,real
get job without exam 100% guaranteed register via telegram,fake
get free laptop instantly no test required contact agent on whatsapp,fake
free admission guaranteed no test required pay registration fee,fake
KPK Education Department opened admission portal for academic session 2025,real
receive cash reward without verification contact agent on whatsapp,fake
University of Punjab started registration process for academic session 2025,real
free admission guaranteed instant approval pay registration fee,fake
get free laptop instantly without verification click unknown link,fake
receive cash reward no merit needed register via telegram,fake
FBISE released date sheet for all districts of Pakistan,real
get scholarship without merit no test required click unknown link,fake
Ministry of Education Pakistan issued official circular via official website,real
free admission guaranteed no test required contact agent on whatsapp,fake
get job without exam no merit needed pay registration fee,fake
get scholarship without merit no test required click unknown link,fake
free admission guaranteed no merit needed click unknown link,fake
earn 5000 rupees daily instant approval click unknown link,fake
get job without exam no merit needed register via telegram,fake
get job without exam no merit needed pay registration fee,fake
receive cash reward no merit needed join whatsapp group,fake
earn 5000 rupees daily without verification register via telegram,fake
Punjab Board updated curriculum under government policy,real
receive cash reward no merit needed pay registration fee,fake
University of Punjab updated curriculum for academic session 2025,real
free admission guaranteed 100% guaranteed click unknown link,fake
Ministry of Education Pakistan announced exam schedule under government policy,real
get job without exam 100% guaranteed send money on easypaisa,fake
earn 5000 rupees daily 100% guaranteed pay registration fee,fake
earn 5000 rupees daily without verification register via telegram,fake
get job without exam instant approval register via telegram,fake
Punjab Board published merit list for intermediate students,real
KPK Education Department issued official circular for intermediate students,real
University of Punjab started registration process for academic session 2025,real
receive cash reward no test required contact agent on whatsapp,fake
free admission guaranteed no test required join whatsapp group,fake
University of Punjab issued official circular via official website,real
free admission guaranteed no test required contact agent on whatsapp,fake
HEC Pakistan declared exam dates for all districts of Pakistan,real
KPK Education Department released result notification for all districts of Pakistan,real
receive cash reward no test required join whatsapp group,fake
free admission guaranteed no test required send money on easypaisa,fake
HEC Pakistan approved scholarship program via official website,real
Ministry of Education Pakistan approved scholarship program for academic session 2025,real
free admission guaranteed without verification register via telegram,fake
get scholarship without merit 100% guaranteed contact agent on whatsapp,fake
earn 5000 rupees daily without verification contact agent on whatsapp,fake
HEC Pakistan published merit list for intermediate students,real
get job without exam instant approval join whatsapp group,fake
receive cash reward 100% guaranteed contact agent on whatsapp,fake
KPK Education Department opened admission portal for university admissions,real
free admission guaranteed 100% guaranteed register via telegram,fake
earn 5000 rupees daily without verification click unknown link,fake
earn 5000 rupees daily no merit needed contact agent on whatsapp,fake
get scholarship without merit without verification join whatsapp group,fake
get job without exam no test required click unknown link,fake
FBISE updated curriculum for academic session 2025,real
FBISE approved scholarship program under government policy,real
get job without exam instant approval register via telegram,fake
earn 5000 rupees daily no merit needed send money on easypaisa,fake
get free laptop instantly without verification send money on easypaisa,fake
Ministry of Education Pakistan approved scholarship program for university admissions,real
get job without exam without verification register via telegram,fake
earn 5000 rupees daily instant approval join whatsapp group,fake
HEC Pakistan opened admission portal for intermediate students,real
receive cash reward instant approval click unknown link,fake
free admission guaranteed no merit needed join whatsapp group,fake
get job without exam no merit needed register via telegram,fake
get job without exam no test required register via telegram,fake
Sindh Board declared exam dates via official website,real
receive cash reward instant approval click unknown link,fake
Ministry of Education Pakistan opened admission portal for all districts of Pakistan,real
get scholarship without merit no merit needed join whatsapp group,fake
get job without exam no merit needed pay registration fee,fake
FBISE declared exam dates for all districts of Pakistan,real
earn 5000 rupees daily 100% guaranteed join whatsapp group,fake
Sindh Board declared exam dates for intermediate students,real
free admission guaranteed no test required register via telegram,fake
HEC Pakistan released result notification via official website,real
free admission guaranteed no test required contact agent on whatsapp,fake
earn 5000 rupees daily 100% guaranteed send money on easypaisa,fake
earn 5000 rupees daily instant approval send money on easypaisa,fake
Sindh Board issued official circular for academic session 2025,real
Sindh Board started registration process for intermediate students,real
FBISE opened admission portal under government policy,real
get job without exam instant approval send money on easypaisa,fake
Sindh Board approved scholarship program via official website,real
get job without exam without verification pay registration fee,fake
KPK Education Department released result notification for intermediate students,real
get scholarship without merit without verification join whatsapp group,fake
get free laptop instantly no merit needed send money on easypaisa,fake
Ministry of Education Pakistan updated curriculum via official website,real
receive cash reward no test required register via telegram,fake
Ministry of Education Pakistan opened admission portal for academic session 2025,real
get job without exam no test required pay registration fee,fake
HEC Pakistan opened admission portal via official website,real
get free laptop instantly no merit needed click unknown link,fake
HEC Pakistan announced exam schedule via official website,real
HEC Pakistan approved scholarship program for all districts of Pakistan,real
FBISE published merit list via official website,real
earn 5000 rupees daily 100% guaranteed contact agent on whatsapp,fake
get scholarship without merit no merit needed contact agent on whatsapp,fake
receive cash reward instant approval click unknown link,fake
Punjab Board approved scholarship program for intermediate students,real
receive cash reward no test required click unknown link,fake
Sindh Board opened admission portal under government policy,real
receive cash reward 100% guaranteed register via telegram,fake
Punjab Board issued official circular via official website,real
get free laptop instantly no test required register via telegram,fake
get scholarship without merit no merit needed register via telegram,fake
get job without exam no test required click unknown link,fake
earn 5000 rupees daily without verification pay registration fee,fake
get free laptop instantly no merit needed join whatsapp group,fake
get free laptop instantly 100% guaranteed join whatsapp group,fake
HEC Pakistan opened admission portal for intermediate students,real
University of Punjab updated curriculum under government policy,real
get free laptop instantly without verification click unknown link,fake
KPK Education Department started registration process under government policy,real
University of Punjab updated curriculum for all districts of Pakistan,real
FBISE released result notification for academic session 2025,real
Punjab Board opened admission portal for university admissions,real
get scholarship without merit no test required pay registration fee,fake
earn 5000 rupees daily no test required pay registration fee,fake
University of Punjab approved scholarship program for university admissions,real
HEC Pakistan published merit list for all districts of Pakistan,real
Sindh Board updated curriculum under government policy,real
Sindh Board released result notification via official website,real
Punjab Board released date sheet for academic session 2025,real
free admission guaranteed instant approval send money on easypaisa,fake
get job without exam 100% guaranteed click unknown link,fake
get scholarship without merit no merit needed click unknown link,fake
get free laptop instantly instant approval contact agent on whatsapp,fake
receive cash reward without verification send money on easypaisa,fake
get free laptop instantly 100% guaranteed register via telegram,fake
HEC Pakistan approved scholarship program for intermediate students,real
earn 5000 rupees daily instant approval click unknown link,fake
Sindh Board announced exam schedule under government policy,real
earn 5000 rupees daily no merit needed pay registration fee,fake
get job without exam no test required register via telegram,fake
get job without exam 100% guaranteed contact agent on whatsapp,fake
FBISE approved scholarship program for university admissions,real
Punjab Board released result notification for all districts of Pakistan,real
free admission guaranteed without verification click unknown link,fake
FBISE issued official circular for all districts of Pakistan,real
get free laptop instantly instant approval contact agent on whatsapp,fake
earn 5000 rupees daily no merit needed register via telegram,fake
earn 5000 rupees daily no test required register via telegram,fake
receive cash reward no merit needed send money on easypaisa,fake
Sindh Board started registration process under government policy,real
get job without exam without verification send money on easypaisa,fake
get scholarship without merit 100% guaranteed contact agent on whatsapp,fake
free admission guaranteed without verification pay registration fee,fake
get scholarship without merit instant approval click unknown link,fake
Sindh Board released date sheet under government policy,real
get free laptop instantly no merit needed pay registration fee,fake
Ministry of Education Pakistan issued official circular for intermediate students,real
Punjab Board opened admission portal for all districts of Pakistan,real
Punjab Board updated curriculum for all districts of Pakistan,real
FBISE issued official circular for intermediate students,real
FBISE announced exam schedule via official website,real
HEC Pakistan updated curriculum for academic session 2025,real
Sindh Board approved scholarship program for intermediate students,real
Ministry of Education Pakistan declared exam dates for university admissions,real
free admission guaranteed instant approval contact agent on whatsapp,fake
get free laptop instantly no merit needed register via telegram,fake
receive cash reward 100% guaranteed register via telegram,fake
Ministry of Education Pakistan opened admission portal for all districts of Pakistan,real
FBISE released result notification via official website,real
Ministry of Education Pakistan announced exam schedule via official website,real
earn 5000 rupees daily no test required contact agent on whatsapp,fake
Sindh Board published merit list via official website,real
get scholarship without merit without verification contact agent on whatsapp,fake
get free laptop instantly without verification register via telegram,fake
receive cash reward without verification contact agent on whatsapp,fake
get free laptop instantly 100% guaranteed contact agent on whatsapp,fake
Punjab Board opened admission portal for all districts of Pakistan,real
Punjab Board updated curriculum for academic session 2025,real
HEC Pakistan issued official circular via official website,real
get scholarship without merit instant approval click unknown link,fake
University of Punjab started registration process for all districts of Pakistan,real
receive cash reward 100% guaranteed click unknown link,fake
Ministry of Education Pakistan declared exam dates for intermediate students,real
FBISE announced exam schedule for intermediate students,real
FBISE approved scholarship program for university admissions,real
Sindh Board opened admission portal via official website,real
free admission guaranteed instant approval register via telegram,fake
Sindh Board published merit list for intermediate students,real
get free laptop instantly no test required contact agent on whatsapp,fake
get scholarship without merit no test required register via telegram,fake
Sindh Board released result notification via official website,real
KPK Education Department declared exam dates for university admissions,real
get free laptop instantly no test required pay registration fee,fake
get free laptop instantly 100% guaranteed join whatsapp group,fake
HEC Pakistan approved scholarship program for all districts of Pakistan,real
Ministry of Education Pakistan published merit list via official website,real
Sindh Board approved scholarship program via official website,real
University of Punjab published merit list for academic session 2025,real
earn 5000 rupees daily 100% guaranteed send money on easypaisa,fake
Sindh Board opened admission portal for all districts of Pakistan,real
Ministry of Education Pakistan declared exam dates via official website,real
University of Punjab released date sheet for academic session 2025,real
HEC Pakistan released result notification via official website,real
earn 5000 rupees daily no test required pay registration fee,fake
HEC Pakistan started registration process for all districts of Pakistan,real
Ministry of Education Pakistan started registration process for academic session 2025,real
FBISE approved scholarship program for academic session 2025,real
earn 5000 rupees daily instant approval join whatsapp group,fake
FBISE published merit list under government policy,real
KPK Education Department issued official circular under government policy,real
Ministry of Education Pakistan published merit list for all districts of Pakistan,real
get free laptop instantly instant approval join whatsapp group,fake
free admission guaranteed without verification register via telegram,fake
get scholarship without merit instant approval join whatsapp group,fake
Punjab Board updated curriculum for university admissions,real
earn 5000 rupees daily instant approval click unknown link,fake
earn 5000 rupees daily 100% guaranteed register via telegram,fake
University of Punjab approved scholarship program for all districts of Pakistan,real
get scholarship without merit 100% guaranteed click unknown link,fake
HEC Pakistan opened admission portal for all districts of Pakistan,real
get job without exam 100% guaranteed contact agent on whatsapp,fake
free admission guaranteed no test required join whatsapp group,fake
Ministry of Education Pakistan started registration process for academic session 2025,real
receive cash reward instant approval register via telegram,fake
get job without exam 100% guaranteed send money on easypaisa,fake
FBISE updated curriculum via official website,real
HEC Pakistan released date sheet for university admissions,real
free admission guaranteed without verification join whatsapp group,fake
free admission guaranteed no test required pay registration fee,fake
get scholarship without merit 100% guaranteed contact agent on whatsapp,fake
get job without exam 100% guaranteed send money on easypaisa,fake
earn 5000 rupees daily without verification contact agent on whatsapp,fake
University of Punjab released result notification for all districts of Pakistan,real
receive cash reward 100% guaranteed join whatsapp group,fake
KPK Education Department opened admission portal for all districts of Pakistan,real
earn 5000 rupees daily instant approval join whatsapp group,fake
Sindh Board updated curriculum for academic session 2025,real
Sindh Board opened admission portal for academic session 2025,real
receive cash reward no test required click unknown link,fake
University of Punjab released result notification for university admissions,real
get free laptop instantly 100% guaranteed pay registration fee,fake
University of Punjab published merit list under government policy,real
get job without exam without verification register via telegram,fake
University of Punjab issued official circular under government policy,real
FBISE started registration process for academic session 2025,real
Sindh Board released date sheet for university admissions,real
earn 5000 rupees daily no merit needed contact agent on whatsapp,fake
KPK Education Department updated curriculum for all districts of Pakistan,real
Sindh Board declared exam dates for intermediate students,real
Ministry of Education Pakistan started registration process via official website,real
get free laptop instantly no merit needed contact agent on whatsapp,fake
Punjab Board released date sheet for university admissions,real
earn 5000 rupees daily instant approval send money on easypaisa,fake
FBISE announced exam schedule for university admissions,real
HEC Pakistan published merit list for all districts of Pakistan,real
free admission guaranteed without verification join whatsapp group,fake
University of Punjab updated curriculum for intermediate students,real
get free laptop instantly without verification send money on easypaisa,fake
Ministry of Education Pakistan issued official circular for all districts of Pakistan,real
get job without exam no test required click unknown link,fake
KPK Education Department started registration process via official website,real
University of Punjab declared exam dates under government policy,real
Ministry of Education Pakistan declared exam dates for academic session 2025,real
Sindh Board released result notification for all districts of Pakistan,real
get job without exam instant approval contact agent on whatsapp,fake
get scholarship without merit instant approval pay registration fee,fake
get scholarship without merit instant approval click unknown link,fake
receive cash reward no test required join whatsapp group,fake
earn 5000 rupees daily without verification register via telegram,fake
KPK Education Department approved scholarship program via official website,real
receive cash reward without verification pay registration fee,fake
get job without exam instant approval register via telegram,fake
KPK Education Department announced exam schedule for university admissions,real
University of Punjab declared exam dates under government policy,real
earn 5000 rupees daily without verification send money on easypaisa,fake
get job without exam without verification join whatsapp group,fake
Ministry of Education Pakistan declared exam dates for university admissions,real
get scholarship without merit without verification register via telegram,fake
receive cash reward 100% guaranteed join whatsapp group,fake
Ministry of Education Pakistan released date sheet for university admissions,real
earn 5000 rupees daily without verification send money on easypaisa,fake
get free laptop instantly without verification join whatsapp group,fake
earn 5000 rupees daily instant approval click unknown link,fake
University of Punjab announced exam schedule for university admissions,real
get scholarship without merit 100% guaranteed register via telegram,fake
Ministry of Education Pakistan published merit list for intermediate students,real
get scholarship without merit no test required contact agent on whatsapp,fake
HEC Pakistan started registration process for university admissions,real
University of Punjab started registration process for intermediate students,real
University of Punjab announced exam schedule for all districts of Pakistan,real
get job without exam no test required click unknown link,fake
get free laptop instantly no test required register via telegram,fake
get job without exam no test required send money on easypaisa,fake
University of Punjab released result notification for university admissions,real
University of Punjab announced exam schedule for intermediate students,real
earn 5000 rupees daily instant approval pay registration fee,fake
Punjab Board started registration process for all districts of Pakistan,real
receive cash reward no test required contact agent on whatsapp,fake
KPK Education Department updated curriculum via official website,real
Ministry of Education Pakistan released date sheet for university admissions,real
get free laptop instantly without verification pay registration fee,fake
Sindh Board issued official circular via official website,real
Punjab Board released result notification for academic session 2025,real
receive cash reward 100% guaranteed contact agent on whatsapp,fake
HEC Pakistan updated curriculum for academic session 2025,real
earn 5000 rupees daily no test required join whatsapp group,fake
KPK Education Department released date sheet for all districts of Pakistan,real
Ministry of Education Pakistan released result notification for all districts of Pakistan,real
Ministry of Education Pakistan opened admission portal for all districts of Pakistan,real
Punjab Board published merit list via official website,real
KPK Education Department released result notification under government policy,real
Ministry of Education Pakistan released result notification for academic session 2025,real
get scholarship without merit 100% guaranteed contact agent on whatsapp,fake
Ministry of Education Pakistan announced exam schedule for academic session 2025,real
get job without exam without verification click unknown link,fake
FBISE approved scholarship program for intermediate students,real
University of Punjab announced exam schedule under government policy,real
HEC Pakistan announced exam schedule for academic session 2025,real
get free laptop instantly without verification register via telegram,fake
Sindh Board published merit list via official website,real
earn 5000 rupees daily no merit needed click unknown link,fake
KPK Education Department issued official circular via official website,real
Sindh Board announced exam schedule for intermediate students,real
get job without exam 100% guaranteed join whatsapp group,fake
earn 5000 rupees daily no test required register via telegram,fake
earn 5000 rupees daily no merit needed contact agent on whatsapp,fake
Punjab Board started registration process for all districts of Pakistan,real
earn 5000 rupees daily no merit needed join whatsapp group,fake
HEC Pakistan opened admission portal via official website,real
Ministry of Education Pakistan released result notification for all districts of Pakistan,real
Ministry of Education Pakistan declared exam dates via official website,real
get job without exam without verification contact agent on whatsapp,fake
KPK Education Department declared exam dates for university admissions,real
get free laptop instantly 100% guaranteed register via telegram,fake
get scholarship without merit no merit needed register via telegram,fake
HEC Pakistan opened admission portal for intermediate students,real
receive cash reward no test required contact agent on whatsapp,fake
KPK Education Department announced exam schedule for university admissions,real
FBISE started registration process for university admissions,real
Punjab Board published merit list for university admissions,real
Sindh Board updated curriculum via official website,real
get free laptop instantly 100% guaranteed click unknown link,fake
receive cash reward no merit needed contact agent on whatsapp,fake
Punjab Board issued official circular for intermediate students,real
free admission guaranteed without verification click unknown link,fake
HEC Pakistan started registration process for intermediate students,real
receive cash reward 100% guaranteed send money on easypaisa,fake
KPK Education Department started registration process under government policy,real
get scholarship without merit instant approval register via telegram,fake
get scholarship without merit instant approval send money on easypaisa,fake
get job without exam instant approval click unknown link,fake
Ministry of Education Pakistan declared exam dates for university admissions,real
get scholarship without merit no merit needed pay registration fee,fake
HEC Pakistan announced exam schedule for university admissions,real
Punjab Board released date sheet for university admissions,real
Punjab Board started registration process for academic session 2025,real
KPK Education Department issued official circular for all districts of Pakistan,real
University of Punjab issued official circular via official website,real
Sindh Board declared exam dates for university admissions,real
Ministry of Education Pakistan declared exam dates under government policy,real
earn 5000 rupees daily 100% guaranteed send money on easypaisa,fake
receive cash reward instant approval register via telegram,fake
Sindh Board issued official circular for academic session 2025,real
University of Punjab updated curriculum for intermediate students,real
Punjab Board approved scholarship program for all districts of Pakistan,real
KPK Education Department opened admission portal under government policy,real
get job without exam no merit needed pay registration fee,fake
Sindh Board issued official circular for all districts of Pakistan,real
get job without exam without verification join whatsapp group,fake
earn 5000 rupees daily instant approval join whatsapp group,fake
get free laptop instantly no test required pay registration fee,fake
earn 5000 rupees daily no merit needed join whatsapp group,fake
get free laptop instantly no test required contact agent on whatsapp,fake
get scholarship without merit instant approval pay registration fee,fake
get free laptop instantly instant approval register via telegram,fake
free admission guaranteed without verification contact agent on whatsapp,fake
Punjab Board started registration process for all districts of Pakistan,real
get free laptop instantly instant approval click unknown link,fake
Punjab Board released result notification for all districts of Pakistan,real
HEC Pakistan announced exam schedule for all districts of Pakistan,real
Ministry of Education Pakistan announced exam schedule for academic session 2025,real
Sindh Board published merit list for all districts of Pakistan,real
FBISE announced exam schedule for university admissions,real
Ministry of Education Pakistan published merit list for intermediate students,real
get scholarship without merit 100% guaranteed pay registration fee,fake
University of Punjab approved scholarship program for university admissions,real
free admission guaranteed no test required send money on easypaisa,fake
free admission guaranteed no merit needed pay registration fee,fake
HEC Pakistan announced exam schedule for intermediate students,real
free admission guaranteed no merit needed send money on easypaisa,fake
Ministry of Education Pakistan issued official circular for all districts of Pakistan,real
Punjab Board issued official circular under government policy,real
FBISE released date sheet for university admissions,real
FBISE approved scholarship program via official website,real
University of Punjab updated curriculum for all districts of Pakistan,real
receive cash reward instant approval pay registration fee,fake
University of Punjab released date sheet for all districts of Pakistan,real
receive cash reward instant approval pay registration fee,fake
get free laptop instantly instant approval click unknown link,fake
HEC Pakistan released result notification via official website,real
receive cash reward 100% guaranteed join whatsapp group,fake
KPK Education Department opened admission portal via official website,real
get scholarship without merit no merit needed register via telegram,fake
University of Punjab published merit list for all districts of Pakistan,real
University of Punjab started registration process via official website,real
Punjab Board released result notification for university admissions,real
earn 5000 rupees daily 100% guaranteed pay registration fee,fake
receive cash reward 100% guaranteed contact agent on whatsapp,fake
FBISE published merit list for academic session 2025,real
get free laptop instantly without verification join whatsapp group,fake
Sindh Board released date sheet via official website,real
get job without exam no merit needed contact agent on whatsapp,fake
free admission guaranteed instant approval contact agent on whatsapp,fake
free admission guaranteed no test required send money on easypaisa,fake
Sindh Board opened admission portal for academic session 2025,real
receive cash reward instant approval click unknown link,fake
receive cash reward 100% guaranteed contact agent on whatsapp,fake
Sindh Board announced exam schedule via official website,real
receive cash reward without verification join whatsapp group,fake
get job without exam no merit needed send money on easypaisa,fake
get job without exam no merit needed send money on easypaisa,fake
FBISE released result notification for university admissions,real
receive cash reward no merit needed click unknown link,fake
HEC Pakistan opened admission portal for academic session 2025,real
Sindh Board opened admission portal for academic session 2025,real
get scholarship without merit no merit needed click unknown link,fake
Sindh Board started registration process for university admissions,real
HEC Pakistan opened admission portal under government policy,real
University of Punjab issued official circular under government policy,real
get scholarship without merit without verification click unknown link,fake
free admission guaranteed without verification register via telegram,fake
Ministry of Education Pakistan approved scholarship program via official website,real
HEC Pakistan announced exam schedule for all districts of Pakistan,real
receive cash reward without verification contact agent on whatsapp,fake
receive cash reward no merit needed pay registration fee,fake
University of Punjab declared exam dates for all districts of Pakistan,real
FBISE published merit list under government policy,real
get scholarship without merit instant approval register via telegram,fake
get scholarship without merit no merit needed register via telegram,fake
get job without exam no merit needed contact agent on whatsapp,fake
Sindh Board opened admission portal for intermediate students,real
free admission guaranteed no test required send money on easypaisa,fake
Sindh Board opened admission portal for intermediate students,real
Ministry of Education Pakistan published merit list via official website,real
KPK Education Department opened admission portal for intermediate students,real
get job without exam no merit needed click unknown link,fake
Punjab Board updated curriculum for academic session 2025,real
Punjab Board released date sheet for intermediate students,real
Sindh Board updated curriculum for intermediate students,real
Sindh Board announced exam schedule under government policy,real
free admission guaranteed no test required register via telegram,fake
FBISE released date sheet for all districts of Pakistan,real
receive cash reward no test required contact agent on whatsapp,fake
free admission guaranteed no test required register via telegram,fake
receive cash reward instant approval contact agent on whatsapp,fake
earn 5000 rupees daily instant approval register via telegram,fake
KPK Education Department approved scholarship program via official website,real
get job without exam instant approval register via telegram,fake
University of Punjab approved scholarship program under government policy,real
KPK Education Department started registration process for university admissions,real
get free laptop instantly 100% guaranteed click unknown link,fake
Ministry of Education Pakistan released result notification for intermediate students,real
FBISE opened admission portal via official website,real
Punjab Board announced exam schedule for academic session 2025,real
Ministry of Education Pakistan announced exam schedule for intermediate students,real
get job without exam no test required click unknown link,fake
earn 5000 rupees daily no test required contact agent on whatsapp,fake
FBISE announced exam schedule for university admissions,real
HEC Pakistan opened admission portal via official website,real
get free laptop instantly 100% guaranteed register via telegram,fake
free admission guaranteed no test required pay registration fee,fake
free admission guaranteed no test required click unknown link,fake
receive cash reward instant approval contact agent on whatsapp,fake
get job without exam 100% guaranteed contact agent on whatsapp,fake
FBISE published merit list for intermediate students,real
free admission guaranteed no merit needed contact agent on whatsapp,fake
Ministry of Education Pakistan published merit list for academic session 2025,real
HEC Pakistan released result notification for academic session 2025,real
FBISE released date sheet for university admissions,real
University of Punjab published merit list for academic session 2025,real
Punjab Board declared exam dates for academic session 2025,real
Punjab Board declared exam dates for intermediate students,real
earn 5000 rupees daily no merit needed send money on easypaisa,fake
free admission guaranteed no merit needed join whatsapp group,fake
earn 5000 rupees daily no merit needed send money on easypaisa,fake
free admission guaranteed 100% guaranteed register via telegram,fake
get job without exam no merit needed send money on easypaisa,fake
Sindh Board approved scholarship program via official website,real
Sindh Board started registration process for all districts of Pakistan,real
Ministry of Education Pakistan released result notification for all districts of Pakistan,real
get job without exam instant approval join whatsapp group,fake
Sindh Board approved scholarship program via official website,real
get free laptop instantly no merit needed contact agent on whatsapp,fake
get job without exam instant approval join whatsapp group,fake
University of Punjab released result notification for university admissions,real
get job without exam no merit needed click unknown link,fake
get scholarship without merit no test required register via telegram,fake
free admission guaranteed instant approval join whatsapp group,fake
earn 5000 rupees daily without verification click unknown link,fake
KPK Education Department updated curriculum for intermediate students,real
receive cash reward instant approval join whatsapp group,fake
Ministry of Education Pakistan announced exam schedule for intermediate students,real
Sindh Board issued official circular for academic session 2025,real
University of Punjab approved scholarship program for academic session 2025,real
Punjab Board started registration process for all districts of Pakistan,real
get scholarship without merit no merit needed send money on easypaisa,fake
get free laptop instantly no test required pay registration fee,fake
earn 5000 rupees daily no test required send money on easypaisa,fake
KPK Education Department issued official circular for university admissions,real
earn 5000 rupees daily no test required register via telegram,fake
get free laptop instantly 100% guaranteed join whatsapp group,fake
earn 5000 rupees daily no test required click unknown link,fake
FBISE released date sheet via official website,real
Sindh Board published merit list for university admissions,real
University of Punjab issued official circular for all districts of Pakistan,real
get scholarship without merit no test required register via telegram,fake
University of Punjab updated curriculum for intermediate students,real
receive cash reward 100% guaranteed send money on easypaisa,fake
get job without exam without verification contact agent on whatsapp,fake
get job without exam no merit needed click unknown link,fake
Punjab Board opened admission portal for all districts of Pakistan,real
HEC Pakistan declared exam dates for academic session 2025,real
HEC Pakistan announced exam schedule for academic session 2025,real
KPK Education Department released result notification for intermediate students,real
University of Punjab approved scholarship program for academic session 2025,real
Sindh Board updated curriculum for all districts of Pakistan,real
KPK Education Department released date sheet under government policy,real
University of Punjab approved scholarship program for intermediate students,real
Sindh Board released result notification for all districts of Pakistan,real
HEC Pakistan published merit list for university admissions,real
Sindh Board approved scholarship program under government policy,real
KPK Education Department updated curriculum via official website,real
Punjab Board published merit list for all districts of Pakistan,real
earn 5000 rupees daily no merit needed click unknown link,fake
KPK Education Department started registration process for academic session 2025,real
get job without exam 100% guaranteed send money on easypaisa,fake
Ministry of Education Pakistan released result notification for intermediate students,real
get job without exam 100% guaranteed send money on easypaisa,fake
KPK Education Department released date sheet for academic session 2025,real
get job without exam no merit needed send money on easypaisa,fake
Sindh Board started registration process for university admissions,real
free admission guaranteed no merit needed register via telegram,fake
Punjab Board announced exam schedule via official website,real
Punjab Board opened admission portal for academic session 2025,real
earn 5000 rupees daily no merit needed contact agent on whatsapp,fake
HEC Pakistan started registration process via official website,real
University of Punjab approved scholarship program for academic session 2025,real
Sindh Board published merit list under government policy,real
receive cash reward without verification send money on easypaisa,fake
KPK Education Department announced exam schedule for intermediate students,real
KPK Education Department approved scholarship program for all districts of Pakistan,real
earn 5000 rupees daily no test required register via telegram,fake
Sindh Board started registration process for academic session 2025,real
Ministry of Education Pakistan updated curriculum for intermediate students,real
HEC Pakistan released date sheet for intermediate students,real
get job without exam instant approval join whatsapp group,fake
free admission guaranteed no test required click unknown link,fake
earn 5000 rupees daily without verification contact agent on whatsapp,fake
free admission guaranteed no merit needed click unknown link,fake
Sindh Board announced exam schedule for academic session 2025,real
get job without exam instant approval pay registration fee,fake
get scholarship without merit no test required send money on easypaisa,fake
get job without exam no test required click unknown link,fake
University of Punjab published merit list for university admissions,real
Punjab Board opened admission portal for university admissions,real
HEC Pakistan opened admission portal for academic session 2025,real
get job without exam no test required pay registration fee,fake
KPK Education Department updated curriculum for university admissions,real
get scholarship without merit 100% guaranteed join whatsapp group,fake
free admission guaranteed no merit needed pay registration fee,fake
Sindh Board approved scholarship program for all districts of Pakistan,real
get job without exam without verification contact agent on whatsapp,fake
receive cash reward no test required register via telegram,fake
get free laptop instantly 100% guaranteed pay registration fee,fake
Ministry of Education Pakistan opened admission portal for all districts of Pakistan,real
get job without exam 100% guaranteed contact agent on whatsapp,fake
get free laptop instantly without verification contact agent on whatsapp,fake
get free laptop instantly 100% guaranteed contact agent on whatsapp,fake
Ministry of Education Pakistan announced exam schedule via official website,real
free admission guaranteed without verification register via telegram,fake
HEC Pakistan released result notification for university admissions,real
get job without exam instant approval click unknown link,fake
University of Punjab opened admission portal for all districts of Pakistan,real
HEC Pakistan released date sheet for academic session 2025,real
earn 5000 rupees daily instant approval send money on easypaisa,fake
Sindh Board opened admission portal for intermediate students,real
earn 5000 rupees daily no merit needed register via telegram,fake
get free laptop instantly without verification click unknown link,fake
get free laptop instantly no test required register via telegram,fake
receive cash reward 100% guaranteed join whatsapp group,fake
get free laptop instantly no merit needed send money on easypaisa,fake
Punjab Board declared exam dates for academic session 2025,real
Ministry of Education Pakistan updated curriculum via official website,real
KPK Education Department updated curriculum via official website,real
receive cash reward without verification pay registration fee,fake
free admission guaranteed 100% guaranteed click unknown link,fake
Sindh Board approved scholarship program for academic session 2025,real
Punjab Board started registration process under government policy,real
free admission guaranteed 100% guaranteed pay registration fee,fake
get scholarship without merit no merit needed send money on easypaisa,fake
HEC Pakistan published merit list for university admissions,real
earn 5000 rupees daily without verification send money on easypaisa,fake
earn 5000 rupees daily without verification click unknown link,fake
earn 5000 rupees daily 100% guaranteed join whatsapp group,fake
get free laptop instantly no test required register via telegram,fake
Punjab Board announced exam schedule via official website,real
University of Punjab published merit list under government policy,real
get job without exam no test required join whatsapp group,fake
University of Punjab started registration process via official website,real
get job without exam without verification send money on easypaisa,fake
University of Punjab updated curriculum for university admissions,real
get free laptop instantly without verification click unknown link,fake
HEC Pakistan published merit list for university admissions,real
FBISE updated curriculum for all districts of Pakistan,real
HEC Pakistan released result notification for all districts of Pakistan,real
KPK Education Department declared exam dates for academic session 2025,real
KPK Education Department announced exam schedule for academic session 2025,real
get scholarship without merit 100% guaranteed contact agent on whatsapp,fake
FBISE opened admission portal for intermediate students,real
University of Punjab approved scholarship program under government policy,real
KPK Education Department issued official circular for intermediate students,real
HEC Pakistan approved scholarship program under government policy,real
get scholarship without merit no merit needed send money on easypaisa,fake
earn 5000 rupees daily without verification join whatsapp group,fake
free admission guaranteed 100% guaranteed pay registration fee,fake
FBISE issued official circular for all districts of Pakistan,real
Sindh Board issued official circular under government policy,real
Punjab Board updated curriculum under government policy,real
Sindh Board released date sheet for university admissions,real
get job without exam without verification send money on easypaisa,fake
free admission guaranteed 100% guaranteed send money on easypaisa,fake
Punjab Board declared exam dates for all districts of Pakistan,real
HEC Pakistan issued official circular for academic session 2025,real
free admission guaranteed no test required join whatsapp group,fake
get job without exam no merit needed join whatsapp group,fake
Sindh Board opened admission portal via official website,real
get scholarship without merit no merit needed send money on easypaisa,fake
Ministry of Education Pakistan released result notification for academic session 2025,real
get job without exam without verification pay registration fee,fake
earn 5000 rupees daily instant approval click unknown link,fake
Ministry of Education Pakistan opened admission portal for intermediate students,real
get job without exam 100% guaranteed send money on easypaisa,fake
earn 5000 rupees daily no merit needed join whatsapp group,fake
Ministry of Education Pakistan released date sheet for all districts of Pakistan,real
get scholarship without merit without verification pay registration fee,fake
get free laptop instantly no test required join whatsapp group,fake
University of Punjab announced exam schedule for university admissions,real
earn 5000 rupees daily no merit needed join whatsapp group,fake
KPK Education Department issued official circular for university admissions,real
get scholarship without merit no merit needed join whatsapp group,fake
free admission guaranteed no merit needed click unknown link,fake
receive cash reward no test required pay registration fee,fake
Ministry of Education Pakistan announced exam schedule for intermediate students,real
get free laptop instantly 100% guaranteed join whatsapp group,fake
receive cash reward no merit needed click unknown link,fake
receive cash reward 100% guaranteed click unknown link,fake
free admission guaranteed instant approval pay registration fee,fake
earn 5000 rupees daily without verification click unknown link,fake
Ministry of Education Pakistan released date sheet for university admissions,real
free admission guaranteed instant approval click unknown link,fake
earn 5000 rupees daily no merit needed register via telegram,fake
free admission guaranteed no test required pay registration fee,fake
get scholarship without merit no merit needed register via telegram,fake
get scholarship without merit 100% guaranteed send money on easypaisa,fake
University of Punjab declared exam dates for academic session 2025,real
get scholarship without merit no test required contact agent on whatsapp,fake
KPK Education Department released result notification for academic session 2025,real
get scholarship without merit no test required contact agent on whatsapp,fake
get scholarship without merit instant approval contact agent on whatsapp,fake
get scholarship without merit 100% guaranteed join whatsapp group,fake
University of Punjab released date sheet for university admissions,real
get free laptop instantly no merit needed join whatsapp group,fake
free admission guaranteed no merit needed pay registration fee,fake
get free laptop instantly no merit needed pay registration fee,fake
Punjab Board published merit list via official website,real
get job without exam 100% guaranteed send money on easypaisa,fake
receive cash reward instant approval send money on easypaisa,fake
get scholarship without merit 100% guaranteed click unknown link,fake
KPK Education Department declared exam dates for all districts of Pakistan,real
free admission guaranteed no test required click unknown link,fake
free admission guaranteed no test required register via telegram,fake
free admission guaranteed instant approval join whatsapp group,fake
free admission guaranteed 100% guaranteed join whatsapp group,fake
receive cash reward no test required pay registration fee,fake
earn 5000 rupees daily no merit needed send money on easypaisa,fake
Sindh Board announced exam schedule for all districts of Pakistan,real
Sindh Board issued official circular for all districts of Pakistan,real
Sindh Board approved scholarship program for university admissions,real
get scholarship without merit 100% guaranteed register via telegram,fake
University of Punjab announced exam schedule for university admissions,real
get scholarship without merit without verification click unknown link,fake
receive cash reward instant approval pay registration fee,fake
University of Punjab approved scholarship program under government policy,real
receive cash reward without verification contact agent on whatsapp,fake
get scholarship without merit instant approval send money on easypaisa,fake
free admission guaranteed instant approval join whatsapp group,fake
get free laptop instantly without verification contact agent on whatsapp,fake
get job without exam 100% guaranteed register via telegram,fake
Punjab Board released date sheet for university admissions,real
get free laptop instantly instant approval join whatsapp group,fake
get free laptop instantly 100% guaranteed pay registration fee,fake
FBISE declared exam dates under government policy,real
get scholarship without merit without verification click unknown link,fake
Sindh Board announced exam schedule for all districts of Pakistan,real
get scholarship without merit instant approval contact agent on whatsapp,fake
get job without exam without verification send money on easypaisa,fake
Sindh Board announced exam schedule for intermediate students,real
Ministry of Education Pakistan announced exam schedule via official website,real
KPK Education Department issued official circular under government policy,real
get scholarship without merit instant approval send money on easypaisa,fake
earn 5000 rupees daily 100% guaranteed contact agent on whatsapp,fake
earn 5000 rupees daily without verification send money on easypaisa,fake
Ministry of Education Pakistan released date sheet for intermediate students,real
KPK Education Department issued official circular via official website,real
KPK Education Department updated curriculum for intermediate students,real
receive cash reward 100% guaranteed contact agent on whatsapp,fake
Sindh Board declared exam dates for academic session 2025,real
receive cash reward no merit needed register via telegram,fake
get free laptop instantly instant approval click unknown link,fake
Punjab Board published merit list for all districts of Pakistan,real
free admission guaranteed no merit needed join whatsapp group,fake
HEC Pakistan released date sheet via official website,real
University of Punjab published merit list under government policy,real
free admission guaranteed without verification pay registration fee,fake
FBISE approved scholarship program under government policy,real
earn 5000 rupees daily no merit needed contact agent on whatsapp,fake
HEC Pakistan announced exam schedule for academic session 2025,real
Sindh Board opened admission portal via official website,real
FBISE declared exam dates for university admissions,real
get job without exam instant approval pay registration fee,fake
KPK Education Department started registration process for university admissions,real
get scholarship without merit no test required join whatsapp group,fake
HEC Pakistan published merit list for university admissions,real
earn 5000 rupees daily no merit needed send money on easypaisa,fake
University of Punjab published merit list for academic session 2025,real
Punjab Board issued official circular for intermediate students,real
earn 5000 rupees daily 100% guaranteed click unknown link,fake
Sindh Board released date sheet under government policy,real
Sindh Board issued official circular for all districts of Pakistan,real
Sindh Board announced exam schedule for university admissions,real
HEC Pakistan released result notification under government policy,real
Punjab Board opened admission portal for intermediate students,real
FBISE released date sheet under government policy,real
get job without exam no merit needed click unknown link,fake
Ministry of Education Pakistan updated curriculum via official website,real
University of Punjab opened admission portal for university admissions,real
get job without exam 100% guaranteed contact agent on whatsapp,fake
Ministry of Education Pakistan updated curriculum under government policy,real
get job without exam without verification join whatsapp group,fake
free admission guaranteed no test required contact agent on whatsapp,fake
get free laptop instantly without verification contact agent on whatsapp,fake
get job without exam 100% guaranteed pay registration fee,fake
get job without exam 100% guaranteed send money on easypaisa,fake
earn 5000 rupees daily without verification send money on easypaisa,fake
receive cash reward no merit needed register via telegram,fake
Ministry of Education Pakistan announced exam schedule for academic session 2025,real
receive cash reward no merit needed join whatsapp group,fake
Sindh Board started registration process via official website,real
free admission guaranteed 100% guaranteed join whatsapp group,fake
Punjab Board released date sheet for intermediate students,real
Sindh Board opened admission portal for intermediate students,real
Ministry of Education Pakistan issued official circular for academic session 2025,real
FBISE issued official circular for intermediate students,real
get scholarship without merit no merit needed send money on easypaisa,fake
free admission guaranteed without verification register via telegram,fake
receive cash reward without verification join whatsapp group,fake
University of Punjab approved scholarship program for academic session 2025,real
earn 5000 rupees daily instant approval join whatsapp group,fake
get free laptop instantly instant approval join whatsapp group,fake
get scholarship without merit no merit needed click unknown link,fake
Sindh Board published merit list under government policy,real
earn 5000 rupees daily no test required send money on easypaisa,fake
HEC Pakistan declared exam dates for intermediate students,real
receive cash reward instant approval pay registration fee,fake
FBISE released result notification via official website,real
Punjab Board started registration process for all districts of Pakistan,real
Ministry of Education Pakistan issued official circular via official website,real
earn 5000 rupees daily 100% guaranteed pay registration fee,fake
earn 5000 rupees daily instant approval pay registration fee,fake
Ministry of Education Pakistan started registration process for academic session 2025,real
free admission guaranteed without verification register via telegram,fake
free admission guaranteed no test required contact agent on whatsapp,fake
Ministry of Education Pakistan released result notification for intermediate students,real
get free laptop instantly no test required contact agent on whatsapp,fake
Sindh Board published merit list via official website,real
HEC Pakistan declared exam dates for university admissions,real
get free laptop instantly 100% guaranteed send money on easypaisa,fake
get scholarship without merit no merit needed pay registration fee,fake
free admission guaranteed no test required send money on easypaisa,fake
University of Punjab declared exam dates for academic session 2025,real
receive cash reward without verification join whatsapp group,fake
get scholarship without merit instant approval join whatsapp group,fake
Sindh Board approved scholarship program via official website,real
free admission guaranteed no test required pay registration fee,fake
KPK Education Department started registration process for intermediate students,real
University of Punjab published merit list under government policy,real
receive cash reward no test required contact agent on whatsapp,fake
University of Punjab updated curriculum via official website,real
get free laptop instantly 100% guaranteed send money on easypaisa,fake
Ministry of Education Pakistan opened admission portal via official website,real
get scholarship without merit no test required contact agent on whatsapp,fake
get job without exam no test required click unknown link,fake
KPK Education Department updated curriculum for all districts of Pakistan,real
get scholarship without merit without verification send money on easypaisa,fake
get job without exam instant approval join whatsapp group,fake
Ministry of Education Pakistan released date sheet under government policy,real
get job without exam 100% guaranteed register via telegram,fake
Punjab Board declared exam dates via official website,real
HEC Pakistan opened admission portal for academic session 2025,real
get scholarship without merit no test required join whatsapp group,fake
Sindh Board issued official circular for university admissions,real
University of Punjab declared exam dates for academic session 2025,real
get free laptop instantly 100% guaranteed contact agent on whatsapp,fake
get free laptop instantly no merit needed send money on easypaisa,fake
FBISE released result notification for academic session 2025,real
receive cash reward no merit needed send money on easypaisa,fake
University of Punjab approved scholarship program via official website,real
Sindh Board declared exam dates for intermediate students,real
Sindh Board announced exam schedule for university admissions,real
Punjab Board started registration process via official website,real
HEC Pakistan issued official circular for intermediate students,real
get free laptop instantly 100% guaranteed click unknown link,fake
FBISE announced exam schedule for university admissions,real
Ministry of Education Pakistan issued official circular for academic session 2025,real
get scholarship without merit no merit needed click unknown link,fake
Sindh Board released result notification under government policy,real
get job without exam instant approval join whatsapp group,fake
University of Punjab opened admission portal for university admissions,real
get scholarship without merit without verification send money on easypaisa,fake
get job without exam 100% guaranteed join whatsapp group,fake
get free laptop instantly 100% guaranteed click unknown link,fake
HEC Pakistan announced exam schedule for all districts of Pakistan,real
HEC Pakistan started registration process under government policy,real
KPK Education Department approved scholarship program for academic session 2025,real
free admission guaranteed no test required click unknown link,fake
FBISE declared exam dates under government policy,real
get scholarship without merit without verification register via telegram,fake
get free laptop instantly 100% guaranteed contact agent on whatsapp,fake
HEC Pakistan issued official circular under government policy,real
KPK Education Department declared exam dates for university admissions,real
earn 5000 rupees daily 100% guaranteed register via telegram,fake
receive cash reward no merit needed register via telegram,fake
receive cash reward instant approval contact agent on whatsapp,fake
University of Punjab declared exam dates via official website,real
FBISE announced exam schedule for university admissions,real
receive cash reward 100% guaranteed send money on easypaisa,fake
Ministry of Education Pakistan opened admission portal for intermediate students,real
FBISE declared exam dates under government policy,real
Sindh Board approved scholarship program under government policy,real
receive cash reward 100% guaranteed pay registration fee,fake
earn 5000 rupees daily no test required send money on easypaisa,fake
HEC Pakistan released result notification via official website,real
earn 5000 rupees daily no test required join whatsapp group,fake
Punjab Board started registration process under government policy,real
Punjab Board issued official circular under government policy,real
get free laptop instantly instant approval pay registration fee,fake
KPK Education Department released date sheet via official website,real
HEC Pakistan published merit list for intermediate students,real
KPK Education Department declared exam dates for academic session 2025,real
get scholarship without merit no merit needed send money on easypaisa,fake
receive cash reward instant approval contact agent on whatsapp,fake
free admission guaranteed no merit needed register via telegram,fake
get scholarship without merit instant approval send money on easypaisa,fake
KPK Education Department released result notification for university admissions,real
Punjab Board announced exam schedule via official website,real
FBISE issued official circular for academic session 2025,real
KPK Education Department announced exam schedule for all districts of Pakistan,real
get scholarship without merit 100% guaranteed pay registration fee,fake
get job without exam no merit needed pay registration fee,fake
Punjab Board published merit list for university admissions,real
free admission guaranteed no merit needed send money on easypaisa,fake
get job without exam instant approval pay registration fee,fake
get free laptop instantly no test required click unknown link,fake
KPK Education Department declared exam dates under government policy,real
Sindh Board released result notification for academic session 2025,real
receive cash reward 100% guaranteed join whatsapp group,fake
Ministry of Education Pakistan updated curriculum for intermediate students,real
earn 5000 rupees daily 100% guaranteed pay registration fee,fake
earn 5000 rupees daily no merit needed pay registration fee,fake
FBISE approved scholarship program for all districts of Pakistan,real
free admission guaranteed no merit needed pay registration fee,fake
receive cash reward no merit needed send money on easypaisa,fake
KPK Education Department released date sheet for all districts of Pakistan,real
FBISE started registration process via official website,real
earn 5000 rupees daily no merit needed send money on easypaisa,fake
get scholarship without merit instant approval click unknown link,fake
get scholarship without merit no merit needed contact agent on whatsapp,fake
Ministry of Education Pakistan declared exam dates under government policy,real
Sindh Board published merit list under government policy,real
free admission guaranteed no test required register via telegram,fake
get job without exam no test required register via telegram,fake
get scholarship without merit 100% guaranteed pay registration fee,fake
get free laptop instantly without verification contact agent on whatsapp,fake
get job without exam no test required click unknown link,fake
KPK Education Department released result notification for intermediate students,real
Ministry of Education Pakistan opened admission portal for university admissions,real
Ministry of Education Pakistan started registration process for university admissions,real
get free laptop instantly 100% guaranteed send money on easypaisa,fake
receive cash reward instant approval pay registration fee,fake
get job without exam instant approval join whatsapp group,fake
receive cash reward without verification click unknown link,fake
HEC Pakistan published merit list for university admissions,real
earn 5000 rupees daily 100% guaranteed pay registration fee,fake
free admission guaranteed instant approval pay registration fee,fake
Sindh Board opened admission portal via official website,real
Sindh Board approved scholarship program under government policy,real
Punjab Board published merit list for all districts of Pakistan,real
free admission guaranteed no merit needed contact agent on whatsapp,fake
get scholarship without merit no test required send money on easypaisa,fake
get scholarship without merit instant approval contact agent on whatsapp,fake
KPK Education Department updated curriculum for all districts of Pakistan,real
get job without exam without verification join whatsapp group,fake
get scholarship without merit 100% guaranteed send money on easypaisa,fake
Ministry of Education Pakistan announced exam schedule via official website,real
Ministry of Education Pakistan updated curriculum for intermediate students,real
get free laptop instantly no merit needed join whatsapp group,fake
receive cash reward without verification click unknown link,fake
receive cash reward without verification pay registration fee,fake
HEC Pakistan declared exam dates for intermediate students,real
Ministry of Education Pakistan approved scholarship program for intermediate students,real
University of Punjab announced exam schedule for university admissions,real
HEC Pakistan published merit list for university admissions,real
KPK Education Department issued official circular for academic session 2025,real
get free laptop instantly no merit needed pay registration fee,fake
get job without exam without verification contact agent on whatsapp,fake
Punjab Board started registration process for academic session 2025,real
get free laptop instantly instant approval join whatsapp group,fake
get job without exam no merit needed join whatsapp group,fake
receive cash reward instant approval join whatsapp group,fake
Ministry of Education Pakistan announced exam schedule for all districts of Pakistan,real
free admission guaranteed no test required contact agent on whatsapp,fake
FBISE opened admission portal for university admissions,real
free admission guaranteed no merit needed click unknown link,fake
get free laptop instantly without verification click unknown link,fake
get job without exam no merit needed register via telegram,fake
University of Punjab started registration process under government policy,real
Punjab Board started registration process for intermediate students,real
KPK Education Department opened admission portal for intermediate students,real
receive cash reward instant approval join whatsapp group,fake
FBISE released date sheet via official website,real
Sindh Board started registration process for academic session 2025,real
KPK Education Department issued official circular for academic session 2025,real
get free laptop instantly no merit needed pay registration fee,fake
get job without exam 100% guaranteed contact agent on whatsapp,fake
HEC Pakistan updated curriculum for all districts of Pakistan,real
Sindh Board opened admission portal for intermediate students,real
HEC Pakistan started registration process via official website,real
FBISE declared exam dates for university admissions,real
University of Punjab approved scholarship program for university admissions,real
Ministry of Education Pakistan announced exam schedule for all districts of Pakistan,real
get scholarship without merit without verification contact agent on whatsapp,fake
get job without exam no merit needed contact agent on whatsapp,fake
free admission guaranteed 100% guaranteed join whatsapp group,fake
get job without exam 100% guaranteed pay registration fee,fake
get free laptop instantly 100% guaranteed click unknown link,fake
KPK Education Department announced exam schedule via official website,real
University of Punjab released date sheet for intermediate students,real
get job without exam 100% guaranteed click unknown link,fake
receive cash reward no test required join whatsapp group,fake
get scholarship without merit instant approval contact agent on whatsapp,fake
get scholarship without merit no merit needed pay registration fee,fake
get scholarship without merit without verification register via telegram,fake
receive cash reward 100% guaranteed send money on easypaisa,fake
receive cash reward 100% guaranteed contact agent on whatsapp,fake
get free laptop instantly no test required register via telegram,fake
get free laptop instantly no test required send money on easypaisa,fake
earn 5000 rupees daily no test required pay registration fee,fake
Punjab Board released date sheet for intermediate students,real
University of Punjab released date sheet for academic session 2025,real
get scholarship without merit no merit needed register via telegram,fake
Sindh Board released result notification for university admissions,real
Ministry of Education Pakistan announced exam schedule for university admissions,real
FBISE published merit list under government policy,real
earn 5000 rupees daily instant approval register via telegram,fake
earn 5000 rupees daily instant approval join whatsapp group,fake
get free laptop instantly instant approval click unknown link,fake
free admission guaranteed no merit needed register via telegram,fake
University of Punjab published merit list for intermediate students,real
FBISE published merit list for academic session 2025,real
free admission guaranteed instant approval register via telegram,fake
FBISE approved scholarship program for all districts of Pakistan,real
Sindh Board opened admission portal for intermediate students,real
Sindh Board announced exam schedule under government policy,real
receive cash reward instant approval register via telegram,fake
free admission guaranteed no merit needed contact agent on whatsapp,fake
Punjab Board announced exam schedule for university admissions,real
free admission guaranteed no test required click unknown link,fake
get scholarship without merit no test required join whatsapp group,fake
Punjab Board updated curriculum for academic session 2025,real
Ministry of Education Pakistan released date sheet via official website,real
University of Punjab declared exam dates for intermediate students,real
Ministry of Education Pakistan started registration process for academic session 2025,real
free admission guaranteed 100% guaranteed pay registration fee,fake
receive cash reward no test required pay registration fee,fake
University of Punjab declared exam dates under government policy,real
University of Punjab announced exam schedule for intermediate students,real
FBISE approved scholarship program via official website,real
get job without exam no test required send money on easypaisa,fake
KPK Education Department declared exam dates for university admissions,real
HEC Pakistan approved scholarship program under government policy,real
earn 5000 rupees daily 100% guaranteed contact agent on whatsapp,fake
get free laptop instantly no merit needed join whatsapp group,fake
HEC Pakistan announced exam schedule for intermediate students,real
get job without exam instant approval pay registration fee,fake
University of Punjab updated curriculum for intermediate students,real
get scholarship without merit without verification click unknown link,fake
KPK Education Department announced exam schedule via official website,real
get free laptop instantly without verification contact agent on whatsapp,fake
get free laptop instantly without verification click unknown link,fake
University of Punjab issued official circular under government policy,real
KPK Education Department started registration process for academic session 2025,real
Punjab Board released result notification for intermediate students,real
get free laptop instantly 100% guaranteed send money on easypaisa,fake
receive cash reward 100% guaranteed send money on easypaisa,fake
free admission guaranteed no test required send money on easypaisa,fake
Sindh Board issued official circular for intermediate students,real
Sindh Board updated curriculum for intermediate students,real
free admission guaranteed no merit needed contact agent on whatsapp,fake
free admission guaranteed 100% guaranteed contact agent on whatsapp,fake
free admission guaranteed without verification join whatsapp group,fake
earn 5000 rupees daily no merit needed register via telegram,fake
Ministry of Education Pakistan issued official circular for academic session 2025,real
Punjab Board announced exam schedule for intermediate students,real
free admission guaranteed no test required send money on easypaisa,fake
KPK Education Department released result notification under government policy,real
get scholarship without merit instant approval register via telegram,fake
get scholarship without merit no merit needed send money on easypaisa,fake
earn 5000 rupees daily no merit needed register via telegram,fake
HEC Pakistan opened admission portal under government policy,real
get scholarship without merit without verification send money on easypaisa,fake
get job without exam no test required pay registration fee,fake
get scholarship without merit 100% guaranteed contact agent on whatsapp,fake
receive cash reward instant approval click unknown link,fake
FBISE announced exam schedule under government policy,real
get free laptop instantly no test required register via telegram,fake
University of Punjab published merit list for all districts of Pakistan,real
Sindh Board published merit list for academic session 2025,real
Sindh Board opened admission portal for all districts of Pakistan,real
get free laptop instantly 100% guaranteed pay registration fee,fake
HEC Pakistan announced exam schedule for university admissions,real
free admission guaranteed no test required pay registration fee,fake
University of Punjab released date sheet for university admissions,real
get job without exam no test required pay registration fee,fake
FBISE approved scholarship program for intermediate students,real
HEC Pakistan approved scholarship program under government policy,real
receive cash reward no test required contact agent on whatsapp,fake
get free laptop instantly no test required click unknown link,fake
get job without exam without verification pay registration fee,fake
free admission guaranteed no test required register via telegram,fake
Sindh Board declared exam dates for intermediate students,real
Ministry of Education Pakistan approved scholarship program under government policy,real
FBISE approved scholarship program for academic session 2025,real
University of Punjab updated curriculum via official website,real
earn 5000 rupees daily without verification register via telegram,fake
HEC Pakistan started registration process for intermediate students,real
Ministry of Education Pakistan opened admission portal via official website,real
receive cash reward no test required pay registration fee,fake
HEC Pakistan started registration process for all districts of Pakistan,real
Ministry of Education Pakistan started registration process for all districts of Pakistan,real
get scholarship without merit no test required pay registration fee,fake
earn 5000 rupees daily instant approval contact agent on whatsapp,fake
HEC Pakistan published merit list for university admissions,real
free admission guaranteed no test required register via telegram,fake
KPK Education Department released date sheet under government policy,real
Ministry of Education Pakistan released date sheet for university admissions,real
FBISE updated curriculum for all districts of Pakistan,real
HEC Pakistan started registration process for university admissions,real
earn 5000 rupees daily instant approval register via telegram,fake
KPK Education Department announced exam schedule under government policy,real
FBISE started registration process for university admissions,real
University of Punjab declared exam dates via official website,real
free admission guaranteed without verification pay registration fee,fake
get scholarship without merit without verification click unknown link,fake
receive cash reward 100% guaranteed join whatsapp group,fake
earn 5000 rupees daily no test required contact agent on whatsapp,fake
earn 5000 rupees daily no merit needed send money on easypaisa,fake
get job without exam instant approval register via telegram,fake
Ministry of Education Pakistan approved scholarship program via official website,real
receive cash reward instant approval pay registration fee,fake
earn 5000 rupees daily no test required send money on easypaisa,fake
Sindh Board released result notification for intermediate students,real
get free laptop instantly without verification join whatsapp group,fake
free admission guaranteed instant approval contact agent on whatsapp,fake
University of Punjab updated curriculum for academic session 2025,real
Punjab Board released date sheet for academic session 2025,real
free admission guaranteed no merit needed click unknown link,fake
get job without exam without verification register via telegram,fake
FBISE started registration process under government policy,real
get free laptop instantly without verification send money on easypaisa,fake
Punjab Board opened admission portal for academic session 2025,real
University of Punjab released result notification for academic session 2025,real
KPK Education Department approved scholarship program via official website,real
receive cash reward no merit needed pay registration fee,fake
earn 5000 rupees daily no merit needed send money on easypaisa,fake
University of Punjab approved scholarship program under government policy,real
receive cash reward without verification register via telegram,fake
KPK Education Department opened admission portal for intermediate students,real
free admission guaranteed no merit needed click unknown link,fake
get job without exam without verification contact agent on whatsapp,fake
Ministry of Education Pakistan released date sheet for academic session 2025,real
free admission guaranteed 100% guaranteed click unknown link,fake
Punjab Board issued official circular via official website,real
get job without exam no merit needed join whatsapp group,fake
Punjab Board released date sheet for university admissions,real
get job without exam no merit needed register via telegram,fake
earn 5000 rupees daily without verification register via telegram,fake
receive cash reward no test required click unknown link,fake
get job without exam 100% guaranteed register via telegram,fake
Punjab Board issued official circular for all districts of Pakistan,real
University of Punjab approved scholarship program via official website,real
earn 5000 rupees daily instant approval join whatsapp group,fake
Ministry of Education Pakistan declared exam dates for university admissions,real
HEC Pakistan released date sheet for university admissions,real
FBISE released result notification via official website,real
free admission guaranteed instant approval contact agent on whatsapp,fake
free admission guaranteed 100% guaranteed pay registration fee,fake
Ministry of Education Pakistan announced exam schedule for all districts of Pakistan,real
KPK Education Department opened admission portal for academic session 2025,real
receive cash reward no merit needed join whatsapp group,fake
get free laptop instantly without verification join whatsapp group,fake
HEC Pakistan declared exam dates for academic session 2025,real
get free laptop instantly instant approval pay registration fee,fake
Sindh Board updated curriculum for all districts of Pakistan,real
HEC Pakistan issued official circular via official website,real
University of Punjab approved scholarship program for all districts of Pakistan,real
Ministry of Education Pakistan released date sheet for intermediate students,real
receive cash reward instant approval click unknown link,fake
KPK Education Department updated curriculum for university admissions,real
University of Punjab updated curriculum for academic session 2025,real
KPK Education Department released date sheet under government policy,real
HEC Pakistan published merit list under government policy,real
get free laptop instantly instant approval click unknown link,fake
HEC Pakistan updated curriculum for all districts of Pakistan,real
get job without exam 100% guaranteed click unknown link,fake
get scholarship without merit without verification click unknown link,fake
KPK Education Department opened admission portal for all districts of Pakistan,real
KPK Education Department approved scholarship program for all districts of Pakistan,real
earn 5000 rupees daily no test required pay registration fee,fake
get job without exam without verification send money on easypaisa,fake
receive cash reward instant approval join whatsapp group,fake
University of Punjab approved scholarship program via official website,real
University of Punjab released date sheet for all districts of Pakistan,real
FBISE updated curriculum under government policy,real
HEC Pakistan announced exam schedule for academic session 2025,real
Ministry of Education Pakistan issued official circular for intermediate students,real
KPK Education Department issued official circular for all districts of Pakistan,real
get free laptop instantly without verification register via telegram,fake
get job without exam instant approval join whatsapp group,fake
get free laptop instantly without verification contact agent on whatsapp,fake
Sindh Board declared exam dates for all districts of Pakistan,real
Ministry of Education Pakistan opened admission portal via official website,real
get job without exam no merit needed send money on easypaisa,fake
get free laptop instantly without verification join whatsapp group,fake
get scholarship without merit instant approval join whatsapp group,fake
Ministry of Education Pakistan released date sheet for university admissions,real
Punjab Board issued official circular via official website,real
University of Punjab started registration process for all districts of Pakistan,real
earn 5000 rupees daily instant approval send money on easypaisa,fake
get scholarship without merit no test required register via telegram,fake
FBISE announced exam schedule for university admissions,real
get free laptop instantly instant approval join whatsapp group,fake
HEC Pakistan issued official circular for intermediate students,real
KPK Education Department issued official circular under government policy,real
free admission guaranteed 100% guaranteed send money on easypaisa,fake
Punjab Board published merit list under government policy,real
Punjab Board updated curriculum for intermediate students,real
receive cash reward no test required contact agent on whatsapp,fake
FBISE announced exam schedule via official website,real
Sindh Board published merit list for intermediate students,real
earn 5000 rupees daily without verification register via telegram,fake
get job without exam no merit needed register via telegram,fake
Punjab Board updated curriculum via official website,real
Ministry of Education Pakistan released result notification under government policy,real
get free laptop instantly instant approval pay registration fee,fake
get free laptop instantly without verification contact agent on whatsapp,fake
earn 5000 rupees daily 100% guaranteed pay registration fee,fake
free admission guaranteed 100% guaranteed join whatsapp group,fake
earn 5000 rupees daily without verification send money on easypaisa,fake
University of Punjab published merit list for intermediate students,real
Sindh Board issued official circular under government policy,real
Ministry of Education Pakistan issued official circular for university admissions,real
HEC Pakistan started registration process under government policy,real
free admission guaranteed 100% guaranteed click unknown link,fake
receive cash reward no merit needed pay registration fee,fake
FBISE declared exam dates for academic session 2025,real
get free laptop instantly 100% guaranteed join whatsapp group,fake
FBISE declared exam dates for intermediate students,real
Sindh Board started registration process for all districts of Pakistan,real
Ministry of Education Pakistan announced exam schedule for university admissions,real
earn 5000 rupees daily without verification contact agent on whatsapp,fake
receive cash reward 100% guaranteed contact agent on whatsapp,fake
KPK Education Department updated curriculum for university admissions,real
get scholarship without merit without verification click unknown link,fake
KPK Education Department opened admission portal under government policy,real
University of Punjab started registration process for intermediate students,real
receive cash reward no merit needed register via telegram,fake
Punjab Board issued official circular via official website,real
earn 5000 rupees daily no test required click unknown link,fake
KPK Education Department issued official circular under government policy,real
FBISE started registration process for intermediate students,real
free admission guaranteed no merit needed send money on easypaisa,fake
get job without exam instant approval pay registration fee,fake
University of Punjab released date sheet for academic session 2025,real
Ministry of Education Pakistan approved scholarship program under government policy,real
earn 5000 rupees daily instant approval pay registration fee,fake
free admission guaranteed 100% guaranteed send money on easypaisa,fake
get scholarship without merit instant approval send money on easypaisa,fake
University of Punjab updated curriculum for all districts of Pakistan,real
HEC Pakistan declared exam dates via official website,real
KPK Education Department released result notification for academic session 2025,real
Ministry of Education Pakistan issued official circular for all districts of Pakistan,real
KPK Education Department announced exam schedule for university admissions,real
KPK Education Department released result notification for all districts of Pakistan,real
Punjab Board approved scholarship program via official website,real
Sindh Board released date sheet via official website,real
Sindh Board opened admission portal for intermediate students,real
earn 5000 rupees daily instant approval send money on easypaisa,fake
get job without exam 100% guaranteed click unknown link,fake
receive cash reward without verification register via telegram,fake
FBISE announced exam schedule under government policy,real
Ministry of Education Pakistan announced exam schedule for intermediate students,real
Ministry of Education Pakistan released result notification for university admissions,real
HEC Pakistan issued official circular for all districts of Pakistan,real
earn 5000 rupees daily without verification pay registration fee,fake
Sindh Board started registration process under government policy,real
free admission guaranteed instant approval click unknown link,fake
Punjab Board opened admission portal via official website,real
HEC Pakistan announced exam schedule under government policy,real
get free laptop instantly no test required click unknown link,fake
HEC Pakistan opened admission portal for intermediate students,real
get free laptop instantly no merit needed contact agent on whatsapp,fake
HEC Pakistan opened admission portal for all districts of Pakistan,real
FBISE updated curriculum for academic session 2025,real
free admission guaranteed no test required send money on easypaisa,fake
get job without exam no merit needed send money on easypaisa,fake
get scholarship without merit instant approval contact agent on whatsapp,fake
free admission guaranteed 100% guaranteed register via telegram,fake
FBISE approved scholarship program for all districts of Pakistan,real
Sindh Board started registration process for university admissions,real
Sindh Board announced exam schedule for university admissions,real
earn 5000 rupees daily no merit needed contact agent on whatsapp,fake
free admission guaranteed 100% guaranteed send money on easypaisa,fake
FBISE issued official circular via official website,real
HEC Pakistan updated curriculum for university admissions,real
Sindh Board announced exam schedule for academic session 2025,real
Sindh Board announced exam schedule under government policy,real
get free laptop instantly no test required pay registration fee,fake
Punjab Board started registration process for intermediate students,real
KPK Education Department declared exam dates for academic session 2025,real
earn 5000 rupees daily instant approval pay registration fee,fake
get scholarship without merit no test required click unknown link,fake
Ministry of Education Pakistan issued official circular under government policy,real
Sindh Board declared exam dates for academic session 2025,real
get job without exam no test required click unknown link,fake
HEC Pakistan released result notification for intermediate students,real
earn 5000 rupees daily instant approval join whatsapp group,fake
University of Punjab updated curriculum for all districts of Pakistan,real
earn 5000 rupees daily 100% guaranteed send money on easypaisa,fake
KPK Education Department released result notification for intermediate students,real
University of Punjab started registration process for intermediate students,real
KPK Education Department started registration process for intermediate students,real
Sindh Board announced exam schedule for academic session 2025,real
University of Punjab published merit list for intermediate students,real
get free laptop instantly no merit needed pay registration fee,fake
KPK Education Department announced exam schedule for university admissions,real
earn 5000 rupees daily no merit needed join whatsapp group,fake
get free laptop instantly no test required register via telegram,fake
Punjab Board announced exam schedule for university admissions,real
get job without exam 100% guaranteed pay registration fee,fake
HEC Pakistan opened admission portal for university admissions,real
University of Punjab approved scholarship program for all districts of Pakistan,real
HEC Pakistan updated curriculum for intermediate students,real
Ministry of Education Pakistan released result notification for university admissions,real
Ministry of Education Pakistan announced exam schedule for university admissions,real
HEC Pakistan released result notification for all districts of Pakistan,real
earn 5000 rupees daily no test required contact agent on whatsapp,fake
KPK Education Department issued official circular for all districts of Pakistan,real
earn 5000 rupees daily 100% guaranteed click unknown link,fake
Ministry of Education Pakistan announced exam schedule for academic session 2025,real
University of Punjab issued official circular for intermediate students,real
Sindh Board issued official circular via official website,real
HEC Pakistan approved scholarship program under government policy,real
earn 5000 rupees daily instant approval register via telegram,fake
HEC Pakistan approved scholarship program for academic session 2025,real
free admission guaranteed 100% guaranteed pay registration fee,fake
Sindh Board opened admission portal for academic session 2025,real
receive cash reward 100% guaranteed join whatsapp group,fake
free admission guaranteed 100% guaranteed register via telegram,fake
KPK Education Department approved scholarship program for all districts of Pakistan,real
Punjab Board declared exam dates for all districts of Pakistan,real
KPK Education Department declared exam dates for university admissions,real
Sindh Board published merit list for all districts of Pakistan,real
University of Punjab announced exam schedule under government policy,real
get job without exam no test required join whatsapp group,fake
Ministry of Education Pakistan started registration process under government policy,real
Punjab Board opened admission portal under government policy,real
free admission guaranteed instant approval join whatsapp group,fake
KPK Education Department approved scholarship program for academic session 2025,real
HEC Pakistan released result notification for all districts of Pakistan,real
get free laptop instantly 100% guaranteed join whatsapp group,fake
receive cash reward 100% guaranteed send money on easypaisa,fake
FBISE released date sheet via official website,real
get job without exam instant approval click unknown link,fake
free admission guaranteed no merit needed pay registration fee,fake
get free laptop instantly instant approval contact agent on whatsapp,fake
get free laptop instantly 100% guaranteed pay registration fee,fake
receive cash reward no test required register via telegram,fake
University of Punjab released date sheet for academic session 2025,real
get job without exam instant approval send money on easypaisa,fake
get job without exam without verification contact agent on whatsapp,fake
HEC Pakistan approved scholarship program for academic session 2025,real
get job without exam instant approval join whatsapp group,fake
free admission guaranteed no test required contact agent on whatsapp,fake
KPK Education Department released date sheet under government policy,real
KPK Education Department published merit list for university admissions,real
get job without exam no test required pay registration fee,fake
FBISE released date sheet for academic session 2025,real
University of Punjab released result notification via official website,real
HEC Pakistan declared exam dates for intermediate students,real
Sindh Board declared exam dates under government policy,real
free admission guaranteed 100% guaranteed pay registration fee,fake
Punjab Board released date sheet for academic session 2025,real
Sindh Board opened admission portal for intermediate students,real
receive cash reward 100% guaranteed join whatsapp group,fake
Ministry of Education Pakistan released result notification for intermediate students,real
Sindh Board started registration process for academic session 2025,real
KPK Education Department released date sheet for intermediate students,real
Sindh Board started registration process for intermediate students,real
Punjab Board updated curriculum under government policy,real
earn 5000 rupees daily no merit needed contact agent on whatsapp,fake
KPK Education Department updated curriculum for academic session 2025,real
KPK Education Department issued official circular via official website,real
Punjab Board declared exam dates via official website,real
Sindh Board issued official circular via official website,real
earn 5000 rupees daily without verification register via telegram,fake
get scholarship without merit instant approval register via telegram,fake
KPK Education Department approved scholarship program for academic session 2025,real
receive cash reward 100% guaranteed send money on easypaisa,fake
receive cash reward 100% guaranteed click unknown link,fake
get scholarship without merit no merit needed pay registration fee,fake
Punjab Board published merit list under government policy,real
get job without exam no test required send money on easypaisa,fake
University of Punjab updated curriculum for all districts of Pakistan,real
University of Punjab released result notification via official website,real
FBISE released result notification via official website,real
free admission guaranteed without verification pay registration fee,fake
get scholarship without merit no merit needed contact agent on whatsapp,fake
get free laptop instantly 100% guaranteed contact agent on whatsapp,fake
get scholarship without merit instant approval pay registration fee,fake
University of Punjab approved scholarship program for intermediate students,real
Ministry of Education Pakistan released result notification via official website,real
University of Punjab issued official circular for academic session 2025,real
free admission guaranteed 100% guaranteed contact agent on whatsapp,fake
receive cash reward 100% guaranteed register via telegram,fake
receive cash reward without verification click unknown link,fake
Ministry of Education Pakistan updated curriculum via official website,real
earn 5000 rupees daily without verification register via telegram,fake
get scholarship without merit no test required contact agent on whatsapp,fake
Ministry of Education Pakistan declared exam dates for all districts of Pakistan,real
get job without exam no test required click unknown link,fake
HEC Pakistan opened admission portal for university admissions,real
earn 5000 rupees daily no merit needed register via telegram,fake
get job without exam without verification click unknown link,fake
get scholarship without merit no test required pay registration fee,fake
Punjab Board opened admission portal for university admissions,real
Punjab Board issued official circular for university admissions,real
FBISE published merit list for all districts of Pakistan,real
get scholarship without merit without verification click unknown link,fake
University of Punjab issued official circular via official website,real
KPK Education Department approved scholarship program for university admissions,real
Sindh Board issued official circular under government policy,real
HEC Pakistan updated curriculum for university admissions,real
free admission guaranteed without verification join whatsapp group,fake
get free laptop instantly no merit needed send money on easypaisa,fake
HEC Pakistan released result notification for academic session 2025,real
Punjab Board released date sheet under government policy,real
free admission guaranteed no merit needed register via telegram,fake
Sindh Board announced exam schedule for academic session 2025,real
Sindh Board released date sheet via official website,real
get free laptop instantly no merit needed click unknown link,fake
receive cash reward 100% guaranteed join whatsapp group,fake
earn 5000 rupees daily no merit needed pay registration fee,fake
HEC Pakistan issued official circular for all districts of Pakistan,real
FBISE opened admission portal under government policy,real
get scholarship without merit no merit needed click unknown link,fake
Sindh Board approved scholarship program for academic session 2025,real
get free laptop instantly no merit needed click unknown link,fake
get scholarship without merit without verification register via telegram,fake
FBISE announced exam schedule for intermediate students,real
HEC Pakistan issued official circular under government policy,real
free admission guaranteed instant approval pay registration fee,fake
get job without exam no test required join whatsapp group,fake
FBISE approved scholarship program under government policy,real
Sindh Board started registration process for all districts of Pakistan,real
Punjab Board started registration process for university admissions,real
receive cash reward 100% guaranteed click unknown link,fake
FBISE started registration process via official website,real
earn 5000 rupees daily no test required pay registration fee,fake
receive cash reward no test required contact agent on whatsapp,fake
get free laptop instantly instant approval contact agent on whatsapp,fake
get free laptop instantly no merit needed join whatsapp group,fake
receive cash reward no merit needed join whatsapp group,fake
get free laptop instantly no test required pay registration fee,fake
FBISE started registration process for all districts of Pakistan,real
earn 5000 rupees daily without verification contact agent on whatsapp,fake
receive cash reward no test required join whatsapp group,fake
get scholarship without merit instant approval join whatsapp group,fake
FBISE released result notification via official website,real
FBISE updated curriculum under government policy,real
HEC Pakistan opened admission portal for university admissions,real
get job without exam without verification join whatsapp group,fake
Punjab Board published merit list under government policy,real
HEC Pakistan approved scholarship program for all districts of Pakistan,real
Ministry of Education Pakistan approved scholarship program via official website,real
receive cash reward 100% guaranteed pay registration fee,fake
Sindh Board opened admission portal for university admissions,real
earn 5000 rupees daily no test required pay registration fee,fake
get job without exam 100% guaranteed pay registration fee,fake
FBISE announced exam schedule under government policy,real
FBISE issued official circular for all districts of Pakistan,real
University of Punjab approved scholarship program for university admissions,real
Ministry of Education Pakistan updated curriculum for university admissions,real
FBISE issued official circular via official website,real
free admission guaranteed without verification pay registration fee,fake
HEC Pakistan started registration process via official website,real
Punjab Board published merit list for academic session 2025,real
University of Punjab released result notification for academic session 2025,real
get scholarship without merit 100% guaranteed contact agent on whatsapp,fake
FBISE published merit list under government policy,real
FBISE started registration process for all districts of Pakistan,real
receive cash reward no test required contact agent on whatsapp,fake
get free laptop instantly 100% guaranteed click unknown link,fake
FBISE released date sheet via official website,real
University of Punjab released result notification for academic session 2025,real
FBISE declared exam dates for academic session 2025,real
free admission guaranteed no merit needed register via telegram,fake
free admission guaranteed no test required pay registration fee,fake
University of Punjab released date sheet under government policy,real
Punjab Board announced exam schedule under government policy,real
get job without exam instant approval click unknown link,fake
get scholarship without merit no test required contact agent on whatsapp,fake
get scholarship without merit without verification join whatsapp group,fake
get scholarship without merit no merit needed contact agent on whatsapp,fake
Punjab Board started registration process for intermediate students,real
HEC Pakistan published merit list for all districts of Pakistan,real
FBISE issued official circular under government policy,real
FBISE approved scholarship program under government policy,real
get job without exam no test required contact agent on whatsapp,fake
get job without exam without verification register via telegram,fake
free admission guaranteed instant approval click unknown link,fake
KPK Education Department issued official circular under government policy,real
Ministry of Education Pakistan announced exam schedule via official website,real
Sindh Board released result notification for university admissions,real
KPK Education Department released date sheet under government policy,real
get job without exam 100% guaranteed click unknown link,fake
HEC Pakistan released result notification for intermediate students,real
receive cash reward no merit needed contact agent on whatsapp,fake
KPK Education Department declared exam dates for intermediate students,real
FBISE started registration process under government policy,real
get job without exam instant approval join whatsapp group,fake
Punjab Board declared exam dates under government policy,real
get free laptop instantly no merit needed join whatsapp group,fake
receive cash reward no merit needed register via telegram,fake
free admission guaranteed 100% guaranteed pay registration fee,fake
Sindh Board declared exam dates for academic session 2025,real
get job without exam no merit needed pay registration fee,fake
receive cash reward no test required register via telegram,fake
Ministry of Education Pakistan approved scholarship program under government policy,real
Punjab Board opened admission portal for intermediate students,real
free admission guaranteed no merit needed send money on easypaisa,fake
University of Punjab published merit list for intermediate students,real
get free laptop instantly 100% guaranteed send money on easypaisa,fake
free admission guaranteed no test required join whatsapp group,fake
get scholarship without merit no merit needed join whatsapp group,fake
get job without exam without verification send money on easypaisa,fake
earn 5000 rupees daily 100% guaranteed click unknown link,fake
get scholarship without merit no test required pay registration fee,fake
FBISE started registration process for university admissions,real
get scholarship without merit instant approval click unknown link,fake
get free laptop instantly no test required send money on easypaisa,fake
free admission guaranteed without verification click unknown link,fake
get job without exam without verification click unknown link,fake
Ministry of Education Pakistan approved scholarship program for academic session 2025,real
HEC Pakistan declared exam dates via official website,real
Ministry of Education Pakistan announced exam schedule under government policy,real
free admission guaranteed instant approval contact agent on whatsapp,fake
get scholarship without merit 100% guaranteed click unknown link,fake
University of Punjab updated curriculum via official website,real
FBISE announced exam schedule via official website,real
get free laptop instantly instant approval register via telegram,fake
receive cash reward without verification click unknown link,fake
get scholarship without merit without verification register via telegram,fake
Sindh Board approved scholarship program for academic session 2025,real
Ministry of Education Pakistan released result notification for all districts of Pakistan,real
free admission guaranteed without verification pay registration fee,fake
Sindh Board opened admission portal for university admissions,real
free admission guaranteed instant approval contact agent on whatsapp,fake
earn 5000 rupees daily without verification contact agent on whatsapp,fake
KPK Education Department published merit list for university admissions,real
get job without exam instant approval click unknown link,fake
free admission guaranteed no merit needed join whatsapp group,fake
HEC Pakistan issued official circular for all districts of Pakistan,real
get free laptop instantly without verification join whatsapp group,fake
KPK Education Department published merit list for academic session 2025,real
FBISE announced exam schedule for all districts of Pakistan,real
Punjab Board started registration process for academic session 2025,real
Punjab Board announced exam schedule for university admissions,real
free admission guaranteed instant approval join whatsapp group,fake
HEC Pakistan opened admission portal for university admissions,real
get scholarship without merit without verification join whatsapp group,fake
KPK Education Department issued official circular for all districts of Pakistan,real
get job without exam without verification join whatsapp group,fake
get scholarship without merit instant approval pay registration fee,fake
get free laptop instantly 100% guaranteed send money on easypaisa,fake
receive cash reward instant approval pay registration fee,fake
free admission guaranteed instant approval send money on easypaisa,fake
Ministry of Education Pakistan announced exam schedule via official website,real
free admission guaranteed instant approval send money on easypaisa,fake
KPK Education Department issued official circular for all districts of Pakistan,real
Ministry of Education Pakistan updated curriculum under government policy,real
earn 5000 rupees daily instant approval contact agent on whatsapp,fake
Sindh Board started registration process under government policy,real
HEC Pakistan announced exam schedule under government policy,real
free admission guaranteed no merit needed contact agent on whatsapp,fake
get scholarship without merit 100% guaranteed contact agent on whatsapp,fake
University of Punjab approved scholarship program under government policy,real
Punjab Board released result notification for academic session 2025,real
get scholarship without merit 100% guaranteed pay registration fee,fake
get scholarship without merit no merit needed contact agent on whatsapp,fake
Ministry of Education Pakistan approved scholarship program under government policy,real
get job without exam without verification send money on easypaisa,fake
get scholarship without merit 100% guaranteed send money on easypaisa,fake
get job without exam no merit needed pay registration fee,fake
Ministry of Education Pakistan released result notification under government policy,real
Punjab Board updated curriculum for academic session 2025,real
HEC Pakistan started registration process via official website,real
get scholarship without merit instant approval send money on easypaisa,fake
University of Punjab opened admission portal for academic session 2025,real
receive cash reward no merit needed pay registration fee,fake
FBISE announced exam schedule for intermediate students,real
earn 5000 rupees daily no merit needed send money on easypaisa,fake
earn 5000 rupees daily no merit needed pay registration fee,fake
Ministry of Education Pakistan published merit list for university admissions,real
Sindh Board released date sheet via official website,real
Punjab Board started registration process for academic session 2025,real
get job without exam instant approval register via telegram,fake
Ministry of Education Pakistan issued official circular for academic session 2025,real
get job without exam 100% guaranteed register via telegram,fake
University of Punjab released result notification for academic session 2025,real
HEC Pakistan declared exam dates for intermediate students,real
get scholarship without merit instant approval join whatsapp group,fake
Punjab Board started registration process under government policy,real
get scholarship without merit without verification register via telegram,fake
Punjab Board approved scholarship program for university admissions,real
University of Punjab approved scholarship program for university admissions,real
free admission guaranteed without verification register via telegram,fake
earn 5000 rupees daily no merit needed contact agent on whatsapp,fake
Punjab Board declared exam dates for intermediate students,real
get free laptop instantly without verification register via telegram,fake
get scholarship without merit instant approval send money on easypaisa,fake
earn 5000 rupees daily without verification join whatsapp group,fake
HEC Pakistan started registration process under government policy,real
Punjab Board issued official circular for all districts of Pakistan,real
receive cash reward without verification contact agent on whatsapp,fake
earn 5000 rupees daily 100% guaranteed click unknown link,fake
FBISE opened admission portal for university admissions,real
HEC Pakistan released date sheet for academic session 2025,real
Sindh Board published merit list for all districts of Pakistan,real
get free laptop instantly without verification click unknown link,fake
HEC Pakistan issued official circular under government policy,real
University of Punjab published merit list under government policy,real
Ministry of Education Pakistan announced exam schedule under government policy,real
receive cash reward no test required register via telegram,fake
HEC Pakistan announced exam schedule for intermediate students,real
Ministry of Education Pakistan announced exam schedule under government policy,real
Punjab Board published merit list for academic session 2025,real
HEC Pakistan released date sheet under government policy,real
get job without exam no test required register via telegram,fake
get scholarship without merit no test required click unknown link,fake
Sindh Board announced exam schedule for academic session 2025,real
Sindh Board released date sheet under government policy,real
get scholarship without merit no merit needed contact agent on whatsapp,fake
University of Punjab updated curriculum for intermediate students,real
get job without exam 100% guaranteed contact agent on whatsapp,fake
get free laptop instantly no merit needed click unknown link,fake
receive cash reward no merit needed send money on easypaisa,fake
Sindh Board released result notification for university admissions,real
FBISE released date sheet for intermediate students,real
University of Punjab declared exam dates via official website,real
Ministry of Education Pakistan opened admission portal via official website,real
get scholarship without merit 100% guaranteed pay registration fee,fake
earn 5000 rupees daily no test required contact agent on whatsapp,fake
get job without exam without verification join whatsapp group,fake
Sindh Board issued official circular for academic session 2025,real
get job without exam 100% guaranteed join whatsapp group,fake
get free laptop instantly no merit needed click unknown link,fake
get free laptop instantly 100% guaranteed join whatsapp group,fake
Sindh Board opened admission portal for all districts of Pakistan,real
KPK Education Department released date sheet for university admissions,real
get free laptop instantly no test required register via telegram,fake
get job without exam without verification register via telegram,fake
Sindh Board announced exam schedule under government policy,real
get scholarship without merit no test required pay registration fee,fake
get job without exam no merit needed send money on easypaisa,fake
get job without exam no test required click unknown link,fake
get free laptop instantly instant approval register via telegram,fake
FBISE announced exam schedule for intermediate students,real
receive cash reward 100% guaranteed contact agent on whatsapp,fake
get free laptop instantly instant approval pay registration fee,fake
receive cash reward no merit needed contact agent on whatsapp,fake
University of Punjab updated curriculum via official website,real
KPK Education Department issued official circular for all districts of Pakistan,real
receive cash reward instant approval click unknown link,fake
Sindh Board updated curriculum for academic session 2025,real
get free laptop instantly without verification contact agent on whatsapp,fake
Ministry of Education Pakistan opened admission portal under government policy,real
get free laptop instantly no merit needed register via telegram,fake
University of Punjab started registration process for academic session 2025,real
get scholarship without merit instant approval register via telegram,fake
University of Punjab opened admission portal via official website,real
Ministry of Education Pakistan opened admission portal for academic session 2025,real
Ministry of Education Pakistan started registration process for intermediate students,real
KPK Education Department published merit list under government policy,real
receive cash reward 100% guaranteed send money on easypaisa,fake
University of Punjab approved scholarship program for academic session 2025,real
get job without exam no merit needed contact agent on whatsapp,fake
free admission guaranteed without verification register via telegram,fake
free admission guaranteed without verification click unknown link,fake
get job without exam no test required click unknown link,fake
FBISE updated curriculum for all districts of Pakistan,real
earn 5000 rupees daily instant approval pay registration fee,fake
University of Punjab released date sheet for university admissions,real
Punjab Board issued official circular for intermediate students,real
KPK Education Department approved scholarship program under government policy,real
University of Punjab announced exam schedule for all districts of Pakistan,real
get free laptop instantly instant approval send money on easypaisa,fake
University of Punjab released date sheet for intermediate students,real
earn 5000 rupees daily no merit needed register via telegram,fake
HEC Pakistan released date sheet under government policy,real
get scholarship without merit without verification click unknown link,fake
Ministry of Education Pakistan released date sheet for academic session 2025,real
Ministry of Education Pakistan opened admission portal under government policy,real
get free laptop instantly instant approval click unknown link,fake
University of Punjab opened admission portal for academic session 2025,real
Ministry of Education Pakistan approved scholarship program via official website,real
HEC Pakistan announced exam schedule for intermediate students,real
KPK Education Department approved scholarship program for academic session 2025,real
KPK Education Department published merit list via official website,real
University of Punjab updated curriculum via official website,real
free admission guaranteed without verification contact agent on whatsapp,fake
Punjab Board declared exam dates for intermediate students,real
Punjab Board approved scholarship program for university admissions,real
Ministry of Education Pakistan updated curriculum for all districts of Pakistan,real
KPK Education Department issued official circular for intermediate students,real
get free laptop instantly no test required register via telegram,fake
earn 5000 rupees daily without verification pay registration fee,fake
Ministry of Education Pakistan published merit list under government policy,real
KPK Education Department published merit list for university admissions,real
earn 5000 rupees daily no merit needed register via telegram,fake
Punjab Board updated curriculum for all districts of Pakistan,real
KPK Education Department opened admission portal for academic session 2025,real
Punjab Board released result notification under government policy,real
KPK Education Department declared exam dates for academic session 2025,real
get job without exam without verification contact agent on whatsapp,fake
receive cash reward no test required pay registration fee,fake
receive cash reward instant approval register via telegram,fake
Sindh Board released result notification for academic session 2025,real
receive cash reward 100% guaranteed send money on easypaisa,fake
Ministry of Education Pakistan started registration process via official website,real
get job without exam no test required join whatsapp group,fake
HEC Pakistan opened admission portal for all districts of Pakistan,real
HEC Pakistan issued official circular under government policy,real
earn 5000 rupees daily instant approval click unknown link,fake
HEC Pakistan announced exam schedule for academic session 2025,real
get free laptop instantly no test required join whatsapp group,fake
get free laptop instantly no merit needed pay registration fee,fake
Ministry of Education Pakistan issued official circular for university admissions,real
get job without exam no test required register via telegram,fake
get job without exam without verification click unknown link,fake
HEC Pakistan released date sheet for intermediate students,real
University of Punjab published merit list under government policy,real
KPK Education Department declared exam dates for university admissions,real
receive cash reward no test required contact agent on whatsapp,fake
get job without exam instant approval send money on easypaisa,fake
Punjab Board released result notification under government policy,real
University of Punjab announced exam schedule for university admissions,real
FBISE published merit list under government policy,real
KPK Education Department released result notification under government policy,real
University of Punjab announced exam schedule for intermediate students,real
FBISE updated curriculum for academic session 2025,real
get job without exam no merit needed pay registration fee,fake
earn 5000 rupees daily instant approval register via telegram,fake
receive cash reward instant approval click unknown link,fake
Punjab Board started registration process for university admissions,real
earn 5000 rupees daily without verification register via telegram,fake
FBISE declared exam dates for academic session 2025,real
earn 5000 rupees daily no merit needed register via telegram,fake
Punjab Board opened admission portal for intermediate students,real
earn 5000 rupees daily no test required click unknown link,fake
receive cash reward without verification pay registration fee,fake
free admission guaranteed no test required send money on easypaisa,fake
Ministry of Education Pakistan released result notification for all districts of Pakistan,real
free admission guaranteed instant approval pay registration fee,fake
get job without exam no merit needed join whatsapp group,fake
Punjab Board announced exam schedule for academic session 2025,real
KPK Education Department announced exam schedule for intermediate students,real
Sindh Board approved scholarship program under government policy,real
University of Punjab opened admission portal for academic session 2025,real
earn 5000 rupees daily 100% guaranteed pay registration fee,fake
free admission guaranteed no test required click unknown link,fake
get scholarship without merit no merit needed send money on easypaisa,fake
Sindh Board published merit list for all districts of Pakistan,real
HEC Pakistan released result notification for university admissions,real
get job without exam no merit needed pay registration fee,fake
earn 5000 rupees daily instant approval pay registration fee,fake
receive cash reward instant approval join whatsapp group,fake
free admission guaranteed 100% guaranteed join whatsapp group,fake
Sindh Board declared exam dates via official website,real
KPK Education Department approved scholarship program for academic session 2025,real
get scholarship without merit 100% guaranteed register via telegram,fake
receive cash reward no test required register via telegram,fake
free admission guaranteed instant approval register via telegram,fake
FBISE approved scholarship program for all districts of Pakistan,real
get job without exam no test required click unknown link,fake
get job without exam 100% guaranteed click unknown link,fake
KPK Education Department declared exam dates via official website,real
get scholarship without merit without verification contact agent on whatsapp,fake
Ministry of Education Pakistan declared exam dates for intermediate students,real
earn 5000 rupees daily no test required pay registration fee,fake
Ministry of Education Pakistan updated curriculum for all districts of Pakistan,real
Sindh Board released result notification for all districts of Pakistan,real
Punjab Board announced exam schedule for all districts of Pakistan,real
Punjab Board issued official circular for academic session 2025,real
HEC Pakistan announced exam schedule under government policy,real
FBISE declared exam dates via official website,real
Sindh Board issued official circular under government policy,real
Punjab Board opened admission portal via official website,real
get job without exam no test required register via telegram,fake
HEC Pakistan published merit list for university admissions,real
FBISE approved scholarship program for all districts of Pakistan,real
University of Punjab opened admission portal via official website,real
HEC Pakistan released date sheet for intermediate students,real
HEC Pakistan approved scholarship program for intermediate students,real
University of Punjab released result notification via official website,real
HEC Pakistan released date sheet for intermediate students,real
Sindh Board released result notification under government policy,real
get free laptop instantly instant approval pay registration fee,fake
FBISE announced exam schedule for university admissions,real
get free laptop instantly no test required pay registration fee,fake
FBISE announced exam schedule via official website,real
KPK Education Department published merit list for academic session 2025,real
get free laptop instantly 100% guaranteed contact agent on whatsapp,fake
FBISE published merit list via official website,real
HEC Pakistan started registration process via official website,real
get scholarship without merit instant approval click unknown link,fake
FBISE issued official circular for university admissions,real
KPK Education Department opened admission portal for university admissions,real
KPK Education Department approved scholarship program for intermediate students,real
get scholarship without merit no test required join whatsapp group,fake
HEC Pakistan released result notification under government policy,real
KPK Education Department started registration process for intermediate students,real
FBISE updated curriculum for intermediate students,real
get scholarship without merit no merit needed join whatsapp group,fake
free admission guaranteed 100% guaranteed register via telegram,fake
get job without exam 100% guaranteed register via telegram,fake
get free laptop instantly no merit needed contact agent on whatsapp,fake
University of Punjab released result notification for university admissions,real
get job without exam 100% guaranteed join whatsapp group,fake
free admission guaranteed no test required contact agent on whatsapp,fake
HEC Pakistan released date sheet via official website,real
HEC Pakistan published merit list for university admissions,real
Punjab Board approved scholarship program under government policy,real
get job without exam no merit needed join whatsapp group,fake
get job without exam instant approval pay registration fee,fake
free admission guaranteed no merit needed contact agent on whatsapp,fake
earn 5000 rupees daily without verification pay registration fee,fake
University of Punjab approved scholarship program for all districts of Pakistan,real
FBISE announced exam schedule under government policy,real
get scholarship without merit no merit needed contact agent on whatsapp,fake
HEC Pakistan released result notification for intermediate students,real
FBISE opened admission portal via official website,real
get scholarship without merit no merit needed pay registration fee,fake
receive cash reward no merit needed pay registration fee,fake
Punjab Board announced exam schedule for academic session 2025,real
Punjab Board updated curriculum under government policy,real
University of Punjab approved scholarship program for intermediate students,real
KPK Education Department published merit list for university admissions,real
get scholarship without merit instant approval send money on easypaisa,fake
FBISE opened admission portal for all districts of Pakistan,real
University of Punjab published merit list for academic session 2025,real
KPK Education Department started registration process for all districts of Pakistan,real
receive cash reward no merit needed send money on easypaisa,fake
Ministry of Education Pakistan released date sheet for academic session 2025,real
get scholarship without merit no merit needed register via telegram,fake
get free laptop instantly instant approval register via telegram,fake
HEC Pakistan approved scholarship program for academic session 2025,real
Sindh Board updated curriculum for all districts of Pakistan,real
Punjab Board released result notification for intermediate students,real
HEC Pakistan declared exam dates for university admissions,real
FBISE released result notification under government policy,real
Punjab Board announced exam schedule via official website,real
Ministry of Education Pakistan issued official circular for academic session 2025,real
Ministry of Education Pakistan updated curriculum for academic session 2025,real
Sindh Board updated curriculum via official website,real
get job without exam no merit needed pay registration fee,fake
HEC Pakistan updated curriculum for all districts of Pakistan,real
get scholarship without merit 100% guaranteed register via telegram,fake
get job without exam no merit needed join whatsapp group,fake
free admission guaranteed without verification send money on easypaisa,fake
free admission guaranteed no merit needed click unknown link,fake
free admission guaranteed no merit needed contact agent on whatsapp,fake
Punjab Board released result notification under government policy,real
FBISE published merit list under government policy,real
receive cash reward no test required click unknown link,fake
free admission guaranteed 100% guaranteed send money on easypaisa,fake
KPK Education Department announced exam schedule for academic session 2025,real
free admission guaranteed 100% guaranteed contact agent on whatsapp,fake
get job without exam no test required contact agent on whatsapp,fake
receive cash reward without verification join whatsapp group,fake
University of Punjab released result notification for university admissions,real
FBISE updated curriculum for university admissions,real
get scholarship without merit no merit needed join whatsapp group,fake
Sindh Board updated curriculum for intermediate students,real
receive cash reward without verification register via telegram,fake
get job without exam without verification send money on easypaisa,fake
free admission guaranteed instant approval send money on easypaisa,fake
get job without exam no merit needed join whatsapp group,fake
Ministry of Education Pakistan declared exam dates via official website,real
receive cash reward no merit needed send money on easypaisa,fake
receive cash reward instant approval pay registration fee,fake
Punjab Board updated curriculum under government policy,real
Ministry of Education Pakistan released result notification via official website,real
Punjab Board released result notification for academic session 2025,real
HEC Pakistan updated curriculum via official website,real
receive cash reward 100% guaranteed contact agent on whatsapp,fake
KPK Education Department updated curriculum via official website,real
Ministry of Education Pakistan updated curriculum via official website,real
Punjab Board opened admission portal for intermediate students,real
HEC Pakistan opened admission portal for university admissions,real
receive cash reward no merit needed contact agent on whatsapp,fake
receive cash reward no merit needed register via telegram,fake
get free laptop instantly 100% guaranteed contact agent on whatsapp,fake
get scholarship without merit instant approval send money on easypaisa,fake
free admission guaranteed without verification join whatsapp group,fake
FBISE declared exam dates for intermediate students,real
University of Punjab opened admission portal for all districts of Pakistan,real
University of Punjab updated curriculum under government policy,real
receive cash reward no merit needed join whatsapp group,fake
receive cash reward no merit needed contact agent on whatsapp,fake
KPK Education Department published merit list for intermediate students,real
Sindh Board declared exam dates for academic session 2025,real
get free laptop instantly no test required pay registration fee,fake
Punjab Board released result notification under government policy,real
free admission guaranteed instant approval click unknown link,fake
receive cash reward no merit needed join whatsapp group,fake
get free laptop instantly no test required contact agent on whatsapp,fake
receive cash reward without verification join whatsapp group,fake
Sindh Board announced exam schedule via official website,real
University of Punjab issued official circular for academic session 2025,real
Punjab Board announced exam schedule for all districts of Pakistan,real
get scholarship without merit instant approval pay registration fee,fake
get job without exam 100% guaranteed click unknown link,fake
get free laptop instantly instant approval join whatsapp group,fake
University of Punjab released result notification for university admissions,real
Sindh Board started registration process for university admissions,real
get scholarship without merit no merit needed send money on easypaisa,fake
free admission guaranteed without verification join whatsapp group,fake
get free laptop instantly no test required join whatsapp group,fake
Sindh Board started registration process for academic session 2025,real
Sindh Board opened admission portal under government policy,real
University of Punjab updated curriculum under government policy,real
University of Punjab started registration process for all districts of Pakistan,real
get free laptop instantly 100% guaranteed pay registration fee,fake
get free laptop instantly no merit needed send money on easypaisa,fake
University of Punjab approved scholarship program via official website,real
earn 5000 rupees daily 100% guaranteed click unknown link,fake
Ministry of Education Pakistan started registration process for all districts of Pakistan,real
get free laptop instantly instant approval register via telegram,fake
get scholarship without merit without verification click unknown link,fake
receive cash reward without verification click unknown link,fake
FBISE published merit list for academic session 2025,real
get scholarship without merit 100% guaranteed send money on easypaisa,fake
get scholarship without merit 100% guaranteed join whatsapp group,fake
Punjab Board announced exam schedule for all districts of Pakistan,real
receive cash reward without verification contact agent on whatsapp,fake
get free laptop instantly 100% guaranteed click unknown link,fake
HEC Pakistan started registration process for intermediate students,real
Ministry of Education Pakistan updated curriculum for all districts of Pakistan,real
KPK Education Department updated curriculum for all districts of Pakistan,real
get job without exam no merit needed join whatsapp group,fake
receive cash reward no test required register via telegram,fake
Punjab Board announced exam schedule for all districts of Pakistan,real
HEC Pakistan announced exam schedule for academic session 2025,real
Ministry of Education Pakistan declared exam dates via official website,real
Ministry of Education Pakistan updated curriculum for all districts of Pakistan,real
Sindh Board released result notification via official website,real
get scholarship without merit instant approval pay registration fee,fake
University of Punjab released result notification for university admissions,real
HEC Pakistan released date sheet via official website,real
KPK Education Department declared exam dates for academic session 2025,real
free admission guaranteed without verification register via telegram,fake
Ministry of Education Pakistan declared exam dates for all districts of Pakistan,real
free admission guaranteed no merit needed register via telegram,fake
earn 5000 rupees daily without verification join whatsapp group,fake
FBISE released date sheet for intermediate students,real
HEC Pakistan released result notification for all districts of Pakistan,real
get scholarship without merit instant approval click unknown link,fake
University of Punjab released result notification under government policy,real
Punjab Board announced exam schedule for academic session 2025,real
Punjab Board updated curriculum for academic session 2025,real
Ministry of Education Pakistan announced exam schedule for intermediate students,real
KPK Education Department approved scholarship program for all districts of Pakistan,real
Ministry of Education Pakistan updated curriculum for intermediate students,real
get scholarship without merit no test required click unknown link,fake
free admission guaranteed without verification join whatsapp group,fake
free admission guaranteed 100% guaranteed click unknown link,fake
free admission guaranteed 100% guaranteed contact agent on whatsapp,fake
University of Punjab announced exam schedule via official website,real
earn 5000 rupees daily no merit needed send money on easypaisa,fake
receive cash reward no test required join whatsapp group,fake
FBISE announced exam schedule under government policy,real
KPK Education Department issued official circular under government policy,real
FBISE approved scholarship program via official website,real
HEC Pakistan published merit list under government policy,real
earn 5000 rupees daily without verification register via telegram,fake
Ministry of Education Pakistan issued official circular for intermediate students,real
Ministry of Education Pakistan released result notification via official website,real
get job without exam without verification send money on easypaisa,fake
earn 5000 rupees daily without verification pay registration fee,fake
get job without exam no test required join whatsapp group,fake
Ministry of Education Pakistan opened admission portal for all districts of Pakistan,real
earn 5000 rupees daily instant approval register via telegram,fake
receive cash reward no merit needed click unknown link,fake
get job without exam 100% guaranteed send money on easypaisa,fake
Punjab Board released date sheet under government policy,real
Ministry of Education Pakistan released result notification for university admissions,real
get scholarship without merit no merit needed click unknown link,fake
University of Punjab published merit list for academic session 2025,real
Sindh Board approved scholarship program for all districts of Pakistan,real
University of Punjab published merit list under government policy,real
HEC Pakistan released result notification for intermediate students,real
HEC Pakistan issued official circular via official website,real
earn 5000 rupees daily instant approval click unknown link,fake
Ministry of Education Pakistan updated curriculum for intermediate students,real
get free laptop instantly no test required register via telegram,fake
FBISE issued official circular for all districts of Pakistan,real
Sindh Board opened admission portal under government policy,real
Ministry of Education Pakistan published merit list for university admissions,real
Sindh Board released date sheet for academic session 2025,real
earn 5000 rupees daily without verification contact agent on whatsapp,fake
get scholarship without merit without verification click unknown link,fake
free admission guaranteed without verification pay registration fee,fake
earn 5000 rupees daily 100% guaranteed contact agent on whatsapp,fake
Ministry of Education Pakistan published merit list under government policy,real
receive cash reward no test required register via telegram,fake
receive cash reward no merit needed click unknown link,fake
Punjab Board released date sheet for university admissions,real
KPK Education Department opened admission portal for all districts of Pakistan,real
HEC Pakistan announced exam schedule for academic session 2025,real
get job without exam no merit needed send money on easypaisa,fake
get free laptop instantly without verification contact agent on whatsapp,fake
get scholarship without merit no test required contact agent on whatsapp,fake
get job without exam 100% guaranteed register via telegram,fake
get scholarship without merit instant approval join whatsapp group,fake
get free laptop instantly no merit needed send money on easypaisa,fake
Ministry of Education Pakistan updated curriculum for university admissions,real
Punjab Board updated curriculum under government policy,real
Sindh Board released result notification via official website,real
free admission guaranteed instant approval send money on easypaisa,fake
get scholarship without merit no test required click unknown link,fake
get job without exam no test required pay registration fee,fake
get scholarship without merit no merit needed join whatsapp group,fake
get scholarship without merit no merit needed click unknown link,fake
Punjab Board issued official circular under government policy,real
receive cash reward no merit needed register via telegram,fake
get scholarship without merit no test required click unknown link,fake
get scholarship without merit instant approval send money on easypaisa,fake
get job without exam without verification click unknown link,fake
get scholarship without merit instant approval click unknown link,fake
FBISE approved scholarship program for academic session 2025,real
free admission guaranteed 100% guaranteed register via telegram,fake
earn 5000 rupees daily 100% guaranteed contact agent on whatsapp,fake
get free laptop instantly instant approval pay registration fee,fake
FBISE announced exam schedule under government policy,real
get free laptop instantly no test required send money on easypaisa,fake
get free laptop instantly without verification click unknown link,fake
FBISE published merit list under government policy,real
University of Punjab published merit list for academic session 2025,real
HEC Pakistan released result notification for academic session 2025,real
get job without exam without verification contact agent on whatsapp,fake
get scholarship without merit 100% guaranteed contact agent on whatsapp,fake
get scholarship without merit without verification click unknown link,fake
HEC Pakistan approved scholarship program for all districts of Pakistan,real
get free laptop instantly 100% guaranteed pay registration fee,fake
get free laptop instantly 100% guaranteed click unknown link,fake
free admission guaranteed 100% guaranteed contact agent on whatsapp,fake
free admission guaranteed without verification join whatsapp group,fake
HEC Pakistan declared exam dates under government policy,real
free admission guaranteed instant approval click unknown link,fake
University of Punjab released date sheet for academic session 2025,real
University of Punjab started registration process for academic session 2025,real
FBISE released date sheet under government policy,real
get free laptop instantly no merit needed contact agent on whatsapp,fake
Sindh Board issued official circular for all districts of Pakistan,real
get job without exam instant approval join whatsapp group,fake
HEC Pakistan issued official circular for academic session 2025,real
get job without exam no test required pay registration fee,fake
earn 5000 rupees daily without verification send money on easypaisa,fake
FBISE declared exam dates for academic session 2025,real
Ministry of Education Pakistan declared exam dates under government policy,real
receive cash reward 100% guaranteed pay registration fee,fake
earn 5000 rupees daily without verification join whatsapp group,fake
Sindh Board started registration process for academic session 2025,real
FBISE declared exam dates via official website,real
Ministry of Education Pakistan published merit list for academic session 2025,real
get scholarship without merit no merit needed send money on easypaisa,fake
free admission guaranteed instant approval register via telegram,fake
HEC Pakistan issued official circular for academic session 2025,real
get job without exam no test required contact agent on whatsapp,fake
earn 5000 rupees daily no test required register via telegram,fake
Ministry of Education Pakistan updated curriculum under government policy,real
free admission guaranteed no merit needed register via telegram,fake
earn 5000 rupees daily 100% guaranteed send money on easypaisa,fake
get free laptop instantly no test required send money on easypaisa,fake
FBISE released date sheet for academic session 2025,real
get job without exam without verification send money on easypaisa,fake
KPK Education Department started registration process for all districts of Pakistan,real
HEC Pakistan updated curriculum via official website,real
receive cash reward 100% guaranteed send money on easypaisa,fake
receive cash reward no test required pay registration fee,fake
get free laptop instantly no merit needed pay registration fee,fake
Sindh Board issued official circular under government policy,real
get job without exam no test required click unknown link,fake
get scholarship without merit 100% guaranteed send money on easypaisa,fake
HEC Pakistan opened admission portal for all districts of Pakistan,real
receive cash reward 100% guaranteed join whatsapp group,fake
HEC Pakistan updated curriculum via official website,real
receive cash reward 100% guaranteed click unknown link,fake
get free laptop instantly no test required contact agent on whatsapp,fake
receive cash reward without verification contact agent on whatsapp,fake
get free laptop instantly without verification pay registration fee,fake
Sindh Board declared exam dates for intermediate students,real
Ministry of Education Pakistan updated curriculum for academic session 2025,real
get job without exam no merit needed click unknown link,fake
earn 5000 rupees daily instant approval send money on easypaisa,fake
HEC Pakistan opened admission portal for all districts of Pakistan,real
earn 5000 rupees daily 100% guaranteed send money on easypaisa,fake
earn 5000 rupees daily without verification pay registration fee,fake
get free laptop instantly no test required contact agent on whatsapp,fake
get job without exam instant approval join whatsapp group,fake
free admission guaranteed without verification join whatsapp group,fake
receive cash reward without verification join whatsapp group,fake
University of Punjab started registration process for university admissions,real
Sindh Board published merit list for university admissions,real
get free laptop instantly without verification contact agent on whatsapp,fake
University of Punjab released result notification for all districts of Pakistan,real
get job without exam without verification contact agent on whatsapp,fake
Punjab Board issued official circular for all districts of Pakistan,real
get scholarship without merit without verification send money on easypaisa,fake
get scholarship without merit no test required click unknown link,fake
Punjab Board issued official circular via official website,real
earn 5000 rupees daily no test required pay registration fee,fake
Sindh Board published merit list for university admissions,real
Sindh Board released date sheet for intermediate students,real
earn 5000 rupees daily 100% guaranteed join whatsapp group,fake
get job without exam no merit needed pay registration fee,fake
Ministry of Education Pakistan approved scholarship program for intermediate students,real
HEC Pakistan released result notification for all districts of Pakistan,real
Sindh Board published merit list under government policy,real
get scholarship without merit 100% guaranteed join whatsapp group,fake
receive cash reward no merit needed pay registration fee,fake
HEC Pakistan started registration process for university admissions,real
University of Punjab started registration process for all districts of Pakistan,real
Punjab Board opened admission portal for academic session 2025,real
FBISE updated curriculum for intermediate students,real
earn 5000 rupees daily no merit needed send money on easypaisa,fake
earn 5000 rupees daily without verification send money on easypaisa,fake
receive cash reward no test required contact agent on whatsapp,fake
receive cash reward 100% guaranteed contact agent on whatsapp,fake
receive cash reward no merit needed join whatsapp group,fake
earn 5000 rupees daily no merit needed click unknown link,fake
get scholarship without merit 100% guaranteed contact agent on whatsapp,fake
KPK Education Department published merit list for academic session 2025,real
FBISE declared exam dates under government policy,real
Ministry of Education Pakistan published merit list for all districts of Pakistan,real
get scholarship without merit no merit needed send money on easypaisa,fake
Punjab Board published merit list via official website,real
get job without exam no merit needed join whatsapp group,fake
get free laptop instantly 100% guaranteed join whatsapp group,fake
Punjab Board released date sheet for university admissions,real
HEC Pakistan published merit list for intermediate students,real
Sindh Board released date sheet under government policy,real
HEC Pakistan opened admission portal for all districts of Pakistan,real
earn 5000 rupees daily without verification click unknown link,fake
HEC Pakistan released result notification for intermediate students,real
get job without exam no test required click unknown link,fake
receive cash reward no test required send money on easypaisa,fake
